Missing keys: []
----------------------------------------Epoch: 1----------------------------------------
/home/xintong/miniconda3/envs/gradtts/lib/python3.10/site-packages/torch/functional.py:632: UserWarning: stft will soon require the return_complex parameter be given for real inputs, and will further require that return_complex=True in a future PyTorch release. (Triggered internally at ../aten/src/ATen/native/SpectralOps.cpp:801.)
  return _VF.stft(input, n_fft, hop_length, win_length, window,  # type: ignore[attr-defined]
(4331143168, 23710007296)
Train Epoch: 1 [0/33236 (0%)], loss_enc: 0.2706155478954315, loss 5.721799850463867, loss_qv_penalty: 0.0, loss_qv_quant: 0.2679387032985687, loss_f0: 15.809534072875977, loss_uv: 2.6610307693481445
(4287102976, 23710007296)
Train Epoch: 1 [500/33236 (2%)], loss_enc: 0.01621379889547825, loss 6.624207973480225, loss_qv_penalty: 0.0, loss_qv_quant: 0.013487264513969421, loss_f0: 15.700082778930664, loss_uv: 2.710834503173828
(4287102976, 23710007296)
Train Epoch: 1 [1000/33236 (3%)], loss_enc: 0.006504931952804327, loss 7.619600772857666, loss_qv_penalty: 0.0, loss_qv_quant: 0.0033993152901530266, loss_f0: 16.936317443847656, loss_uv: 3.0886800289154053
(4287102976, 23710007296)
Train Epoch: 1 [1500/33236 (5%)], loss_enc: 0.0052070776000618935, loss 6.2061285972595215, loss_qv_penalty: 0.0, loss_qv_quant: 0.0008552585495635867, loss_f0: 16.61615562438965, loss_uv: 4.335202693939209
(4287102976, 23710007296)
Train Epoch: 1 [2000/33236 (6%)], loss_enc: 0.00882520992308855, loss 6.618031024932861, loss_qv_penalty: 0.0, loss_qv_quant: 0.0005146588082425296, loss_f0: 16.716384887695312, loss_uv: 8.29383373260498
(4287102976, 23710007296)
Train Epoch: 1 [2500/33236 (8%)], loss_enc: 0.015331720933318138, loss 6.080720901489258, loss_qv_penalty: 0.0, loss_qv_quant: 0.00021756876958534122, loss_f0: 16.552978515625, loss_uv: 15.097597122192383
(4287102976, 23710007296)
Train Epoch: 1 [3000/33236 (9%)], loss_enc: 0.0219519454985857, loss 5.655208587646484, loss_qv_penalty: 0.0, loss_qv_quant: 0.00013178522931411862, loss_f0: 17.190061569213867, loss_uv: 21.802968978881836
(4287102976, 23710007296)
Train Epoch: 1 [3500/33236 (11%)], loss_enc: 0.026343008503317833, loss 7.057709693908691, loss_qv_penalty: 0.0, loss_qv_quant: 0.00012096187856514007, loss_f0: 17.53058624267578, loss_uv: 26.204513549804688
(4287102976, 23710007296)
Train Epoch: 1 [4000/33236 (12%)], loss_enc: 0.028494667261838913, loss 7.442983150482178, loss_qv_penalty: 0.0, loss_qv_quant: 8.15496314316988e-05, loss_f0: 17.70185089111328, loss_uv: 28.395414352416992
(4287102976, 23710007296)
Train Epoch: 1 [4500/33236 (14%)], loss_enc: 0.02640271559357643, loss 6.105714321136475, loss_qv_penalty: 0.0, loss_qv_quant: 9.212854638462886e-05, loss_f0: 18.012210845947266, loss_uv: 26.29257583618164
(4287102976, 23710007296)
Train Epoch: 1 [5000/33236 (15%)], loss_enc: 0.0308200903236866, loss 5.570516586303711, loss_qv_penalty: 0.0, loss_qv_quant: 2.8503018256742507e-05, loss_f0: 17.86214828491211, loss_uv: 30.773723602294922
(4287102976, 23710007296)
Train Epoch: 1 [5500/33236 (17%)], loss_enc: 0.031641896814107895, loss 7.087929725646973, loss_qv_penalty: 0.0, loss_qv_quant: 1.6561642041779123e-05, loss_f0: 17.980180740356445, loss_uv: 31.60735321044922
(4287102976, 23710007296)
Train Epoch: 1 [6000/33236 (18%)], loss_enc: 0.027519816532731056, loss 5.5446271896362305, loss_qv_penalty: 0.0, loss_qv_quant: 1.3726099496125244e-05, loss_f0: 18.04701042175293, loss_uv: 27.4880428314209
(4287102976, 23710007296)
Train Epoch: 1 [6500/33236 (20%)], loss_enc: 0.02492368221282959, loss 5.50301456451416, loss_qv_penalty: 0.0, loss_qv_quant: 1.1753000762837473e-05, loss_f0: 18.213687896728516, loss_uv: 24.893714904785156
(4287102976, 23710007296)
Train Epoch: 1 [7000/33236 (21%)], loss_enc: 0.02896132878959179, loss 7.439970970153809, loss_qv_penalty: 0.0, loss_qv_quant: 1.4963084140617866e-05, loss_f0: 17.87511444091797, loss_uv: 28.928485870361328
(4287102976, 23710007296)
Train Epoch: 1 [7500/33236 (23%)], loss_enc: 0.028560884296894073, loss 5.874584197998047, loss_qv_penalty: 0.0, loss_qv_quant: 6.188073712110054e-06, loss_f0: 17.811185836791992, loss_uv: 28.536884307861328
(4287102976, 23710007296)
Train Epoch: 1 [8000/33236 (24%)], loss_enc: 0.03447669744491577, loss 6.597093105316162, loss_qv_penalty: 0.0, loss_qv_quant: 6.6816583057516254e-06, loss_f0: 17.80859375, loss_uv: 34.45220947265625
(4287102976, 23710007296)
Train Epoch: 1 [8500/33236 (26%)], loss_enc: 0.03288605809211731, loss 5.602843761444092, loss_qv_penalty: 0.0, loss_qv_quant: 6.266029231483117e-06, loss_f0: 17.619853973388672, loss_uv: 32.86216735839844
(4287102976, 23710007296)
Train Epoch: 1 [9000/33236 (27%)], loss_enc: 0.030193373560905457, loss 5.885447978973389, loss_qv_penalty: 0.0, loss_qv_quant: 4.641916348191444e-06, loss_f0: 18.049591064453125, loss_uv: 30.17068099975586
(4287102976, 23710007296)
Train Epoch: 1 [9500/33236 (29%)], loss_enc: 0.03250708803534508, loss 5.555342197418213, loss_qv_penalty: 0.0, loss_qv_quant: 9.283594408771023e-07, loss_f0: 18.303224563598633, loss_uv: 32.48785400390625
(4287102976, 23710007296)
Train Epoch: 1 [10000/33236 (30%)], loss_enc: 0.03052891418337822, loss 7.721592903137207, loss_qv_penalty: 0.0, loss_qv_quant: 2.04872367248754e-06, loss_f0: 18.111820220947266, loss_uv: 30.508750915527344
(4287102976, 23710007296)
Train Epoch: 1 [10500/33236 (32%)], loss_enc: 0.03261902555823326, loss 6.210858345031738, loss_qv_penalty: 0.0, loss_qv_quant: 1.0061747843792546e-06, loss_f0: 18.086483001708984, loss_uv: 32.59992980957031
(4287102976, 23710007296)
Train Epoch: 1 [11000/33236 (33%)], loss_enc: 0.038173556327819824, loss 5.4129228591918945, loss_qv_penalty: 0.0, loss_qv_quant: 7.982813485796214e-07, loss_f0: 18.157485961914062, loss_uv: 38.15459442138672
(4287102976, 23710007296)
Train Epoch: 1 [11500/33236 (35%)], loss_enc: 0.029348749667406082, loss 6.123066425323486, loss_qv_penalty: 0.0, loss_qv_quant: 1.3135609151504468e-06, loss_f0: 17.982641220092773, loss_uv: 29.329450607299805
(4287102976, 23710007296)
Train Epoch: 1 [12000/33236 (36%)], loss_enc: 0.0333075225353241, loss 6.67326545715332, loss_qv_penalty: 0.0, loss_qv_quant: 5.085360044176923e-07, loss_f0: 18.36311912536621, loss_uv: 33.28865051269531
(4287102976, 23710007296)
Train Epoch: 1 [12500/33236 (38%)], loss_enc: 0.037797629833221436, loss 6.024832725524902, loss_qv_penalty: 0.0, loss_qv_quant: 3.996075292889145e-07, loss_f0: 18.149784088134766, loss_uv: 37.779075622558594
(4287102976, 23710007296)
Train Epoch: 1 [13000/33236 (39%)], loss_enc: 0.039720211178064346, loss 6.370440483093262, loss_qv_penalty: 0.0, loss_qv_quant: 1.1286047083558515e-06, loss_f0: 18.076534271240234, loss_uv: 39.70100402832031
(4287102976, 23710007296)
Train Epoch: 1 [13500/33236 (41%)], loss_enc: 0.03743502125144005, loss 5.186807632446289, loss_qv_penalty: 0.0, loss_qv_quant: 6.145623956399504e-07, loss_f0: 18.53933334350586, loss_uv: 37.415863037109375
(4287102976, 23710007296)
Train Epoch: 1 [14000/33236 (42%)], loss_enc: 0.0376121886074543, loss 6.352443695068359, loss_qv_penalty: 0.0, loss_qv_quant: 9.981399671232793e-07, loss_f0: 18.27110481262207, loss_uv: 37.592918395996094
(4287102976, 23710007296)
Train Epoch: 1 [14500/33236 (44%)], loss_enc: 0.03895106166601181, loss 6.176016807556152, loss_qv_penalty: 0.0, loss_qv_quant: 4.735769607577822e-07, loss_f0: 18.12489128112793, loss_uv: 38.93246078491211
(4287102976, 23710007296)
Train Epoch: 1 [15000/33236 (45%)], loss_enc: 0.0362507589161396, loss 7.09214973449707, loss_qv_penalty: 0.0, loss_qv_quant: 1.2715062212009798e-06, loss_f0: 18.09671974182129, loss_uv: 36.231388092041016
(4287102976, 23710007296)
Train Epoch: 1 [15500/33236 (47%)], loss_enc: 0.04059278964996338, loss 6.630533695220947, loss_qv_penalty: 0.0, loss_qv_quant: 6.353950539050857e-07, loss_f0: 18.47385025024414, loss_uv: 40.57367706298828
(4287102976, 23710007296)
Train Epoch: 1 [16000/33236 (48%)], loss_enc: 0.04021993279457092, loss 5.962704658508301, loss_qv_penalty: 0.0, loss_qv_quant: 3.8989833228697535e-07, loss_f0: 18.252534866333008, loss_uv: 40.20128631591797
(4287102976, 23710007296)
Train Epoch: 1 [16500/33236 (50%)], loss_enc: 0.03713427111506462, loss 4.963471412658691, loss_qv_penalty: 0.0, loss_qv_quant: 2.3918545366541366e-07, loss_f0: 18.455408096313477, loss_uv: 37.115577697753906
(4287102976, 23710007296)
Train Epoch: 1 [17000/33236 (51%)], loss_enc: 0.038177091628313065, loss 6.274845123291016, loss_qv_penalty: 0.0, loss_qv_quant: 1.4298858275196835e-07, loss_f0: 18.42198371887207, loss_uv: 38.15852355957031
(4287102976, 23710007296)
Train Epoch: 1 [17500/33236 (53%)], loss_enc: 0.04132348299026489, loss 6.595749378204346, loss_qv_penalty: 0.0, loss_qv_quant: 2.286627989178669e-07, loss_f0: 18.267175674438477, loss_uv: 41.30498504638672
(4287102976, 23710007296)
Train Epoch: 1 [18000/33236 (54%)], loss_enc: 0.03461575135588646, loss 6.708121299743652, loss_qv_penalty: 0.0, loss_qv_quant: 1.476928304100511e-07, loss_f0: 18.496498107910156, loss_uv: 34.597103118896484
(4287102976, 23710007296)
Train Epoch: 1 [18500/33236 (56%)], loss_enc: 0.0337507463991642, loss 6.297885894775391, loss_qv_penalty: 0.0, loss_qv_quant: 6.656563300566631e-07, loss_f0: 18.117191314697266, loss_uv: 33.73196029663086
(4287102976, 23710007296)
Train Epoch: 1 [19000/33236 (57%)], loss_enc: 0.03883538395166397, loss 7.14048957824707, loss_qv_penalty: 0.0, loss_qv_quant: 2.076468774703244e-07, loss_f0: 18.39365577697754, loss_uv: 38.81678009033203
(4287102976, 23710007296)
Train Epoch: 1 [19500/33236 (59%)], loss_enc: 0.04012344777584076, loss 5.77459716796875, loss_qv_penalty: 0.0, loss_qv_quant: 1.1502845609356882e-07, loss_f0: 18.500078201293945, loss_uv: 40.10483169555664
(4287102976, 23710007296)
Train Epoch: 1 [20000/33236 (60%)], loss_enc: 0.03551085293292999, loss 5.8543620109558105, loss_qv_penalty: 0.0, loss_qv_quant: 1.6054197260473302e-07, loss_f0: 18.930686950683594, loss_uv: 35.49176025390625
(4287102976, 23710007296)
Train Epoch: 1 [20500/33236 (62%)], loss_enc: 0.03906365856528282, loss 6.953897476196289, loss_qv_penalty: 0.0, loss_qv_quant: 2.1989373522046662e-07, loss_f0: 18.546920776367188, loss_uv: 39.04488754272461
(4287102976, 23710007296)
Train Epoch: 1 [21000/33236 (63%)], loss_enc: 0.03636293485760689, loss 6.273682594299316, loss_qv_penalty: 0.0, loss_qv_quant: 7.727771844656672e-08, loss_f0: 18.747413635253906, loss_uv: 36.34410858154297
(4287102976, 23710007296)
Train Epoch: 1 [21500/33236 (65%)], loss_enc: 0.03974873945116997, loss 6.466001033782959, loss_qv_penalty: 0.0, loss_qv_quant: 1.5594810065522324e-07, loss_f0: 18.65109634399414, loss_uv: 39.72993087768555
(4287102976, 23710007296)
Train Epoch: 1 [22000/33236 (66%)], loss_enc: 0.046877242624759674, loss 6.057807445526123, loss_qv_penalty: 0.0, loss_qv_quant: 2.2489047069029766e-07, loss_f0: 19.17403793334961, loss_uv: 46.85784149169922
(4287102976, 23710007296)
Train Epoch: 1 [22500/33236 (68%)], loss_enc: 0.044617120176553726, loss 6.171182155609131, loss_qv_penalty: 0.0, loss_qv_quant: 1.1946065114898374e-07, loss_f0: 18.334239959716797, loss_uv: 44.598663330078125
(4287102976, 23710007296)
Train Epoch: 1 [23000/33236 (69%)], loss_enc: 0.0410124734044075, loss 6.430153846740723, loss_qv_penalty: 0.0, loss_qv_quant: 8.997890432738131e-08, loss_f0: 18.884174346923828, loss_uv: 40.993499755859375
(4287102976, 23710007296)
Train Epoch: 1 [23500/33236 (71%)], loss_enc: 0.03882462531328201, loss 6.614940643310547, loss_qv_penalty: 0.0, loss_qv_quant: 5.770656130721363e-08, loss_f0: 18.677873611450195, loss_uv: 38.805885314941406
(4287102976, 23710007296)
Train Epoch: 1 [24000/33236 (72%)], loss_enc: 0.04238782078027725, loss 6.524852752685547, loss_qv_penalty: 0.0, loss_qv_quant: 7.880925778636083e-08, loss_f0: 18.871288299560547, loss_uv: 42.36886978149414
(4287102976, 23710007296)
Train Epoch: 1 [24500/33236 (74%)], loss_enc: 0.04749736934900284, loss 5.024594306945801, loss_qv_penalty: 0.0, loss_qv_quant: 1.4468440667769755e-07, loss_f0: 18.710039138793945, loss_uv: 47.478511810302734
(4287102976, 23710007296)
Train Epoch: 1 [25000/33236 (75%)], loss_enc: 0.04417881369590759, loss 5.968694686889648, loss_qv_penalty: 0.0, loss_qv_quant: 1.1413420253347795e-07, loss_f0: 18.827518463134766, loss_uv: 44.159873962402344
(4287102976, 23710007296)
Train Epoch: 1 [25500/33236 (77%)], loss_enc: 0.04566144570708275, loss 6.524033546447754, loss_qv_penalty: 0.0, loss_qv_quant: 1.3769866313850798e-07, loss_f0: 18.518495559692383, loss_uv: 45.64278793334961
(4287102976, 23710007296)
Train Epoch: 1 [26000/33236 (78%)], loss_enc: 0.03734825178980827, loss 5.9194207191467285, loss_qv_penalty: 0.0, loss_qv_quant: 7.271555091392656e-08, loss_f0: 19.285297393798828, loss_uv: 37.32889175415039
(4287102976, 23710007296)
Train Epoch: 1 [26500/33236 (80%)], loss_enc: 0.045170076191425323, loss 5.864048957824707, loss_qv_penalty: 0.0, loss_qv_quant: 6.352964021516527e-08, loss_f0: 18.92628288269043, loss_uv: 45.15108108520508
(4287102976, 23710007296)
Train Epoch: 1 [27000/33236 (81%)], loss_enc: 0.04863760247826576, loss 6.165762901306152, loss_qv_penalty: 0.0, loss_qv_quant: 6.337064917261159e-08, loss_f0: 18.75629234313965, loss_uv: 48.618778228759766
(4287102976, 23710007296)
Train Epoch: 1 [27500/33236 (83%)], loss_enc: 0.04709166660904884, loss 6.140104293823242, loss_qv_penalty: 0.0, loss_qv_quant: 1.079469456044535e-07, loss_f0: 18.82421112060547, loss_uv: 47.07273864746094
(4287102976, 23710007296)
Train Epoch: 1 [28000/33236 (84%)], loss_enc: 0.04865599423646927, loss 6.485762596130371, loss_qv_penalty: 0.0, loss_qv_quant: 1.0729869615033749e-07, loss_f0: 19.270694732666016, loss_uv: 48.63661193847656
(4287102976, 23710007296)
Train Epoch: 1 [28500/33236 (86%)], loss_enc: 0.050690390169620514, loss 7.500879287719727, loss_qv_penalty: 0.0, loss_qv_quant: 3.6222761679027826e-08, loss_f0: 19.458877563476562, loss_uv: 50.670894622802734
(4287102976, 23710007296)
Train Epoch: 1 [29000/33236 (87%)], loss_enc: 0.04893944412469864, loss 6.941505432128906, loss_qv_penalty: 0.0, loss_qv_quant: 2.265388303612781e-07, loss_f0: 18.832096099853516, loss_uv: 48.920379638671875
(4287102976, 23710007296)
Train Epoch: 1 [29500/33236 (89%)], loss_enc: 0.04785822331905365, loss 5.80683708190918, loss_qv_penalty: 0.0, loss_qv_quant: 6.554837739258801e-08, loss_f0: 18.956451416015625, loss_uv: 47.839202880859375
(4287102976, 23710007296)
Train Epoch: 1 [30000/33236 (90%)], loss_enc: 0.04519200325012207, loss 7.413105487823486, loss_qv_penalty: 0.0, loss_qv_quant: 6.749148440121644e-08, loss_f0: 18.730127334594727, loss_uv: 45.17320251464844
(4287102976, 23710007296)
Train Epoch: 1 [30500/33236 (92%)], loss_enc: 0.05533123016357422, loss 6.1171112060546875, loss_qv_penalty: 0.0, loss_qv_quant: 6.880883063331567e-08, loss_f0: 19.45616912841797, loss_uv: 55.31169891357422
(4287102976, 23710007296)
Train Epoch: 1 [31000/33236 (93%)], loss_enc: 0.05118099972605705, loss 6.255889415740967, loss_qv_penalty: 0.0, loss_qv_quant: 5.906214894935147e-08, loss_f0: 19.301576614379883, loss_uv: 51.16163635253906
(4287102976, 23710007296)
Train Epoch: 1 [31500/33236 (95%)], loss_enc: 0.04425564408302307, loss 5.74228572845459, loss_qv_penalty: 0.0, loss_qv_quant: 5.492661614425742e-08, loss_f0: 19.211841583251953, loss_uv: 44.23637390136719
(4287102976, 23710007296)
Train Epoch: 1 [32000/33236 (96%)], loss_enc: 0.052592046558856964, loss 5.946043491363525, loss_qv_penalty: 0.0, loss_qv_quant: 3.2133961269664724e-08, loss_f0: 19.51247787475586, loss_uv: 52.57249450683594
(4287102976, 23710007296)
Train Epoch: 1 [32500/33236 (98%)], loss_enc: 0.045614831149578094, loss 7.329288482666016, loss_qv_penalty: 0.0, loss_qv_quant: 4.252209606647739e-08, loss_f0: 19.560302734375, loss_uv: 45.59523010253906
(4287102976, 23710007296)
Train Epoch: 1 [33000/33236 (99%)], loss_enc: 0.04994751513004303, loss 6.304306507110596, loss_qv_penalty: 0.0, loss_qv_quant: 3.875787513152318e-08, loss_f0: 19.31897735595703, loss_uv: 49.92815399169922
----------------------------------------Epoch: 2----------------------------------------
(4419223552, 23710007296)
Train Epoch: 2 [0/33236 (0%)], loss_enc: 0.0500694140791893, loss 6.98119592666626, loss_qv_penalty: 0.0, loss_qv_quant: 5.747497766606102e-08, loss_f0: 19.76628303527832, loss_uv: 50.04958724975586
(4417126400, 23710007296)
Train Epoch: 2 [500/33236 (2%)], loss_enc: 0.05567115545272827, loss 7.430491924285889, loss_qv_penalty: 0.0, loss_qv_quant: 8.84803128542444e-08, loss_f0: 19.988649368286133, loss_uv: 55.65107727050781
(4417126400, 23710007296)
Train Epoch: 2 [1000/33236 (3%)], loss_enc: 0.04975403845310211, loss 6.3928070068359375, loss_qv_penalty: 0.0, loss_qv_quant: 6.557530696227332e-08, loss_f0: 19.432178497314453, loss_uv: 49.73454284667969
(4417126400, 23710007296)
Train Epoch: 2 [1500/33236 (5%)], loss_enc: 0.050588447600603104, loss 5.669830799102783, loss_qv_penalty: 0.0, loss_qv_quant: 1.4726205677106918e-07, loss_f0: 19.165334701538086, loss_uv: 50.569129943847656
(4417126400, 23710007296)
Train Epoch: 2 [2000/33236 (6%)], loss_enc: 0.06043577194213867, loss 6.399108409881592, loss_qv_penalty: 0.0, loss_qv_quant: 1.9064987100136932e-07, loss_f0: 19.187931060791016, loss_uv: 60.41638946533203
(4417126400, 23710007296)
Train Epoch: 2 [2500/33236 (8%)], loss_enc: 0.048417240381240845, loss 5.710477828979492, loss_qv_penalty: 0.0, loss_qv_quant: 1.5472080505674057e-08, loss_f0: 19.90569496154785, loss_uv: 48.39731979370117
(4417126400, 23710007296)
Train Epoch: 2 [3000/33236 (9%)], loss_enc: 0.03611772879958153, loss 6.672639846801758, loss_qv_penalty: 0.0, loss_qv_quant: 4.138118470109475e-08, loss_f0: 20.275390625, loss_uv: 36.097412109375
(4417126400, 23710007296)
Train Epoch: 2 [3500/33236 (11%)], loss_enc: 0.05482082813978195, loss 6.163596153259277, loss_qv_penalty: 0.0, loss_qv_quant: 3.025910544351973e-08, loss_f0: 19.77372932434082, loss_uv: 54.80101776123047
(4417126400, 23710007296)
Train Epoch: 2 [4000/33236 (12%)], loss_enc: 0.05502678453922272, loss 6.173543453216553, loss_qv_penalty: 0.0, loss_qv_quant: 2.3725354125758713e-08, loss_f0: 20.02295684814453, loss_uv: 55.006736755371094
(4417126400, 23710007296)
Train Epoch: 2 [4500/33236 (14%)], loss_enc: 0.052803147584199905, loss 5.167325973510742, loss_qv_penalty: 0.0, loss_qv_quant: 1.6799528879118952e-08, loss_f0: 19.94546890258789, loss_uv: 52.783180236816406
(4417126400, 23710007296)
Train Epoch: 2 [5000/33236 (15%)], loss_enc: 0.042919471859931946, loss 5.974814414978027, loss_qv_penalty: 0.0, loss_qv_quant: 3.415302174403223e-08, loss_f0: 19.40667724609375, loss_uv: 42.90003204345703
(4417126400, 23710007296)
Train Epoch: 2 [5500/33236 (17%)], loss_enc: 0.05201353132724762, loss 5.602471351623535, loss_qv_penalty: 0.0, loss_qv_quant: 4.50178170297022e-08, loss_f0: 19.890697479248047, loss_uv: 51.99359893798828
(4417126400, 23710007296)
Train Epoch: 2 [6000/33236 (18%)], loss_enc: 0.05550515279173851, loss 6.463845729827881, loss_qv_penalty: 0.0, loss_qv_quant: 4.012816390286389e-08, loss_f0: 20.28341293334961, loss_uv: 55.484825134277344
(4417126400, 23710007296)
Train Epoch: 2 [6500/33236 (20%)], loss_enc: 0.05326351895928383, loss 6.249063014984131, loss_qv_penalty: 0.0, loss_qv_quant: 6.496422599866492e-08, loss_f0: 19.72003936767578, loss_uv: 53.24372863769531
(4417126400, 23710007296)
Train Epoch: 2 [7000/33236 (21%)], loss_enc: 0.05869313329458237, loss 7.084994792938232, loss_qv_penalty: 0.0, loss_qv_quant: 3.51063498271742e-08, loss_f0: 19.360998153686523, loss_uv: 58.67373275756836
(4417126400, 23710007296)
Train Epoch: 2 [7500/33236 (23%)], loss_enc: 0.058428674936294556, loss 7.205367088317871, loss_qv_penalty: 0.0, loss_qv_quant: 4.2975269565204144e-08, loss_f0: 20.217350006103516, loss_uv: 58.408416748046875
(4417126400, 23710007296)
Train Epoch: 2 [8000/33236 (24%)], loss_enc: 0.058740366250276566, loss 6.209856033325195, loss_qv_penalty: 0.0, loss_qv_quant: 2.5794285818392382e-08, loss_f0: 20.588619232177734, loss_uv: 58.719749450683594
(4417126400, 23710007296)
Train Epoch: 2 [8500/33236 (26%)], loss_enc: 0.056788183748722076, loss 5.726849555969238, loss_qv_penalty: 0.0, loss_qv_quant: 2.6021144350352188e-08, loss_f0: 20.32396125793457, loss_uv: 56.7678337097168
(4417126400, 23710007296)
Train Epoch: 2 [9000/33236 (27%)], loss_enc: 0.052598632872104645, loss 4.778627395629883, loss_qv_penalty: 0.0, loss_qv_quant: 1.589513942690246e-08, loss_f0: 19.975299835205078, loss_uv: 52.578643798828125
(4417126400, 23710007296)
Train Epoch: 2 [9500/33236 (29%)], loss_enc: 0.06353454291820526, loss 6.590793609619141, loss_qv_penalty: 0.0, loss_qv_quant: 4.141192988527109e-08, loss_f0: 19.622936248779297, loss_uv: 63.51487731933594
(4417126400, 23710007296)
Train Epoch: 2 [10000/33236 (30%)], loss_enc: 0.061998169869184494, loss 6.776257514953613, loss_qv_penalty: 0.0, loss_qv_quant: 3.994592034928246e-08, loss_f0: 20.17338752746582, loss_uv: 61.97795104980469
(4417126400, 23710007296)
Train Epoch: 2 [10500/33236 (32%)], loss_enc: 0.06672392785549164, loss 5.721219539642334, loss_qv_penalty: 0.0, loss_qv_quant: 8.497445946886728e-08, loss_f0: 20.64126968383789, loss_uv: 66.70319366455078
(4417126400, 23710007296)
Train Epoch: 2 [11000/33236 (33%)], loss_enc: 0.05937434360384941, loss 6.835680961608887, loss_qv_penalty: 0.0, loss_qv_quant: 2.601613502406508e-08, loss_f0: 20.103538513183594, loss_uv: 59.354217529296875
(4417126400, 23710007296)
Train Epoch: 2 [11500/33236 (35%)], loss_enc: 0.07096117734909058, loss 6.201430797576904, loss_qv_penalty: 0.0, loss_qv_quant: 5.781532053106275e-08, loss_f0: 19.748497009277344, loss_uv: 70.94136810302734
(4417126400, 23710007296)
Train Epoch: 2 [12000/33236 (36%)], loss_enc: 0.06257796287536621, loss 5.131628513336182, loss_qv_penalty: 0.0, loss_qv_quant: 2.1162389174378404e-08, loss_f0: 20.70309829711914, loss_uv: 62.55723571777344
(4417126400, 23710007296)
Train Epoch: 2 [12500/33236 (38%)], loss_enc: 0.04827410727739334, loss 6.173280239105225, loss_qv_penalty: 0.0, loss_qv_quant: 1.4483610755178233e-08, loss_f0: 20.491912841796875, loss_uv: 48.25360107421875
(4417126400, 23710007296)
Train Epoch: 2 [13000/33236 (39%)], loss_enc: 0.06387610733509064, loss 6.388737678527832, loss_qv_penalty: 0.0, loss_qv_quant: 5.4448094033432426e-08, loss_f0: 20.212312698364258, loss_uv: 63.8558349609375
(4417126400, 23710007296)
Train Epoch: 2 [13500/33236 (41%)], loss_enc: 0.05902811512351036, loss 7.0792765617370605, loss_qv_penalty: 0.0, loss_qv_quant: 1.6296453964059765e-08, loss_f0: 20.74046516418457, loss_uv: 59.007354736328125
(4417126400, 23710007296)
Train Epoch: 2 [14000/33236 (42%)], loss_enc: 0.07112492620944977, loss 5.547784328460693, loss_qv_penalty: 0.0, loss_qv_quant: 7.266430657182354e-07, loss_f0: 20.65856170654297, loss_uv: 71.1035385131836
(4417126400, 23710007296)
Train Epoch: 2 [14500/33236 (44%)], loss_enc: 0.07002487033605576, loss 6.702393531799316, loss_qv_penalty: 0.0, loss_qv_quant: 2.0553045487758936e-08, loss_f0: 20.498878479003906, loss_uv: 70.00434875488281
(4417126400, 23710007296)
Train Epoch: 2 [15000/33236 (45%)], loss_enc: 0.054341427981853485, loss 7.177847862243652, loss_qv_penalty: 0.0, loss_qv_quant: 1.966566998135022e-08, loss_f0: 20.84082794189453, loss_uv: 54.320560455322266
(4417126400, 23710007296)
Train Epoch: 2 [15500/33236 (47%)], loss_enc: 0.06507609784603119, loss 5.74543571472168, loss_qv_penalty: 0.0, loss_qv_quant: 2.0920474241847842e-08, loss_f0: 20.458375930786133, loss_uv: 65.05561828613281
(4417126400, 23710007296)
Train Epoch: 2 [16000/33236 (48%)], loss_enc: 0.07185489684343338, loss 5.674132823944092, loss_qv_penalty: 0.0, loss_qv_quant: 1.6124666046835046e-08, loss_f0: 20.128936767578125, loss_uv: 71.83474731445312
(4417126400, 23710007296)
Train Epoch: 2 [16500/33236 (50%)], loss_enc: 0.060201629996299744, loss 6.226036071777344, loss_qv_penalty: 0.0, loss_qv_quant: 8.860062017390646e-09, loss_f0: 20.47723960876465, loss_uv: 60.181148529052734
(4417126400, 23710007296)
Train Epoch: 2 [17000/33236 (51%)], loss_enc: 0.06591379642486572, loss 6.238034725189209, loss_qv_penalty: 0.0, loss_qv_quant: 7.209814523179148e-09, loss_f0: 20.63595199584961, loss_uv: 65.89315032958984
(4417126400, 23710007296)
Train Epoch: 2 [17500/33236 (53%)], loss_enc: 0.0634840577840805, loss 5.8347930908203125, loss_qv_penalty: 0.0, loss_qv_quant: 1.148402617445754e-08, loss_f0: 20.99654769897461, loss_uv: 63.463043212890625
(4417126400, 23710007296)
Train Epoch: 2 [18000/33236 (54%)], loss_enc: 0.06558812409639359, loss 5.829262733459473, loss_qv_penalty: 0.0, loss_qv_quant: 1.1635004071308686e-08, loss_f0: 20.931270599365234, loss_uv: 65.56717681884766
(4417126400, 23710007296)
Train Epoch: 2 [18500/33236 (56%)], loss_enc: 0.06228867173194885, loss 5.61590576171875, loss_qv_penalty: 0.0, loss_qv_quant: 1.5966096000852303e-08, loss_f0: 21.040393829345703, loss_uv: 62.26761245727539
(4417126400, 23710007296)
Train Epoch: 2 [19000/33236 (57%)], loss_enc: 0.05183616280555725, loss 6.830382347106934, loss_qv_penalty: 0.0, loss_qv_quant: 1.70044689440374e-08, loss_f0: 20.608230590820312, loss_uv: 51.81553649902344
(4417126400, 23710007296)
Train Epoch: 2 [19500/33236 (59%)], loss_enc: 0.0670676901936531, loss 6.537831783294678, loss_qv_penalty: 0.0, loss_qv_quant: 1.7813704289437737e-08, loss_f0: 20.824607849121094, loss_uv: 67.04684448242188
(4417126400, 23710007296)
Train Epoch: 2 [20000/33236 (60%)], loss_enc: 0.06701277941465378, loss 4.864211082458496, loss_qv_penalty: 0.0, loss_qv_quant: 1.0246480997011531e-08, loss_f0: 21.171905517578125, loss_uv: 66.99159240722656
(4417126400, 23710007296)
Train Epoch: 2 [20500/33236 (62%)], loss_enc: 0.07189444452524185, loss 6.267009735107422, loss_qv_penalty: 0.0, loss_qv_quant: 1.0657958959825464e-08, loss_f0: 21.07028579711914, loss_uv: 71.87336730957031
(4417126400, 23710007296)
Train Epoch: 2 [21000/33236 (63%)], loss_enc: 0.07363612204790115, loss 6.153179168701172, loss_qv_penalty: 0.0, loss_qv_quant: 9.317377980266883e-09, loss_f0: 21.43349838256836, loss_uv: 73.61467742919922
(4417126400, 23710007296)
Train Epoch: 2 [21500/33236 (65%)], loss_enc: 0.05465244501829147, loss 6.540030002593994, loss_qv_penalty: 0.0, loss_qv_quant: 8.730959066838295e-09, loss_f0: 21.129161834716797, loss_uv: 54.63130569458008
(4417126400, 23710007296)
Train Epoch: 2 [22000/33236 (66%)], loss_enc: 0.0734696090221405, loss 5.548431873321533, loss_qv_penalty: 0.0, loss_qv_quant: 5.799994262645214e-09, loss_f0: 21.298768997192383, loss_uv: 73.44830322265625
(4417126400, 23710007296)
Train Epoch: 2 [22500/33236 (68%)], loss_enc: 0.0676196739077568, loss 6.749258518218994, loss_qv_penalty: 0.0, loss_qv_quant: 1.2701154794569902e-08, loss_f0: 21.6074161529541, loss_uv: 67.59805297851562
(4417126400, 23710007296)
Train Epoch: 2 [23000/33236 (69%)], loss_enc: 0.07535961270332336, loss 5.962253093719482, loss_qv_penalty: 0.0, loss_qv_quant: 2.2759309104003478e-08, loss_f0: 20.964107513427734, loss_uv: 75.33861541748047
(4417126400, 23710007296)
Train Epoch: 2 [23500/33236 (71%)], loss_enc: 0.06571226567029953, loss 5.965004920959473, loss_qv_penalty: 0.0, loss_qv_quant: 1.9575651322156773e-08, loss_f0: 20.745635986328125, loss_uv: 65.69149780273438
(4417126400, 23710007296)
Train Epoch: 2 [24000/33236 (72%)], loss_enc: 0.07859041541814804, loss 6.160996913909912, loss_qv_penalty: 0.0, loss_qv_quant: 2.4631750861203727e-08, loss_f0: 21.914636611938477, loss_uv: 78.56846618652344
(4417126400, 23710007296)
Train Epoch: 2 [24500/33236 (74%)], loss_enc: 0.07426679134368896, loss 6.584488868713379, loss_qv_penalty: 0.0, loss_qv_quant: 1.0345799772437658e-08, loss_f0: 21.38286590576172, loss_uv: 74.24539947509766
(4417126400, 23710007296)
Train Epoch: 2 [25000/33236 (75%)], loss_enc: 0.06811893731355667, loss 6.018117427825928, loss_qv_penalty: 0.0, loss_qv_quant: 8.97991725423708e-09, loss_f0: 21.42786407470703, loss_uv: 68.09749603271484
(4417126400, 23710007296)
Train Epoch: 2 [25500/33236 (77%)], loss_enc: 0.07502996921539307, loss 6.257169246673584, loss_qv_penalty: 0.0, loss_qv_quant: 4.7720831730657665e-09, loss_f0: 21.67778778076172, loss_uv: 75.00828552246094
(4417126400, 23710007296)
Train Epoch: 2 [26000/33236 (78%)], loss_enc: 0.07115155458450317, loss 6.563962459564209, loss_qv_penalty: 0.0, loss_qv_quant: 1.4045554053154774e-08, loss_f0: 21.931760787963867, loss_uv: 71.12960815429688
(4417126400, 23710007296)
Train Epoch: 2 [26500/33236 (80%)], loss_enc: 0.07010816037654877, loss 6.202879428863525, loss_qv_penalty: 0.0, loss_qv_quant: 4.698555322590892e-09, loss_f0: 21.826702117919922, loss_uv: 70.08633422851562
(4417126400, 23710007296)
Train Epoch: 2 [27000/33236 (81%)], loss_enc: 0.06868867576122284, loss 7.455073833465576, loss_qv_penalty: 0.0, loss_qv_quant: 1.3701479062433464e-08, loss_f0: 20.936279296875, loss_uv: 68.667724609375
(4417126400, 23710007296)
Train Epoch: 2 [27500/33236 (83%)], loss_enc: 0.07496175169944763, loss 5.974984169006348, loss_qv_penalty: 0.0, loss_qv_quant: 1.0881772816162538e-08, loss_f0: 21.451499938964844, loss_uv: 74.9402847290039
(4417126400, 23710007296)
Train Epoch: 2 [28000/33236 (84%)], loss_enc: 0.0725536122918129, loss 8.00887393951416, loss_qv_penalty: 0.0, loss_qv_quant: 1.100980639989757e-08, loss_f0: 22.200576782226562, loss_uv: 72.5313949584961
(4417126400, 23710007296)
Train Epoch: 2 [28500/33236 (86%)], loss_enc: 0.06328798830509186, loss 7.40261697769165, loss_qv_penalty: 0.0, loss_qv_quant: 2.0627620500590638e-08, loss_f0: 21.947818756103516, loss_uv: 63.266014099121094
(4417126400, 23710007296)
Train Epoch: 2 [29000/33236 (87%)], loss_enc: 0.08407412469387054, loss 6.693710803985596, loss_qv_penalty: 0.0, loss_qv_quant: 1.7690123144120662e-08, loss_f0: 21.635278701782227, loss_uv: 84.0524673461914
(4417126400, 23710007296)
Train Epoch: 2 [29500/33236 (89%)], loss_enc: 0.061108194291591644, loss 6.519034385681152, loss_qv_penalty: 0.0, loss_qv_quant: 8.8429592537409e-09, loss_f0: 21.78460121154785, loss_uv: 61.08639907836914
(4417126400, 23710007296)
Train Epoch: 2 [30000/33236 (90%)], loss_enc: 0.06045975536108017, loss 5.419097423553467, loss_qv_penalty: 0.0, loss_qv_quant: 2.9098588427700633e-08, loss_f0: 21.816070556640625, loss_uv: 60.43790817260742
(4417126400, 23710007296)
Train Epoch: 2 [30500/33236 (92%)], loss_enc: 0.0747736319899559, loss 6.195249557495117, loss_qv_penalty: 0.0, loss_qv_quant: 9.601710537765484e-09, loss_f0: 21.74871826171875, loss_uv: 74.75186920166016
(4417126400, 23710007296)
Train Epoch: 2 [31000/33236 (93%)], loss_enc: 0.08513687551021576, loss 5.474313735961914, loss_qv_penalty: 0.0, loss_qv_quant: 4.511523243877491e-08, loss_f0: 22.026857376098633, loss_uv: 85.11480712890625
(4417126400, 23710007296)
Train Epoch: 2 [31500/33236 (95%)], loss_enc: 0.08225090801715851, loss 6.6337103843688965, loss_qv_penalty: 0.0, loss_qv_quant: 9.712302073694445e-09, loss_f0: 22.304553985595703, loss_uv: 82.22859191894531
(4417126400, 23710007296)
Train Epoch: 2 [32000/33236 (96%)], loss_enc: 0.060720451176166534, loss 6.5061516761779785, loss_qv_penalty: 0.0, loss_qv_quant: 5.2125934679736474e-09, loss_f0: 22.257282257080078, loss_uv: 60.698184967041016
(4417126400, 23710007296)
Train Epoch: 2 [32500/33236 (98%)], loss_enc: 0.07352089881896973, loss 5.678955078125, loss_qv_penalty: 0.0, loss_qv_quant: 9.063457540037234e-09, loss_f0: 21.439861297607422, loss_uv: 73.49944305419922
(4417126400, 23710007296)
Train Epoch: 2 [33000/33236 (99%)], loss_enc: 0.07825776934623718, loss 6.2013115882873535, loss_qv_penalty: 0.0, loss_qv_quant: 7.333134988130041e-09, loss_f0: 22.2205810546875, loss_uv: 78.23554229736328
----------------------------------------Epoch: 3----------------------------------------
(4417126400, 23710007296)
Train Epoch: 3 [0/33236 (0%)], loss_enc: 0.06992726027965546, loss 6.28507661819458, loss_qv_penalty: 0.0, loss_qv_quant: 1.417627402133803e-07, loss_f0: 22.566055297851562, loss_uv: 69.90454864501953
(4417126400, 23710007296)
Train Epoch: 3 [500/33236 (2%)], loss_enc: 0.0643145740032196, loss 6.587149143218994, loss_qv_penalty: 0.0, loss_qv_quant: 1.2008723793144327e-08, loss_f0: 22.507089614868164, loss_uv: 64.29205322265625
(4417126400, 23710007296)
Train Epoch: 3 [1000/33236 (3%)], loss_enc: 0.08754850178956985, loss 6.479203224182129, loss_qv_penalty: 0.0, loss_qv_quant: 9.328887884407777e-09, loss_f0: 22.587034225463867, loss_uv: 87.5259017944336
(4417126400, 23710007296)
Train Epoch: 3 [1500/33236 (5%)], loss_enc: 0.0710143893957138, loss 7.079221248626709, loss_qv_penalty: 0.0, loss_qv_quant: 1.845434027814008e-08, loss_f0: 22.057456970214844, loss_uv: 70.9923095703125
(4417126400, 23710007296)
Train Epoch: 3 [2000/33236 (6%)], loss_enc: 0.07553330808877945, loss 7.228079319000244, loss_qv_penalty: 0.0, loss_qv_quant: 1.3446424418361858e-08, loss_f0: 22.437000274658203, loss_uv: 75.51085662841797
(4417126400, 23710007296)
Train Epoch: 3 [2500/33236 (8%)], loss_enc: 0.07607873529195786, loss 6.912966251373291, loss_qv_penalty: 0.0, loss_qv_quant: 8.800848050327659e-09, loss_f0: 23.09385108947754, loss_uv: 76.05563354492188
(4417126400, 23710007296)
Train Epoch: 3 [3000/33236 (9%)], loss_enc: 0.07284127175807953, loss 5.813498497009277, loss_qv_penalty: 0.0, loss_qv_quant: 1.1206521932649594e-08, loss_f0: 22.773618698120117, loss_uv: 72.8184814453125
(4417126400, 23710007296)
Train Epoch: 3 [3500/33236 (11%)], loss_enc: 0.09084896743297577, loss 6.75290060043335, loss_qv_penalty: 0.0, loss_qv_quant: 1.4448310992065672e-08, loss_f0: 22.515535354614258, loss_uv: 90.82643127441406
(4417126400, 23710007296)
Train Epoch: 3 [4000/33236 (12%)], loss_enc: 0.0771823525428772, loss 6.537083148956299, loss_qv_penalty: 0.0, loss_qv_quant: 1.2183065223325684e-08, loss_f0: 22.153894424438477, loss_uv: 77.1601791381836
(4417126400, 23710007296)
Train Epoch: 3 [4500/33236 (14%)], loss_enc: 0.09278623759746552, loss 6.24168062210083, loss_qv_penalty: 0.0, loss_qv_quant: 2.875724369744148e-08, loss_f0: 22.673870086669922, loss_uv: 92.76353454589844
(4417126400, 23710007296)
Train Epoch: 3 [5000/33236 (15%)], loss_enc: 0.07889243960380554, loss 6.561613082885742, loss_qv_penalty: 0.0, loss_qv_quant: 1.4131738446110376e-08, loss_f0: 23.326892852783203, loss_uv: 78.86910247802734
(4417126400, 23710007296)
Train Epoch: 3 [5500/33236 (17%)], loss_enc: 0.07495258748531342, loss 6.13832950592041, loss_qv_penalty: 0.0, loss_qv_quant: 8.548795449314639e-09, loss_f0: 22.663480758666992, loss_uv: 74.9299087524414
(4417126400, 23710007296)
Train Epoch: 3 [6000/33236 (18%)], loss_enc: 0.09277883172035217, loss 6.845412731170654, loss_qv_penalty: 0.0, loss_qv_quant: 5.459596330581462e-09, loss_f0: 22.639631271362305, loss_uv: 92.75618743896484
(4417126400, 23710007296)
Train Epoch: 3 [6500/33236 (20%)], loss_enc: 0.07750243693590164, loss 5.689530849456787, loss_qv_penalty: 0.0, loss_qv_quant: 7.836851168008252e-09, loss_f0: 21.939584732055664, loss_uv: 77.48048400878906
(4417126400, 23710007296)
Train Epoch: 3 [7000/33236 (21%)], loss_enc: 0.08476321399211884, loss 6.257157325744629, loss_qv_penalty: 0.0, loss_qv_quant: 5.519128265518702e-09, loss_f0: 23.48238754272461, loss_uv: 84.7397232055664
(4417126400, 23710007296)
Train Epoch: 3 [7500/33236 (23%)], loss_enc: 0.0906931459903717, loss 6.646483898162842, loss_qv_penalty: 0.0, loss_qv_quant: 3.5611806836755022e-09, loss_f0: 22.568443298339844, loss_uv: 90.67056274414062
(4417126400, 23710007296)
Train Epoch: 3 [8000/33236 (24%)], loss_enc: 0.08613072335720062, loss 5.327380657196045, loss_qv_penalty: 0.0, loss_qv_quant: 3.535843173807507e-09, loss_f0: 23.033763885498047, loss_uv: 86.10768127441406
(4417126400, 23710007296)
Train Epoch: 3 [8500/33236 (26%)], loss_enc: 0.08731332421302795, loss 6.532440185546875, loss_qv_penalty: 0.0, loss_qv_quant: 7.018843284356535e-09, loss_f0: 23.012895584106445, loss_uv: 87.29029846191406
(4417126400, 23710007296)
Train Epoch: 3 [9000/33236 (27%)], loss_enc: 0.09183979034423828, loss 6.834754943847656, loss_qv_penalty: 0.0, loss_qv_quant: 7.49832196333955e-09, loss_f0: 23.372337341308594, loss_uv: 91.81640625
(4417126400, 23710007296)
Train Epoch: 3 [9500/33236 (29%)], loss_enc: 0.09168723225593567, loss 6.202783584594727, loss_qv_penalty: 0.0, loss_qv_quant: 3.736550624466872e-09, loss_f0: 22.913015365600586, loss_uv: 91.66431427001953
(4417126400, 23710007296)
Train Epoch: 3 [10000/33236 (30%)], loss_enc: 0.08121843636035919, loss 6.950314998626709, loss_qv_penalty: 0.0, loss_qv_quant: 6.4058411908263224e-09, loss_f0: 23.870349884033203, loss_uv: 81.1945571899414
(4417126400, 23710007296)
Train Epoch: 3 [10500/33236 (32%)], loss_enc: 0.05954138934612274, loss 5.954483985900879, loss_qv_penalty: 0.0, loss_qv_quant: 3.475640442118788e-09, loss_f0: 23.207942962646484, loss_uv: 59.51817321777344
(4417126400, 23710007296)
Train Epoch: 3 [11000/33236 (33%)], loss_enc: 0.0641026645898819, loss 6.408958911895752, loss_qv_penalty: 0.0, loss_qv_quant: 5.787755164021746e-09, loss_f0: 24.048065185546875, loss_uv: 64.07860565185547
(4417126400, 23710007296)
Train Epoch: 3 [11500/33236 (35%)], loss_enc: 0.08614964783191681, loss 5.803885459899902, loss_qv_penalty: 0.0, loss_qv_quant: 5.003768066558223e-09, loss_f0: 23.766813278198242, loss_uv: 86.12586975097656
(4417126400, 23710007296)
Train Epoch: 3 [12000/33236 (36%)], loss_enc: 0.09678915143013, loss 7.439502716064453, loss_qv_penalty: 0.0, loss_qv_quant: 1.3592883263413569e-08, loss_f0: 23.5766544342041, loss_uv: 96.76555633544922
(4417126400, 23710007296)
Train Epoch: 3 [12500/33236 (38%)], loss_enc: 0.09090408682823181, loss 6.480829238891602, loss_qv_penalty: 0.0, loss_qv_quant: 5.818336923368861e-09, loss_f0: 23.46870231628418, loss_uv: 90.88060760498047
(4417126400, 23710007296)
Train Epoch: 3 [13000/33236 (39%)], loss_enc: 0.09014513343572617, loss 6.572676181793213, loss_qv_penalty: 0.0, loss_qv_quant: 5.766246147231868e-09, loss_f0: 23.882497787475586, loss_uv: 90.1212387084961
(4417126400, 23710007296)
Train Epoch: 3 [13500/33236 (41%)], loss_enc: 0.07781430333852768, loss 6.795393466949463, loss_qv_penalty: 0.0, loss_qv_quant: 8.758616942827757e-09, loss_f0: 24.041622161865234, loss_uv: 77.79025268554688
(4417126400, 23710007296)
Train Epoch: 3 [14000/33236 (42%)], loss_enc: 0.08868130296468735, loss 6.011841773986816, loss_qv_penalty: 0.0, loss_qv_quant: 4.733677450019513e-09, loss_f0: 24.588119506835938, loss_uv: 88.65670776367188
(4417126400, 23710007296)
Train Epoch: 3 [14500/33236 (44%)], loss_enc: 0.09730836749076843, loss 6.609840393066406, loss_qv_penalty: 0.0, loss_qv_quant: 1.0743503864318882e-08, loss_f0: 23.630149841308594, loss_uv: 97.28472137451172
(4417126400, 23710007296)
Train Epoch: 3 [15000/33236 (45%)], loss_enc: 0.09061544388532639, loss 6.827211380004883, loss_qv_penalty: 0.0, loss_qv_quant: 5.826772841999173e-09, loss_f0: 23.45656967163086, loss_uv: 90.59197998046875
(4417126400, 23710007296)
Train Epoch: 3 [15500/33236 (47%)], loss_enc: 0.09298601746559143, loss 7.146533966064453, loss_qv_penalty: 0.0, loss_qv_quant: 5.2542423745194355e-09, loss_f0: 24.491859436035156, loss_uv: 92.96151733398438
(4417126400, 23710007296)
Train Epoch: 3 [16000/33236 (48%)], loss_enc: 0.08741354942321777, loss 5.440807342529297, loss_qv_penalty: 0.0, loss_qv_quant: 2.8324014245129092e-09, loss_f0: 23.738780975341797, loss_uv: 87.38981628417969
(4417126400, 23710007296)
Train Epoch: 3 [16500/33236 (50%)], loss_enc: 0.0952085554599762, loss 5.674594879150391, loss_qv_penalty: 0.0, loss_qv_quant: 2.7983133588094233e-09, loss_f0: 23.98706817626953, loss_uv: 95.1845703125
(4417126400, 23710007296)
Train Epoch: 3 [17000/33236 (51%)], loss_enc: 0.10018281638622284, loss 5.8618645668029785, loss_qv_penalty: 0.0, loss_qv_quant: 7.500576160168748e-09, loss_f0: 23.817062377929688, loss_uv: 100.15898132324219
(4417126400, 23710007296)
Train Epoch: 3 [17500/33236 (53%)], loss_enc: 0.08428101241588593, loss 6.204720497131348, loss_qv_penalty: 0.0, loss_qv_quant: 2.0882084950102353e-09, loss_f0: 23.944129943847656, loss_uv: 84.25706481933594
(4417126400, 23710007296)
Train Epoch: 3 [18000/33236 (54%)], loss_enc: 0.08743471652269363, loss 6.667820930480957, loss_qv_penalty: 0.0, loss_qv_quant: 6.521807094372889e-09, loss_f0: 25.172134399414062, loss_uv: 87.40953826904297
(4417126400, 23710007296)
Train Epoch: 3 [18500/33236 (56%)], loss_enc: 0.08635123074054718, loss 6.645572185516357, loss_qv_penalty: 0.0, loss_qv_quant: 4.7078261289357215e-09, loss_f0: 23.58542823791504, loss_uv: 86.32762908935547
(4417126400, 23710007296)
Train Epoch: 3 [19000/33236 (57%)], loss_enc: 0.08978302031755447, loss 6.354824542999268, loss_qv_penalty: 0.0, loss_qv_quant: 1.2095487278429573e-08, loss_f0: 24.51966667175293, loss_uv: 89.75848388671875
(4417126400, 23710007296)
Train Epoch: 3 [19500/33236 (59%)], loss_enc: 0.09270037710666656, loss 6.8405985832214355, loss_qv_penalty: 0.0, loss_qv_quant: 2.7280766534687473e-09, loss_f0: 24.40142822265625, loss_uv: 92.67597961425781
(4417126400, 23710007296)
Train Epoch: 3 [20000/33236 (60%)], loss_enc: 0.09458933025598526, loss 6.417142391204834, loss_qv_penalty: 0.0, loss_qv_quant: 3.6610052767116485e-09, loss_f0: 24.073989868164062, loss_uv: 94.56525421142578
(4417126400, 23710007296)
Train Epoch: 3 [20500/33236 (62%)], loss_enc: 0.08284586668014526, loss 6.980747699737549, loss_qv_penalty: 0.0, loss_qv_quant: 3.630428624390447e-09, loss_f0: 24.002653121948242, loss_uv: 82.82185363769531
(4417126400, 23710007296)
Train Epoch: 3 [21000/33236 (63%)], loss_enc: 0.0926099419593811, loss 6.126194477081299, loss_qv_penalty: 0.0, loss_qv_quant: 3.936365455814439e-09, loss_f0: 23.648958206176758, loss_uv: 92.58627319335938
(4417126400, 23710007296)
Train Epoch: 3 [21500/33236 (65%)], loss_enc: 0.09125640988349915, loss 6.1247735023498535, loss_qv_penalty: 0.0, loss_qv_quant: 5.623355114892092e-09, loss_f0: 23.521446228027344, loss_uv: 91.23287963867188
(4417126400, 23710007296)
Train Epoch: 3 [22000/33236 (66%)], loss_enc: 0.10414808243513107, loss 5.436417579650879, loss_qv_penalty: 0.0, loss_qv_quant: 4.579251644543092e-09, loss_f0: 24.72290802001953, loss_uv: 104.12335205078125
(4417126400, 23710007296)
Train Epoch: 3 [22500/33236 (68%)], loss_enc: 0.10790275782346725, loss 6.505761623382568, loss_qv_penalty: 0.0, loss_qv_quant: 7.610030827720493e-09, loss_f0: 25.23982048034668, loss_uv: 107.87750244140625
(4417126400, 23710007296)
Train Epoch: 3 [23000/33236 (69%)], loss_enc: 0.09218351542949677, loss 6.097376823425293, loss_qv_penalty: 0.0, loss_qv_quant: 5.905640421133285e-09, loss_f0: 25.252315521240234, loss_uv: 92.15824890136719
(4417126400, 23710007296)
Train Epoch: 3 [23500/33236 (71%)], loss_enc: 0.09721412509679794, loss 5.871542453765869, loss_qv_penalty: 0.0, loss_qv_quant: 3.03469205320539e-09, loss_f0: 25.19980239868164, loss_uv: 97.18892669677734
(4417126400, 23710007296)
Train Epoch: 3 [24000/33236 (72%)], loss_enc: 0.08960388600826263, loss 6.826085090637207, loss_qv_penalty: 0.0, loss_qv_quant: 3.740166842902681e-09, loss_f0: 24.819583892822266, loss_uv: 89.57906341552734
(4417126400, 23710007296)
Train Epoch: 3 [24500/33236 (74%)], loss_enc: 0.09155015647411346, loss 5.598367691040039, loss_qv_penalty: 0.0, loss_qv_quant: 4.824342703102502e-09, loss_f0: 25.485828399658203, loss_uv: 91.524658203125
(4417126400, 23710007296)
Train Epoch: 3 [25000/33236 (75%)], loss_enc: 0.09719850867986679, loss 6.812709808349609, loss_qv_penalty: 0.0, loss_qv_quant: 7.42255590324703e-09, loss_f0: 25.842239379882812, loss_uv: 97.17266082763672
(4417126400, 23710007296)
Train Epoch: 3 [25500/33236 (77%)], loss_enc: 0.08787712454795837, loss 6.348047256469727, loss_qv_penalty: 0.0, loss_qv_quant: 2.67022426392316e-09, loss_f0: 25.343528747558594, loss_uv: 87.85177612304688
(4417126400, 23710007296)
Train Epoch: 3 [26000/33236 (78%)], loss_enc: 0.09791261702775955, loss 5.55898904800415, loss_qv_penalty: 0.0, loss_qv_quant: 2.4240522922269747e-09, loss_f0: 25.343769073486328, loss_uv: 97.88726806640625
(4417126400, 23710007296)
Train Epoch: 3 [26500/33236 (80%)], loss_enc: 0.10176318883895874, loss 5.719394683837891, loss_qv_penalty: 0.0, loss_qv_quant: 2.0082202567550667e-09, loss_f0: 24.89107894897461, loss_uv: 101.73829650878906
(4417126400, 23710007296)
Train Epoch: 3 [27000/33236 (81%)], loss_enc: 0.10453519225120544, loss 4.864315032958984, loss_qv_penalty: 0.0, loss_qv_quant: 5.833433736057714e-09, loss_f0: 25.61602020263672, loss_uv: 104.50956726074219
(4417126400, 23710007296)
Train Epoch: 3 [27500/33236 (83%)], loss_enc: 0.07621987909078598, loss 6.356900215148926, loss_qv_penalty: 0.0, loss_qv_quant: 2.3189554720914884e-09, loss_f0: 25.58788299560547, loss_uv: 76.19428253173828
(4417126400, 23710007296)
Train Epoch: 3 [28000/33236 (84%)], loss_enc: 0.10762740671634674, loss 6.400908946990967, loss_qv_penalty: 0.0, loss_qv_quant: 2.8325959355868235e-09, loss_f0: 25.58646011352539, loss_uv: 107.60182189941406
(4417126400, 23710007296)
Train Epoch: 3 [28500/33236 (86%)], loss_enc: 0.1014997661113739, loss 6.768667697906494, loss_qv_penalty: 0.0, loss_qv_quant: 1.0103904379832329e-08, loss_f0: 24.901622772216797, loss_uv: 101.47486877441406
(4417126400, 23710007296)
Train Epoch: 3 [29000/33236 (87%)], loss_enc: 0.10794467478990555, loss 7.182023048400879, loss_qv_penalty: 0.0, loss_qv_quant: 4.426777611143962e-09, loss_f0: 24.799644470214844, loss_uv: 107.91986083984375
(4417126400, 23710007296)
Train Epoch: 3 [29500/33236 (89%)], loss_enc: 0.09219175577163696, loss 5.061792850494385, loss_qv_penalty: 0.0, loss_qv_quant: 2.9011655300337225e-09, loss_f0: 25.486793518066406, loss_uv: 92.166259765625
(4417126400, 23710007296)
Train Epoch: 3 [30000/33236 (90%)], loss_enc: 0.10536445677280426, loss 6.552367687225342, loss_qv_penalty: 0.0, loss_qv_quant: 1.1942622890614984e-08, loss_f0: 25.573022842407227, loss_uv: 105.33885955810547
(4417126400, 23710007296)
Train Epoch: 3 [30500/33236 (92%)], loss_enc: 0.10591874271631241, loss 7.149953365325928, loss_qv_penalty: 0.0, loss_qv_quant: 3.179117191720593e-09, loss_f0: 24.94314193725586, loss_uv: 105.893798828125
(4417126400, 23710007296)
Train Epoch: 3 [31000/33236 (93%)], loss_enc: 0.10640415549278259, loss 5.963454246520996, loss_qv_penalty: 0.0, loss_qv_quant: 4.193635660953987e-09, loss_f0: 25.8673152923584, loss_uv: 106.3782958984375
(4417126400, 23710007296)
Train Epoch: 3 [31500/33236 (95%)], loss_enc: 0.11088142544031143, loss 4.6791534423828125, loss_qv_penalty: 0.0, loss_qv_quant: 2.020964062765529e-09, loss_f0: 26.316387176513672, loss_uv: 110.8551025390625
(4417126400, 23710007296)
Train Epoch: 3 [32000/33236 (96%)], loss_enc: 0.10264994204044342, loss 7.095547199249268, loss_qv_penalty: 0.0, loss_qv_quant: 3.969871542608416e-09, loss_f0: 25.659481048583984, loss_uv: 102.624267578125
(4417126400, 23710007296)
Train Epoch: 3 [32500/33236 (98%)], loss_enc: 0.11623471975326538, loss 6.092893600463867, loss_qv_penalty: 0.0, loss_qv_quant: 3.3806739629937965e-09, loss_f0: 26.14044952392578, loss_uv: 116.20857238769531
(4417126400, 23710007296)
Train Epoch: 3 [33000/33236 (99%)], loss_enc: 0.10871686041355133, loss 6.895814895629883, loss_qv_penalty: 0.0, loss_qv_quant: 2.097023443781154e-09, loss_f0: 26.463912963867188, loss_uv: 108.69038391113281
----------------------------------------Epoch: 4----------------------------------------
(4417126400, 23710007296)
Train Epoch: 4 [0/33236 (0%)], loss_enc: 0.07738851010799408, loss 6.498064994812012, loss_qv_penalty: 0.0, loss_qv_quant: 1.8398889078952152e-09, loss_f0: 25.447492599487305, loss_uv: 77.3630599975586
(4417126400, 23710007296)
Train Epoch: 4 [500/33236 (2%)], loss_enc: 0.10249369591474533, loss 7.783661842346191, loss_qv_penalty: 0.0, loss_qv_quant: 5.594482210824481e-09, loss_f0: 26.041982650756836, loss_uv: 102.46764373779297
(4417126400, 23710007296)
Train Epoch: 4 [1000/33236 (3%)], loss_enc: 0.09962262213230133, loss 6.336714267730713, loss_qv_penalty: 0.0, loss_qv_quant: 4.537655140524066e-09, loss_f0: 26.003461837768555, loss_uv: 99.59660339355469
(4417126400, 23710007296)
Train Epoch: 4 [1500/33236 (5%)], loss_enc: 0.11267535388469696, loss 5.873177528381348, loss_qv_penalty: 0.0, loss_qv_quant: 2.127113152283755e-09, loss_f0: 25.93341827392578, loss_uv: 112.6494140625
(4417126400, 23710007296)
Train Epoch: 4 [2000/33236 (6%)], loss_enc: 0.096319779753685, loss 5.537052631378174, loss_qv_penalty: 0.0, loss_qv_quant: 1.65638947002833e-09, loss_f0: 26.144058227539062, loss_uv: 96.29362487792969
(4417126400, 23710007296)
Train Epoch: 4 [2500/33236 (8%)], loss_enc: 0.09867461025714874, loss 5.328534126281738, loss_qv_penalty: 0.0, loss_qv_quant: 2.4699664535887678e-09, loss_f0: 26.49536895751953, loss_uv: 98.64810180664062
(4417126400, 23710007296)
Train Epoch: 4 [3000/33236 (9%)], loss_enc: 0.10393933951854706, loss 7.2506842613220215, loss_qv_penalty: 0.0, loss_qv_quant: 7.340953622758661e-09, loss_f0: 26.42605209350586, loss_uv: 103.91290283203125
(4417126400, 23710007296)
Train Epoch: 4 [3500/33236 (11%)], loss_enc: 0.11597120761871338, loss 7.258943557739258, loss_qv_penalty: 0.0, loss_qv_quant: 2.7875908248375936e-09, loss_f0: 26.35149383544922, loss_uv: 115.94485473632812
(4417126400, 23710007296)
Train Epoch: 4 [4000/33236 (12%)], loss_enc: 0.10838699340820312, loss 5.604459762573242, loss_qv_penalty: 0.0, loss_qv_quant: 4.397884723061907e-09, loss_f0: 27.126237869262695, loss_uv: 108.35986328125
(4417126400, 23710007296)
Train Epoch: 4 [4500/33236 (14%)], loss_enc: 0.1087607890367508, loss 6.263415336608887, loss_qv_penalty: 0.0, loss_qv_quant: 1.9025541142525526e-09, loss_f0: 26.90042495727539, loss_uv: 108.73387908935547
(4417126400, 23710007296)
Train Epoch: 4 [5000/33236 (15%)], loss_enc: 0.11573715507984161, loss 5.679453372955322, loss_qv_penalty: 0.0, loss_qv_quant: 1.7121528639307826e-09, loss_f0: 27.231643676757812, loss_uv: 115.70991516113281
(4417126400, 23710007296)
Train Epoch: 4 [5500/33236 (17%)], loss_enc: 0.10090601444244385, loss 6.450360298156738, loss_qv_penalty: 0.0, loss_qv_quant: 1.9933441564035093e-09, loss_f0: 27.181331634521484, loss_uv: 100.87884521484375
(4417126400, 23710007296)
Train Epoch: 4 [6000/33236 (18%)], loss_enc: 0.10444103181362152, loss 6.584072589874268, loss_qv_penalty: 0.0, loss_qv_quant: 2.1765083069169577e-09, loss_f0: 27.360023498535156, loss_uv: 104.41366577148438
(4417126400, 23710007296)
Train Epoch: 4 [6500/33236 (20%)], loss_enc: 0.12013959884643555, loss 5.478021144866943, loss_qv_penalty: 0.0, loss_qv_quant: 2.9460309747264546e-09, loss_f0: 24.967174530029297, loss_uv: 120.11461639404297
(4417126400, 23710007296)
Train Epoch: 4 [7000/33236 (21%)], loss_enc: 0.10744500160217285, loss 6.260592937469482, loss_qv_penalty: 0.0, loss_qv_quant: 1.2057543852250774e-09, loss_f0: 25.872432708740234, loss_uv: 107.41912078857422
(4417126400, 23710007296)
Train Epoch: 4 [7500/33236 (23%)], loss_enc: 0.10521624982357025, loss 6.359991550445557, loss_qv_penalty: 0.0, loss_qv_quant: 2.0491262020527756e-09, loss_f0: 26.845165252685547, loss_uv: 105.18939208984375
(4417126400, 23710007296)
Train Epoch: 4 [8000/33236 (24%)], loss_enc: 0.10944461822509766, loss 6.012875080108643, loss_qv_penalty: 0.0, loss_qv_quant: 1.691307871531933e-09, loss_f0: 26.288681030273438, loss_uv: 109.4183349609375
(4417126400, 23710007296)
Train Epoch: 4 [8500/33236 (26%)], loss_enc: 0.10873712599277496, loss 4.992349147796631, loss_qv_penalty: 0.0, loss_qv_quant: 1.2204911525870443e-09, loss_f0: 26.460227966308594, loss_uv: 108.71066284179688
(4417126400, 23710007296)
Train Epoch: 4 [9000/33236 (27%)], loss_enc: 0.09537412226200104, loss 6.099028587341309, loss_qv_penalty: 0.0, loss_qv_quant: 1.5354573168480101e-09, loss_f0: 27.080127716064453, loss_uv: 95.34703826904297
(4417126400, 23710007296)
Train Epoch: 4 [9500/33236 (29%)], loss_enc: 0.10985677689313889, loss 6.213737487792969, loss_qv_penalty: 0.0, loss_qv_quant: 2.1627011292935094e-09, loss_f0: 28.059032440185547, loss_uv: 109.8287124633789
(4417126400, 23710007296)
Train Epoch: 4 [10000/33236 (30%)], loss_enc: 0.11295455694198608, loss 6.463825702667236, loss_qv_penalty: 0.0, loss_qv_quant: 2.8332274304432303e-09, loss_f0: 27.312850952148438, loss_uv: 112.92723846435547
(4417126400, 23710007296)
Train Epoch: 4 [10500/33236 (32%)], loss_enc: 0.12860502302646637, loss 6.634539604187012, loss_qv_penalty: 0.0, loss_qv_quant: 2.7427375243860297e-05, loss_f0: 26.708404541015625, loss_uv: 128.55087280273438
(4417126400, 23710007296)
Train Epoch: 4 [11000/33236 (33%)], loss_enc: 0.11333493888378143, loss 5.316558837890625, loss_qv_penalty: 0.0, loss_qv_quant: 4.4341827987182114e-09, loss_f0: 26.86975860595703, loss_uv: 113.30807495117188
(4417126400, 23710007296)
Train Epoch: 4 [11500/33236 (35%)], loss_enc: 0.12192630767822266, loss 6.39539909362793, loss_qv_penalty: 0.0, loss_qv_quant: 3.846272189633737e-09, loss_f0: 27.973243713378906, loss_uv: 121.89833068847656
(4417126400, 23710007296)
Train Epoch: 4 [12000/33236 (36%)], loss_enc: 0.11132298409938812, loss 6.686507701873779, loss_qv_penalty: 0.0, loss_qv_quant: 5.6860951502812895e-09, loss_f0: 27.38697624206543, loss_uv: 111.29558563232422
(4417126400, 23710007296)
Train Epoch: 4 [12500/33236 (38%)], loss_enc: 0.11221662163734436, loss 6.592926979064941, loss_qv_penalty: 0.0, loss_qv_quant: 3.5371394702110592e-09, loss_f0: 27.31772804260254, loss_uv: 112.18929290771484
(4417126400, 23710007296)
Train Epoch: 4 [13000/33236 (39%)], loss_enc: 0.12631955742835999, loss 6.9175214767456055, loss_qv_penalty: 0.0, loss_qv_quant: 3.015476091050573e-09, loss_f0: 27.219261169433594, loss_uv: 126.29231262207031
(4417126400, 23710007296)
Train Epoch: 4 [13500/33236 (41%)], loss_enc: 0.1269863098859787, loss 6.070730209350586, loss_qv_penalty: 0.0, loss_qv_quant: 2.531157727858613e-09, loss_f0: 27.94493293762207, loss_uv: 126.95835876464844
(4417126400, 23710007296)
Train Epoch: 4 [14000/33236 (42%)], loss_enc: 0.08291956782341003, loss 6.306759834289551, loss_qv_penalty: 0.0, loss_qv_quant: 1.250367920313522e-09, loss_f0: 28.00339126586914, loss_uv: 82.89155578613281
(4417126400, 23710007296)
Train Epoch: 4 [14500/33236 (44%)], loss_enc: 0.12120777368545532, loss 5.600291728973389, loss_qv_penalty: 0.0, loss_qv_quant: 1.1410685729629222e-09, loss_f0: 28.491287231445312, loss_uv: 121.17927551269531
(4417126400, 23710007296)
Train Epoch: 4 [15000/33236 (45%)], loss_enc: 0.11172348260879517, loss 6.686501979827881, loss_qv_penalty: 0.0, loss_qv_quant: 1.453503539750045e-09, loss_f0: 29.124263763427734, loss_uv: 111.69435119628906
(4417126400, 23710007296)
Train Epoch: 4 [15500/33236 (47%)], loss_enc: 0.1268332302570343, loss 6.538950443267822, loss_qv_penalty: 0.0, loss_qv_quant: 1.578823627390591e-09, loss_f0: 27.186307907104492, loss_uv: 126.80604553222656
(4417126400, 23710007296)
Train Epoch: 4 [16000/33236 (48%)], loss_enc: 0.11906921863555908, loss 6.339283466339111, loss_qv_penalty: 0.0, loss_qv_quant: 1.9516170901567875e-09, loss_f0: 28.05167007446289, loss_uv: 119.04116821289062
(4417126400, 23710007296)
Train Epoch: 4 [16500/33236 (50%)], loss_enc: 0.12400980293750763, loss 7.282477378845215, loss_qv_penalty: 0.0, loss_qv_quant: 1.7009292863079395e-09, loss_f0: 27.50732421875, loss_uv: 123.98229217529297
(4417126400, 23710007296)
Train Epoch: 4 [17000/33236 (51%)], loss_enc: 0.10337294638156891, loss 5.239508152008057, loss_qv_penalty: 0.0, loss_qv_quant: 3.5079588123210215e-09, loss_f0: 28.31877899169922, loss_uv: 103.34461975097656
(4417126400, 23710007296)
Train Epoch: 4 [17500/33236 (53%)], loss_enc: 0.11792877316474915, loss 7.569863796234131, loss_qv_penalty: 0.0, loss_qv_quant: 2.326068448965657e-09, loss_f0: 29.323692321777344, loss_uv: 117.89944458007812
(4417126400, 23710007296)
Train Epoch: 4 [18000/33236 (54%)], loss_enc: 0.1082259863615036, loss 6.186293601989746, loss_qv_penalty: 0.0, loss_qv_quant: 2.0445507509236904e-09, loss_f0: 27.5831241607666, loss_uv: 108.19839477539062
(4417126400, 23710007296)
Train Epoch: 4 [18500/33236 (56%)], loss_enc: 0.11852820217609406, loss 6.86168909072876, loss_qv_penalty: 0.0, loss_qv_quant: 1.5162557875925131e-09, loss_f0: 28.99561309814453, loss_uv: 118.49919128417969
(4417126400, 23710007296)
Train Epoch: 4 [19000/33236 (57%)], loss_enc: 0.11352711170911789, loss 6.745179653167725, loss_qv_penalty: 0.0, loss_qv_quant: 2.0315333859599605e-09, loss_f0: 27.891315460205078, loss_uv: 113.49920654296875
(4417126400, 23710007296)
Train Epoch: 4 [19500/33236 (59%)], loss_enc: 0.0939025953412056, loss 6.555671691894531, loss_qv_penalty: 0.0, loss_qv_quant: 1.2540917193604173e-09, loss_f0: 27.314802169799805, loss_uv: 93.87527465820312
(4417126400, 23710007296)
Train Epoch: 4 [20000/33236 (60%)], loss_enc: 0.117544025182724, loss 5.486893177032471, loss_qv_penalty: 0.0, loss_qv_quant: 2.0250121579579172e-09, loss_f0: 28.63930892944336, loss_uv: 117.515380859375
(4417126400, 23710007296)
Train Epoch: 4 [20500/33236 (62%)], loss_enc: 0.13159197568893433, loss 4.6310038566589355, loss_qv_penalty: 0.0, loss_qv_quant: 1.6016701298582348e-09, loss_f0: 28.01931381225586, loss_uv: 131.56394958496094
(4417126400, 23710007296)
Train Epoch: 4 [21000/33236 (63%)], loss_enc: 0.12709492444992065, loss 5.631763458251953, loss_qv_penalty: 0.0, loss_qv_quant: 3.7180001299930154e-09, loss_f0: 28.332481384277344, loss_uv: 127.06658935546875
(4417126400, 23710007296)
Train Epoch: 4 [21500/33236 (65%)], loss_enc: 0.11726610362529755, loss 6.222397327423096, loss_qv_penalty: 0.0, loss_qv_quant: 4.93512253285644e-09, loss_f0: 29.248355865478516, loss_uv: 117.23684692382812
(4417126400, 23710007296)
Train Epoch: 4 [22000/33236 (66%)], loss_enc: 0.12613601982593536, loss 6.090649127960205, loss_qv_penalty: 0.0, loss_qv_quant: 2.9519080513296103e-09, loss_f0: 27.551025390625, loss_uv: 126.10845947265625
(4417126400, 23710007296)
Train Epoch: 4 [22500/33236 (68%)], loss_enc: 0.12161687016487122, loss 6.299566745758057, loss_qv_penalty: 0.0, loss_qv_quant: 3.211930721391809e-09, loss_f0: 28.868061065673828, loss_uv: 121.58799743652344
(4417126400, 23710007296)
Train Epoch: 4 [23000/33236 (69%)], loss_enc: 0.11031518131494522, loss 6.230652332305908, loss_qv_penalty: 0.0, loss_qv_quant: 1.250166525856855e-09, loss_f0: 27.933151245117188, loss_uv: 110.28724670410156
(4417126400, 23710007296)
Train Epoch: 4 [23500/33236 (71%)], loss_enc: 0.1227087676525116, loss 5.2634782791137695, loss_qv_penalty: 0.0, loss_qv_quant: 3.3521367903688315e-09, loss_f0: 27.900327682495117, loss_uv: 122.68085479736328
(4417126400, 23710007296)
Train Epoch: 4 [24000/33236 (72%)], loss_enc: 0.12776556611061096, loss 5.894085884094238, loss_qv_penalty: 0.0, loss_qv_quant: 1.889372658325783e-09, loss_f0: 28.697769165039062, loss_uv: 127.73686218261719
(4417126400, 23710007296)
Train Epoch: 4 [24500/33236 (74%)], loss_enc: 0.10821323841810226, loss 6.123324871063232, loss_qv_penalty: 0.0, loss_qv_quant: 1.2834469043099261e-09, loss_f0: 29.480758666992188, loss_uv: 108.18375396728516
(4417126400, 23710007296)
Train Epoch: 4 [25000/33236 (75%)], loss_enc: 0.1257827877998352, loss 7.744575500488281, loss_qv_penalty: 0.0, loss_qv_quant: 1.9383994853683362e-08, loss_f0: 29.080364227294922, loss_uv: 125.75367736816406
(4417126400, 23710007296)
Train Epoch: 4 [25500/33236 (77%)], loss_enc: 0.13264748454093933, loss 5.5127949714660645, loss_qv_penalty: 0.0, loss_qv_quant: 1.0519973780986902e-09, loss_f0: 29.089378356933594, loss_uv: 132.61837768554688
(4417126400, 23710007296)
Train Epoch: 4 [26000/33236 (78%)], loss_enc: 0.13958396017551422, loss 6.145375728607178, loss_qv_penalty: 0.0, loss_qv_quant: 2.1873672650940534e-08, loss_f0: 28.25214958190918, loss_uv: 139.5556640625
(4417126400, 23710007296)
Train Epoch: 4 [26500/33236 (80%)], loss_enc: 0.11792080849409103, loss 6.329832077026367, loss_qv_penalty: 0.0, loss_qv_quant: 6.422783638271312e-09, loss_f0: 28.52741241455078, loss_uv: 117.89227294921875
(4417126400, 23710007296)
Train Epoch: 4 [27000/33236 (81%)], loss_enc: 0.10943678021430969, loss 5.924047946929932, loss_qv_penalty: 0.0, loss_qv_quant: 5.585326423585002e-09, loss_f0: 28.714229583740234, loss_uv: 109.40805053710938
(4417126400, 23710007296)
Train Epoch: 4 [27500/33236 (83%)], loss_enc: 0.11966013163328171, loss 6.003570079803467, loss_qv_penalty: 0.0, loss_qv_quant: 3.141447990628876e-09, loss_f0: 28.99312973022461, loss_uv: 119.63113403320312
(4417126400, 23710007296)
Train Epoch: 4 [28000/33236 (84%)], loss_enc: 0.12323443591594696, loss 6.4016499519348145, loss_qv_penalty: 0.0, loss_qv_quant: 2.6781670214859332e-09, loss_f0: 29.162443161010742, loss_uv: 123.20526885986328
(4417126400, 23710007296)
Train Epoch: 4 [28500/33236 (86%)], loss_enc: 0.12569460272789001, loss 5.809961795806885, loss_qv_penalty: 0.0, loss_qv_quant: 1.5683376819453088e-09, loss_f0: 30.195711135864258, loss_uv: 125.66441345214844
(4417126400, 23710007296)
Train Epoch: 4 [29000/33236 (87%)], loss_enc: 0.12268415838479996, loss 6.595401287078857, loss_qv_penalty: 0.0, loss_qv_quant: 2.2134156729691767e-09, loss_f0: 30.327342987060547, loss_uv: 122.65382385253906
(4417126400, 23710007296)
Train Epoch: 4 [29500/33236 (89%)], loss_enc: 0.14247927069664001, loss 6.437987804412842, loss_qv_penalty: 0.0, loss_qv_quant: 9.667563416471125e-10, loss_f0: 29.582305908203125, loss_uv: 142.44967651367188
(4417126400, 23710007296)
Train Epoch: 4 [30000/33236 (90%)], loss_enc: 0.11802637577056885, loss 6.527808666229248, loss_qv_penalty: 0.0, loss_qv_quant: 1.3778833629629617e-09, loss_f0: 29.499608993530273, loss_uv: 117.99687957763672
(4417126400, 23710007296)
Train Epoch: 4 [30500/33236 (92%)], loss_enc: 0.13000555336475372, loss 6.741912841796875, loss_qv_penalty: 0.0, loss_qv_quant: 1.8937467149982012e-09, loss_f0: 29.26737403869629, loss_uv: 129.9762725830078
(4417126400, 23710007296)
Train Epoch: 4 [31000/33236 (93%)], loss_enc: 0.12317591905593872, loss 6.534205913543701, loss_qv_penalty: 0.0, loss_qv_quant: 4.644208217996493e-08, loss_f0: 29.324434280395508, loss_uv: 123.14653015136719
(4417126400, 23710007296)
Train Epoch: 4 [31500/33236 (95%)], loss_enc: 0.13734252750873566, loss 6.145386695861816, loss_qv_penalty: 0.0, loss_qv_quant: 5.362324806412744e-09, loss_f0: 30.33130645751953, loss_uv: 137.31219482421875
(4417126400, 23710007296)
Train Epoch: 4 [32000/33236 (96%)], loss_enc: 0.11327087879180908, loss 6.925233364105225, loss_qv_penalty: 0.0, loss_qv_quant: 2.4835820067181658e-09, loss_f0: 29.700477600097656, loss_uv: 113.24116516113281
(4417126400, 23710007296)
Train Epoch: 4 [32500/33236 (98%)], loss_enc: 0.11583015322685242, loss 5.889820575714111, loss_qv_penalty: 0.0, loss_qv_quant: 3.4926017633551965e-09, loss_f0: 29.906600952148438, loss_uv: 115.80023956298828
(4417126400, 23710007296)
Train Epoch: 4 [33000/33236 (99%)], loss_enc: 0.1378287971019745, loss 5.76274299621582, loss_qv_penalty: 0.0, loss_qv_quant: 1.4475363130372898e-09, loss_f0: 30.28076934814453, loss_uv: 137.79852294921875
----------------------------------------Epoch: 5----------------------------------------
(4417126400, 23710007296)
Train Epoch: 5 [0/33236 (0%)], loss_enc: 0.12094053626060486, loss 5.568663120269775, loss_qv_penalty: 0.0, loss_qv_quant: 9.408516632447572e-09, loss_f0: 30.058513641357422, loss_uv: 120.91046142578125
(4417126400, 23710007296)
Train Epoch: 5 [500/33236 (2%)], loss_enc: 0.12719836831092834, loss 6.135518550872803, loss_qv_penalty: 0.0, loss_qv_quant: 4.2847032588611e-09, loss_f0: 30.047393798828125, loss_uv: 127.16829681396484
(4417126400, 23710007296)
Train Epoch: 5 [1000/33236 (3%)], loss_enc: 0.14184220135211945, loss 6.722942352294922, loss_qv_penalty: 0.0, loss_qv_quant: 1.728068355077994e-09, loss_f0: 31.140884399414062, loss_uv: 141.81106567382812
(4417126400, 23710007296)
Train Epoch: 5 [1500/33236 (5%)], loss_enc: 0.14859648048877716, loss 6.520609378814697, loss_qv_penalty: 0.0, loss_qv_quant: 1.4754446553411071e-09, loss_f0: 31.068695068359375, loss_uv: 148.56539916992188
(4417126400, 23710007296)
Train Epoch: 5 [2000/33236 (6%)], loss_enc: 0.14088886976242065, loss 6.7509589195251465, loss_qv_penalty: 0.0, loss_qv_quant: 1.454232290143409e-09, loss_f0: 29.826610565185547, loss_uv: 140.8590545654297
(4417126400, 23710007296)
Train Epoch: 5 [2500/33236 (8%)], loss_enc: 0.14193540811538696, loss 7.196318626403809, loss_qv_penalty: 0.0, loss_qv_quant: 1.9661183792152315e-09, loss_f0: 29.257295608520508, loss_uv: 141.90615844726562
(4417126400, 23710007296)
Train Epoch: 5 [3000/33236 (9%)], loss_enc: 0.14546480774879456, loss 6.135809421539307, loss_qv_penalty: 0.0, loss_qv_quant: 1.5300399835993517e-09, loss_f0: 29.425270080566406, loss_uv: 145.43536376953125
(4417126400, 23710007296)
Train Epoch: 5 [3500/33236 (11%)], loss_enc: 0.11926427483558655, loss 5.791547775268555, loss_qv_penalty: 0.0, loss_qv_quant: 6.904827500875399e-07, loss_f0: 31.01171875, loss_uv: 119.23257446289062
(4417126400, 23710007296)
Train Epoch: 5 [4000/33236 (12%)], loss_enc: 0.11442989110946655, loss 6.398552894592285, loss_qv_penalty: 0.0, loss_qv_quant: 2.4413284727131668e-09, loss_f0: 30.920085906982422, loss_uv: 114.39895629882812
(4417126400, 23710007296)
Train Epoch: 5 [4500/33236 (14%)], loss_enc: 0.12159408628940582, loss 7.561741828918457, loss_qv_penalty: 0.0, loss_qv_quant: 1.2066395882470715e-08, loss_f0: 29.540996551513672, loss_uv: 121.56452941894531
(4417126400, 23710007296)
Train Epoch: 5 [5000/33236 (15%)], loss_enc: 0.1228361427783966, loss 5.6469221115112305, loss_qv_penalty: 0.0, loss_qv_quant: 2.6381097306682477e-09, loss_f0: 29.595970153808594, loss_uv: 122.80653381347656
(4417126400, 23710007296)
Train Epoch: 5 [5500/33236 (17%)], loss_enc: 0.1277180016040802, loss 6.86506986618042, loss_qv_penalty: 0.0, loss_qv_quant: 2.0844603820791008e-09, loss_f0: 30.799076080322266, loss_uv: 127.68719482421875
(4417126400, 23710007296)
Train Epoch: 5 [6000/33236 (18%)], loss_enc: 0.11053790152072906, loss 5.673190593719482, loss_qv_penalty: 0.0, loss_qv_quant: 1.1013806533455295e-09, loss_f0: 31.421772003173828, loss_uv: 110.50648498535156
(4417126400, 23710007296)
Train Epoch: 5 [6500/33236 (20%)], loss_enc: 0.129233717918396, loss 5.650051593780518, loss_qv_penalty: 0.0, loss_qv_quant: 1.1075559358530995e-09, loss_f0: 30.97640609741211, loss_uv: 129.20272827148438
(4417126400, 23710007296)
Train Epoch: 5 [7000/33236 (21%)], loss_enc: 0.1343936324119568, loss 5.5702805519104, loss_qv_penalty: 0.0, loss_qv_quant: 1.4833257955260137e-09, loss_f0: 31.285974502563477, loss_uv: 134.36233520507812
(4417126400, 23710007296)
Train Epoch: 5 [7500/33236 (23%)], loss_enc: 0.1541314721107483, loss 6.572892189025879, loss_qv_penalty: 0.0, loss_qv_quant: 2.465096571313552e-09, loss_f0: 29.820236206054688, loss_uv: 154.10165405273438
(4417126400, 23710007296)
Train Epoch: 5 [8000/33236 (24%)], loss_enc: 0.14074021577835083, loss 6.810255527496338, loss_qv_penalty: 0.0, loss_qv_quant: 1.3506979978927802e-09, loss_f0: 32.68170166015625, loss_uv: 140.70751953125
(4417126400, 23710007296)
Train Epoch: 5 [8500/33236 (26%)], loss_enc: 0.13613751530647278, loss 5.387682914733887, loss_qv_penalty: 0.0, loss_qv_quant: 1.1021322743332007e-09, loss_f0: 31.111480712890625, loss_uv: 136.1063995361328
(4417126400, 23710007296)
Train Epoch: 5 [9000/33236 (27%)], loss_enc: 0.11428990960121155, loss 6.791624546051025, loss_qv_penalty: 0.0, loss_qv_quant: 1.4145088433892283e-09, loss_f0: 31.73755645751953, loss_uv: 114.25816345214844
(4417126400, 23710007296)
Train Epoch: 5 [9500/33236 (29%)], loss_enc: 0.13318918645381927, loss 6.291685581207275, loss_qv_penalty: 0.0, loss_qv_quant: 6.381860373494419e-09, loss_f0: 30.741138458251953, loss_uv: 133.15843200683594
(4417126400, 23710007296)
Train Epoch: 5 [10000/33236 (30%)], loss_enc: 0.14121048152446747, loss 7.183165073394775, loss_qv_penalty: 0.0, loss_qv_quant: 1.5768706340679728e-09, loss_f0: 32.1060791015625, loss_uv: 141.17837524414062
(4417126400, 23710007296)
Train Epoch: 5 [10500/33236 (32%)], loss_enc: 0.14943146705627441, loss 6.685713768005371, loss_qv_penalty: 0.0, loss_qv_quant: 1.0418368390219257e-09, loss_f0: 31.776344299316406, loss_uv: 149.39968872070312
(4417126400, 23710007296)
Train Epoch: 5 [11000/33236 (33%)], loss_enc: 0.13999232649803162, loss 6.399991035461426, loss_qv_penalty: 0.0, loss_qv_quant: 1.2306870189604524e-08, loss_f0: 32.885467529296875, loss_uv: 139.9594268798828
(4417126400, 23710007296)
Train Epoch: 5 [11500/33236 (35%)], loss_enc: 0.13835738599300385, loss 5.745556354522705, loss_qv_penalty: 0.0, loss_qv_quant: 1.1169696279011987e-09, loss_f0: 32.841590881347656, loss_uv: 138.32452392578125
(4417126400, 23710007296)
Train Epoch: 5 [12000/33236 (36%)], loss_enc: 0.1348661631345749, loss 6.538502216339111, loss_qv_penalty: 0.0, loss_qv_quant: 1.5792719354479345e-09, loss_f0: 31.005855560302734, loss_uv: 134.83514404296875
(4417126400, 23710007296)
Train Epoch: 5 [12500/33236 (38%)], loss_enc: 0.1326095163822174, loss 6.671396255493164, loss_qv_penalty: 0.0, loss_qv_quant: 1.491694878730243e-09, loss_f0: 31.553050994873047, loss_uv: 132.5779571533203
(4417126400, 23710007296)
Train Epoch: 5 [13000/33236 (39%)], loss_enc: 0.11306004226207733, loss 6.9072418212890625, loss_qv_penalty: 0.0, loss_qv_quant: 8.442014864940006e-10, loss_f0: 31.83831787109375, loss_uv: 113.0281982421875
(4417126400, 23710007296)
Train Epoch: 5 [13500/33236 (41%)], loss_enc: 0.1253202110528946, loss 7.519008636474609, loss_qv_penalty: 0.0, loss_qv_quant: 3.2113192105498456e-09, loss_f0: 31.676788330078125, loss_uv: 125.28851318359375
(4417126400, 23710007296)
Train Epoch: 5 [14000/33236 (42%)], loss_enc: 0.12682312726974487, loss 7.190386772155762, loss_qv_penalty: 0.0, loss_qv_quant: 2.331385084985982e-09, loss_f0: 31.187400817871094, loss_uv: 126.79192352294922
(4417126400, 23710007296)
Train Epoch: 5 [14500/33236 (44%)], loss_enc: 0.1437831073999405, loss 6.718324184417725, loss_qv_penalty: 0.0, loss_qv_quant: 1.369134472462008e-09, loss_f0: 31.990840911865234, loss_uv: 143.7510986328125
(4417126400, 23710007296)
Train Epoch: 5 [15000/33236 (45%)], loss_enc: 0.12020422518253326, loss 6.200248718261719, loss_qv_penalty: 0.0, loss_qv_quant: 1.0092805480255151e-09, loss_f0: 31.674137115478516, loss_uv: 120.17254638671875
(4417126400, 23710007296)
Train Epoch: 5 [15500/33236 (47%)], loss_enc: 0.14227551221847534, loss 5.843569755554199, loss_qv_penalty: 0.0, loss_qv_quant: 1.3901368944857495e-09, loss_f0: 31.039730072021484, loss_uv: 142.24447631835938
(4417126400, 23710007296)
Train Epoch: 5 [16000/33236 (48%)], loss_enc: 0.1420968472957611, loss 6.032889366149902, loss_qv_penalty: 0.0, loss_qv_quant: 1.2267777904639843e-09, loss_f0: 32.41990661621094, loss_uv: 142.06442260742188
(4417126400, 23710007296)
Train Epoch: 5 [16500/33236 (50%)], loss_enc: 0.15298263728618622, loss 5.422152996063232, loss_qv_penalty: 0.0, loss_qv_quant: 1.1658803922287575e-09, loss_f0: 32.454566955566406, loss_uv: 152.95016479492188
(4417126400, 23710007296)
Train Epoch: 5 [17000/33236 (51%)], loss_enc: 0.1110302060842514, loss 6.8823041915893555, loss_qv_penalty: 0.0, loss_qv_quant: 5.020407911615621e-08, loss_f0: 32.06014633178711, loss_uv: 110.99809265136719
(4417126400, 23710007296)
Train Epoch: 5 [17500/33236 (53%)], loss_enc: 0.14536137878894806, loss 6.308339595794678, loss_qv_penalty: 0.0, loss_qv_quant: 1.0470924127758963e-09, loss_f0: 31.789939880371094, loss_uv: 145.32957458496094
(4417126400, 23710007296)
Train Epoch: 5 [18000/33236 (54%)], loss_enc: 0.1540575921535492, loss 5.6200642585754395, loss_qv_penalty: 0.0, loss_qv_quant: 2.48436937688723e-09, loss_f0: 33.811065673828125, loss_uv: 154.02377319335938
(4417126400, 23710007296)
Train Epoch: 5 [18500/33236 (56%)], loss_enc: 0.14939644932746887, loss 7.9196906089782715, loss_qv_penalty: 0.0, loss_qv_quant: 1.3322705161300519e-09, loss_f0: 31.840368270874023, loss_uv: 149.36459350585938
(4417126400, 23710007296)
Train Epoch: 5 [19000/33236 (57%)], loss_enc: 0.13545137643814087, loss 5.401340484619141, loss_qv_penalty: 0.0, loss_qv_quant: 1.8993885575468994e-08, loss_f0: 32.777259826660156, loss_uv: 135.4185791015625
(4417126400, 23710007296)
Train Epoch: 5 [19500/33236 (59%)], loss_enc: 0.1272740662097931, loss 6.7374444007873535, loss_qv_penalty: 0.0, loss_qv_quant: 4.08791933637076e-09, loss_f0: 32.37614822387695, loss_uv: 127.24166870117188
(4417126400, 23710007296)
Train Epoch: 5 [20000/33236 (60%)], loss_enc: 0.13038645684719086, loss 6.519628047943115, loss_qv_penalty: 0.0, loss_qv_quant: 2.715419000764996e-09, loss_f0: 32.32084655761719, loss_uv: 130.3541259765625
(4417126400, 23710007296)
Train Epoch: 5 [20500/33236 (62%)], loss_enc: 0.14700227975845337, loss 5.380220890045166, loss_qv_penalty: 0.0, loss_qv_quant: 2.3225412704164228e-09, loss_f0: 31.57341766357422, loss_uv: 146.970703125
(4417126400, 23710007296)
Train Epoch: 5 [21000/33236 (63%)], loss_enc: 0.14659081399440765, loss 6.1561431884765625, loss_qv_penalty: 0.0, loss_qv_quant: 2.498725670818658e-09, loss_f0: 34.37024688720703, loss_uv: 146.5564422607422
(4417126400, 23710007296)
Train Epoch: 5 [21500/33236 (65%)], loss_enc: 0.15873652696609497, loss 6.581650257110596, loss_qv_penalty: 0.0, loss_qv_quant: 1.499891766343353e-09, loss_f0: 34.13534164428711, loss_uv: 158.702392578125
(4417126400, 23710007296)
Train Epoch: 5 [22000/33236 (66%)], loss_enc: 0.14016756415367126, loss 5.915125846862793, loss_qv_penalty: 0.0, loss_qv_quant: 2.4728499248283242e-09, loss_f0: 34.184181213378906, loss_uv: 140.13336181640625
(4417126400, 23710007296)
Train Epoch: 5 [22500/33236 (68%)], loss_enc: 0.1478137969970703, loss 5.382554531097412, loss_qv_penalty: 0.0, loss_qv_quant: 6.55469567512057e-10, loss_f0: 32.95439529418945, loss_uv: 147.78085327148438
(4417126400, 23710007296)
Train Epoch: 5 [23000/33236 (69%)], loss_enc: 0.13222894072532654, loss 6.582881927490234, loss_qv_penalty: 0.0, loss_qv_quant: 5.524906754317271e-09, loss_f0: 32.18353271484375, loss_uv: 132.19674682617188
(4417126400, 23710007296)
Train Epoch: 5 [23500/33236 (71%)], loss_enc: 0.1430521011352539, loss 7.061337947845459, loss_qv_penalty: 0.0, loss_qv_quant: 1.3832086587228787e-09, loss_f0: 32.154815673828125, loss_uv: 143.01992797851562
(4417126400, 23710007296)
Train Epoch: 5 [24000/33236 (72%)], loss_enc: 0.15115876495838165, loss 6.980825424194336, loss_qv_penalty: 0.0, loss_qv_quant: 7.034661742011394e-10, loss_f0: 33.17759704589844, loss_uv: 151.12557983398438
(4417126400, 23710007296)
Train Epoch: 5 [24500/33236 (74%)], loss_enc: 0.14798611402511597, loss 5.7625017166137695, loss_qv_penalty: 0.0, loss_qv_quant: 7.07780778430589e-10, loss_f0: 33.96030807495117, loss_uv: 147.9521484375
(4417126400, 23710007296)
Train Epoch: 5 [25000/33236 (75%)], loss_enc: 0.15443933010101318, loss 6.4709625244140625, loss_qv_penalty: 0.0, loss_qv_quant: 1.5523988761145802e-09, loss_f0: 33.75178146362305, loss_uv: 154.4055633544922
(4417126400, 23710007296)
Train Epoch: 5 [25500/33236 (77%)], loss_enc: 0.15659141540527344, loss 7.297830581665039, loss_qv_penalty: 0.0, loss_qv_quant: 2.8347639791093115e-09, loss_f0: 31.295631408691406, loss_uv: 156.5601043701172
(4417126400, 23710007296)
Train Epoch: 5 [26000/33236 (78%)], loss_enc: 0.13067403435707092, loss 6.886188983917236, loss_qv_penalty: 0.0, loss_qv_quant: 1.239534919150742e-09, loss_f0: 34.578453063964844, loss_uv: 130.6394500732422
(4417126400, 23710007296)
Train Epoch: 5 [26500/33236 (80%)], loss_enc: 0.14053338766098022, loss 6.573131084442139, loss_qv_penalty: 0.0, loss_qv_quant: 9.497576058947743e-10, loss_f0: 33.038116455078125, loss_uv: 140.50035095214844
(4417126400, 23710007296)
Train Epoch: 5 [27000/33236 (81%)], loss_enc: 0.14886602759361267, loss 6.6442718505859375, loss_qv_penalty: 0.0, loss_qv_quant: 9.697102010264302e-10, loss_f0: 34.2740364074707, loss_uv: 148.83175659179688
(4417126400, 23710007296)
Train Epoch: 5 [27500/33236 (83%)], loss_enc: 0.13522709906101227, loss 6.280399799346924, loss_qv_penalty: 0.0, loss_qv_quant: 8.467176959570111e-10, loss_f0: 34.028541564941406, loss_uv: 135.1930694580078
(4417126400, 23710007296)
Train Epoch: 5 [28000/33236 (84%)], loss_enc: 0.13212904334068298, loss 7.327935218811035, loss_qv_penalty: 0.0, loss_qv_quant: 6.124611928726154e-10, loss_f0: 33.904720306396484, loss_uv: 132.09512329101562
(4417126400, 23710007296)
Train Epoch: 5 [28500/33236 (86%)], loss_enc: 0.13353776931762695, loss 6.163008213043213, loss_qv_penalty: 0.0, loss_qv_quant: 1.15727649685482e-09, loss_f0: 35.215187072753906, loss_uv: 133.5025634765625
(4417126400, 23710007296)
Train Epoch: 5 [29000/33236 (87%)], loss_enc: 0.1666741669178009, loss 6.88460111618042, loss_qv_penalty: 0.0, loss_qv_quant: 3.349350574666232e-09, loss_f0: 34.78074645996094, loss_uv: 166.63937377929688
(4417126400, 23710007296)
Train Epoch: 5 [29500/33236 (89%)], loss_enc: 0.14691069722175598, loss 6.056495189666748, loss_qv_penalty: 0.0, loss_qv_quant: 1.2006944327680458e-09, loss_f0: 33.86927795410156, loss_uv: 146.87680053710938
(4417126400, 23710007296)
Train Epoch: 5 [30000/33236 (90%)], loss_enc: 0.14986039698123932, loss 6.670792579650879, loss_qv_penalty: 0.0, loss_qv_quant: 1.3195871062521292e-09, loss_f0: 34.28059768676758, loss_uv: 149.82611083984375
(4417126400, 23710007296)
Train Epoch: 5 [30500/33236 (92%)], loss_enc: 0.15749800205230713, loss 5.83589506149292, loss_qv_penalty: 0.0, loss_qv_quant: 5.445391360048291e-10, loss_f0: 33.576358795166016, loss_uv: 157.46441650390625
(4417126400, 23710007296)
Train Epoch: 5 [31000/33236 (93%)], loss_enc: 0.1470423936843872, loss 5.877194881439209, loss_qv_penalty: 0.0, loss_qv_quant: 1.1057288418214739e-08, loss_f0: 35.5601806640625, loss_uv: 147.00680541992188
(4417126400, 23710007296)
Train Epoch: 5 [31500/33236 (95%)], loss_enc: 0.12823909521102905, loss 5.8752031326293945, loss_qv_penalty: 0.0, loss_qv_quant: 6.368194860328913e-10, loss_f0: 33.227760314941406, loss_uv: 128.2058563232422
(4417126400, 23710007296)
Train Epoch: 5 [32000/33236 (96%)], loss_enc: 0.15660691261291504, loss 5.2900543212890625, loss_qv_penalty: 0.0, loss_qv_quant: 1.7473890112640333e-09, loss_f0: 34.35625457763672, loss_uv: 156.57254028320312
(4417126400, 23710007296)
Train Epoch: 5 [32500/33236 (98%)], loss_enc: 0.1695762276649475, loss 6.4204206466674805, loss_qv_penalty: 0.0, loss_qv_quant: 1.150443296182857e-09, loss_f0: 34.35569763183594, loss_uv: 169.5418701171875
(4417126400, 23710007296)
Train Epoch: 5 [33000/33236 (99%)], loss_enc: 0.15180586278438568, loss 5.397034168243408, loss_qv_penalty: 0.0, loss_qv_quant: 2.2665014309808384e-09, loss_f0: 33.66089630126953, loss_uv: 151.77220153808594
----------------------------------------Epoch: 6----------------------------------------
(4417126400, 23710007296)
Train Epoch: 6 [0/33236 (0%)], loss_enc: 0.14727041125297546, loss 6.912527561187744, loss_qv_penalty: 0.0, loss_qv_quant: 7.739813234763915e-10, loss_f0: 34.446510314941406, loss_uv: 147.23594665527344
(4417126400, 23710007296)
Train Epoch: 6 [500/33236 (2%)], loss_enc: 0.15635010600090027, loss 6.235703468322754, loss_qv_penalty: 0.0, loss_qv_quant: 8.775793425286338e-10, loss_f0: 34.76692581176758, loss_uv: 156.31533813476562
(4417126400, 23710007296)
Train Epoch: 6 [1000/33236 (3%)], loss_enc: 0.16612038016319275, loss 5.831964015960693, loss_qv_penalty: 0.0, loss_qv_quant: 2.5217823385048632e-09, loss_f0: 33.5472297668457, loss_uv: 166.0868377685547
(4417126400, 23710007296)
Train Epoch: 6 [1500/33236 (5%)], loss_enc: 0.1497502624988556, loss 5.143826007843018, loss_qv_penalty: 0.0, loss_qv_quant: 3.7634699801003535e-09, loss_f0: 33.39414978027344, loss_uv: 149.71685791015625
(4415029248, 23710007296)
Train Epoch: 6 [2000/33236 (6%)], loss_enc: 0.15783870220184326, loss 7.01409387588501, loss_qv_penalty: 0.0, loss_qv_quant: 7.645790112142947e-10, loss_f0: 35.330474853515625, loss_uv: 157.8033447265625
(4415029248, 23710007296)
Train Epoch: 6 [2500/33236 (8%)], loss_enc: 0.15669071674346924, loss 6.693918228149414, loss_qv_penalty: 0.0, loss_qv_quant: 1.1208819428176753e-09, loss_f0: 34.97599411010742, loss_uv: 156.65574645996094
(4415029248, 23710007296)
Train Epoch: 6 [3000/33236 (9%)], loss_enc: 0.14587078988552094, loss 5.864569187164307, loss_qv_penalty: 0.0, loss_qv_quant: 5.228084076769335e-10, loss_f0: 34.80769729614258, loss_uv: 145.83596801757812
(4415029248, 23710007296)
Train Epoch: 6 [3500/33236 (11%)], loss_enc: 0.1431875377893448, loss 6.778952598571777, loss_qv_penalty: 0.0, loss_qv_quant: 6.413882758238287e-10, loss_f0: 35.48265838623047, loss_uv: 143.15203857421875
(4415029248, 23710007296)
Train Epoch: 6 [4000/33236 (12%)], loss_enc: 0.17147015035152435, loss 6.567474365234375, loss_qv_penalty: 0.0, loss_qv_quant: 1.2417332717618024e-09, loss_f0: 36.00917053222656, loss_uv: 171.4341278076172
(4415029248, 23710007296)
Train Epoch: 6 [4500/33236 (14%)], loss_enc: 0.14560332894325256, loss 6.364504814147949, loss_qv_penalty: 0.0, loss_qv_quant: 5.669236191607752e-10, loss_f0: 35.40055847167969, loss_uv: 145.56793212890625
(4415029248, 23710007296)
Train Epoch: 6 [5000/33236 (15%)], loss_enc: 0.15574419498443604, loss 6.889789581298828, loss_qv_penalty: 0.0, loss_qv_quant: 8.564250419951236e-10, loss_f0: 36.08551025390625, loss_uv: 155.70809936523438
(4415029248, 23710007296)
Train Epoch: 6 [5500/33236 (17%)], loss_enc: 0.15375062823295593, loss 6.2107672691345215, loss_qv_penalty: 0.0, loss_qv_quant: 2.057486847562018e-09, loss_f0: 34.08369445800781, loss_uv: 153.716552734375
(4415029248, 23710007296)
Train Epoch: 6 [6000/33236 (18%)], loss_enc: 0.15487557649612427, loss 5.731819152832031, loss_qv_penalty: 0.0, loss_qv_quant: 9.46896006048803e-10, loss_f0: 34.57707214355469, loss_uv: 154.8409881591797
(4415029248, 23710007296)
Train Epoch: 6 [6500/33236 (20%)], loss_enc: 0.14176017045974731, loss 5.853170394897461, loss_qv_penalty: 0.0, loss_qv_quant: 4.9544786051569645e-09, loss_f0: 35.51214599609375, loss_uv: 141.7246551513672
(4415029248, 23710007296)
Train Epoch: 6 [7000/33236 (21%)], loss_enc: 0.15185129642486572, loss 6.51650857925415, loss_qv_penalty: 0.0, loss_qv_quant: 4.2572648184524553e-10, loss_f0: 36.28892517089844, loss_uv: 151.81500244140625
(4415029248, 23710007296)
Train Epoch: 6 [7500/33236 (23%)], loss_enc: 0.17090150713920593, loss 5.884382247924805, loss_qv_penalty: 0.0, loss_qv_quant: 9.925614996575405e-09, loss_f0: 36.395111083984375, loss_uv: 170.8651123046875
(4415029248, 23710007296)
Train Epoch: 6 [8000/33236 (24%)], loss_enc: 0.1542978733778, loss 6.135322093963623, loss_qv_penalty: 0.0, loss_qv_quant: 2.484179528750019e-09, loss_f0: 36.2041130065918, loss_uv: 154.26165771484375
(4415029248, 23710007296)
Train Epoch: 6 [8500/33236 (26%)], loss_enc: 0.12102842330932617, loss 6.712193965911865, loss_qv_penalty: 0.0, loss_qv_quant: 1.3624459338501538e-09, loss_f0: 35.614681243896484, loss_uv: 120.99280548095703
(4415029248, 23710007296)
Train Epoch: 6 [9000/33236 (27%)], loss_enc: 0.15829944610595703, loss 5.774123668670654, loss_qv_penalty: 0.0, loss_qv_quant: 1.5382224383131415e-09, loss_f0: 35.595191955566406, loss_uv: 158.26385498046875
(4415029248, 23710007296)
Train Epoch: 6 [9500/33236 (29%)], loss_enc: 0.17530256509780884, loss 6.484948635101318, loss_qv_penalty: 0.0, loss_qv_quant: 1.1659788690110418e-09, loss_f0: 37.311279296875, loss_uv: 175.26524353027344
(4415029248, 23710007296)
Train Epoch: 6 [10000/33236 (30%)], loss_enc: 0.12418925762176514, loss 7.206566333770752, loss_qv_penalty: 0.0, loss_qv_quant: 1.9225756542340378e-09, loss_f0: 36.46344757080078, loss_uv: 124.15278625488281
(4415029248, 23710007296)
Train Epoch: 6 [10500/33236 (32%)], loss_enc: 0.1429327428340912, loss 6.567521095275879, loss_qv_penalty: 0.0, loss_qv_quant: 1.9798469530485363e-09, loss_f0: 35.24838638305664, loss_uv: 142.89749145507812
(4415029248, 23710007296)
Train Epoch: 6 [11000/33236 (33%)], loss_enc: 0.16593700647354126, loss 6.210399150848389, loss_qv_penalty: 0.0, loss_qv_quant: 1.6587974327464394e-09, loss_f0: 36.295597076416016, loss_uv: 165.9007110595703
(4415029248, 23710007296)
Train Epoch: 6 [11500/33236 (35%)], loss_enc: 0.16087153553962708, loss 7.629508972167969, loss_qv_penalty: 0.0, loss_qv_quant: 1.2270227056632166e-09, loss_f0: 37.75690841674805, loss_uv: 160.83375549316406
(4415029248, 23710007296)
Train Epoch: 6 [12000/33236 (36%)], loss_enc: 0.1677371710538864, loss 6.20841121673584, loss_qv_penalty: 0.0, loss_qv_quant: 1.2906634649922921e-09, loss_f0: 35.33460235595703, loss_uv: 167.70181274414062
(4415029248, 23710007296)
Train Epoch: 6 [12500/33236 (38%)], loss_enc: 0.17306777834892273, loss 5.797558307647705, loss_qv_penalty: 0.0, loss_qv_quant: 1.1564118551632419e-09, loss_f0: 36.602195739746094, loss_uv: 173.03115844726562
(4415029248, 23710007296)
Train Epoch: 6 [13000/33236 (39%)], loss_enc: 0.153241366147995, loss 5.015294075012207, loss_qv_penalty: 0.0, loss_qv_quant: 3.1077204698526373e-10, loss_f0: 37.244503021240234, loss_uv: 153.20411682128906
(4415029248, 23710007296)
Train Epoch: 6 [13500/33236 (41%)], loss_enc: 0.14235514402389526, loss 7.117464542388916, loss_qv_penalty: 0.0, loss_qv_quant: 4.875598813569582e-10, loss_f0: 36.64692306518555, loss_uv: 142.3184814453125
(4415029248, 23710007296)
Train Epoch: 6 [14000/33236 (42%)], loss_enc: 0.18119801580905914, loss 6.223735332489014, loss_qv_penalty: 0.0, loss_qv_quant: 7.327614071073185e-10, loss_f0: 36.38059997558594, loss_uv: 181.16162109375
(4415029248, 23710007296)
Train Epoch: 6 [14500/33236 (44%)], loss_enc: 0.1742737591266632, loss 5.61376428604126, loss_qv_penalty: 0.0, loss_qv_quant: 5.034966332750912e-10, loss_f0: 37.17852783203125, loss_uv: 174.236572265625
(4415029248, 23710007296)
Train Epoch: 6 [15000/33236 (45%)], loss_enc: 0.14312902092933655, loss 6.084723949432373, loss_qv_penalty: 0.0, loss_qv_quant: 1.326585175043249e-09, loss_f0: 37.11431121826172, loss_uv: 143.09188842773438
(4415029248, 23710007296)
Train Epoch: 6 [15500/33236 (47%)], loss_enc: 0.1661970615386963, loss 6.820598602294922, loss_qv_penalty: 0.0, loss_qv_quant: 7.262058732138144e-10, loss_f0: 37.42218017578125, loss_uv: 166.15963745117188
(4415029248, 23710007296)
Train Epoch: 6 [16000/33236 (48%)], loss_enc: 0.15591245889663696, loss 5.76431941986084, loss_qv_penalty: 0.0, loss_qv_quant: 7.910464505656023e-10, loss_f0: 38.97653579711914, loss_uv: 155.87347412109375
(4415029248, 23710007296)
Train Epoch: 6 [16500/33236 (50%)], loss_enc: 0.18968921899795532, loss 6.358304977416992, loss_qv_penalty: 0.0, loss_qv_quant: 5.077882003767797e-10, loss_f0: 37.487274169921875, loss_uv: 189.65171813964844
(4415029248, 23710007296)
Train Epoch: 6 [17000/33236 (51%)], loss_enc: 0.16975544393062592, loss 6.2100324630737305, loss_qv_penalty: 0.0, loss_qv_quant: 4.5978587603912047e-10, loss_f0: 37.352333068847656, loss_uv: 169.71807861328125
(4415029248, 23710007296)
Train Epoch: 6 [17500/33236 (53%)], loss_enc: 0.17309418320655823, loss 6.423156261444092, loss_qv_penalty: 0.0, loss_qv_quant: 7.413065716832534e-10, loss_f0: 35.97826385498047, loss_uv: 173.05819702148438
(4415029248, 23710007296)
Train Epoch: 6 [18000/33236 (54%)], loss_enc: 0.16600972414016724, loss 6.547451972961426, loss_qv_penalty: 0.0, loss_qv_quant: 7.490262854403795e-10, loss_f0: 36.3997917175293, loss_uv: 165.97329711914062
(4415029248, 23710007296)
Train Epoch: 6 [18500/33236 (56%)], loss_enc: 0.15791456401348114, loss 6.067207336425781, loss_qv_penalty: 0.0, loss_qv_quant: 9.139035084260172e-10, loss_f0: 38.971046447753906, loss_uv: 157.87557983398438
(4415029248, 23710007296)
Train Epoch: 6 [19000/33236 (57%)], loss_enc: 0.15675334632396698, loss 6.499312400817871, loss_qv_penalty: 0.0, loss_qv_quant: 7.878507846115212e-10, loss_f0: 37.007301330566406, loss_uv: 156.71633911132812
(4415029248, 23710007296)
Train Epoch: 6 [19500/33236 (59%)], loss_enc: 0.16592133045196533, loss 6.509454250335693, loss_qv_penalty: 0.0, loss_qv_quant: 1.7384769179784598e-09, loss_f0: 36.45260238647461, loss_uv: 165.88485717773438
(4415029248, 23710007296)
Train Epoch: 6 [20000/33236 (60%)], loss_enc: 0.15324507653713226, loss 6.992120265960693, loss_qv_penalty: 0.0, loss_qv_quant: 1.304794827738931e-09, loss_f0: 37.45977020263672, loss_uv: 153.20761108398438
(4415029248, 23710007296)
Train Epoch: 6 [20500/33236 (62%)], loss_enc: 0.16016730666160583, loss 6.205828666687012, loss_qv_penalty: 0.0, loss_qv_quant: 4.5544515381301665e-10, loss_f0: 37.18904113769531, loss_uv: 160.13011169433594
(4415029248, 23710007296)
Train Epoch: 6 [21000/33236 (63%)], loss_enc: 0.1640259027481079, loss 6.404410362243652, loss_qv_penalty: 0.0, loss_qv_quant: 1.6464113405945113e-09, loss_f0: 39.70260238647461, loss_uv: 163.98619079589844
(4415029248, 23710007296)
Train Epoch: 6 [21500/33236 (65%)], loss_enc: 0.18413721024990082, loss 6.414638996124268, loss_qv_penalty: 0.0, loss_qv_quant: 8.356867420289404e-10, loss_f0: 39.162696838378906, loss_uv: 184.0980224609375
(4415029248, 23710007296)
Train Epoch: 6 [22000/33236 (66%)], loss_enc: 0.19433921575546265, loss 5.803316593170166, loss_qv_penalty: 0.0, loss_qv_quant: 2.42593212185227e-09, loss_f0: 37.821128845214844, loss_uv: 194.30137634277344
(4415029248, 23710007296)
Train Epoch: 6 [22500/33236 (68%)], loss_enc: 0.1964077353477478, loss 6.850494384765625, loss_qv_penalty: 0.0, loss_qv_quant: 3.78453934857248e-09, loss_f0: 37.22312545776367, loss_uv: 196.3704833984375
(4415029248, 23710007296)
Train Epoch: 6 [23000/33236 (69%)], loss_enc: 0.13579726219177246, loss 7.735083103179932, loss_qv_penalty: 0.0, loss_qv_quant: 4.6285286714464746e-10, loss_f0: 38.68979263305664, loss_uv: 135.75856018066406
(4415029248, 23710007296)
Train Epoch: 6 [23500/33236 (71%)], loss_enc: 0.1556502729654312, loss 6.947728633880615, loss_qv_penalty: 0.0, loss_qv_quant: 7.793197198679991e-10, loss_f0: 38.04257583618164, loss_uv: 155.61221313476562
(4415029248, 23710007296)
Train Epoch: 6 [24000/33236 (72%)], loss_enc: 0.1581612378358841, loss 5.622042179107666, loss_qv_penalty: 0.0, loss_qv_quant: 1.2236380797503443e-09, loss_f0: 37.360538482666016, loss_uv: 158.1238555908203
(4415029248, 23710007296)
Train Epoch: 6 [24500/33236 (74%)], loss_enc: 0.17168796062469482, loss 5.816293239593506, loss_qv_penalty: 0.0, loss_qv_quant: 7.321532824455801e-10, loss_f0: 37.433616638183594, loss_uv: 171.65052795410156
(4415029248, 23710007296)
Train Epoch: 6 [25000/33236 (75%)], loss_enc: 0.18971982598304749, loss 6.550189018249512, loss_qv_penalty: 0.0, loss_qv_quant: 5.155559312797209e-10, loss_f0: 40.31553649902344, loss_uv: 189.6794891357422
(4415029248, 23710007296)
Train Epoch: 6 [25500/33236 (77%)], loss_enc: 0.17648255825042725, loss 6.058125019073486, loss_qv_penalty: 0.0, loss_qv_quant: 9.720203530960703e-10, loss_f0: 38.13660430908203, loss_uv: 176.44442749023438
(4415029248, 23710007296)
Train Epoch: 6 [26000/33236 (78%)], loss_enc: 0.18503597378730774, loss 6.44660758972168, loss_qv_penalty: 0.0, loss_qv_quant: 9.922331845046983e-10, loss_f0: 37.371299743652344, loss_uv: 184.99859619140625
(4415029248, 23710007296)
Train Epoch: 6 [26500/33236 (80%)], loss_enc: 0.19545240700244904, loss 6.361011981964111, loss_qv_penalty: 0.0, loss_qv_quant: 7.221997444517569e-10, loss_f0: 37.72772216796875, loss_uv: 195.4146728515625
(4415029248, 23710007296)
Train Epoch: 6 [27000/33236 (81%)], loss_enc: 0.16618071496486664, loss 5.915072441101074, loss_qv_penalty: 0.0, loss_qv_quant: 2.994633707675831e-10, loss_f0: 38.5051155090332, loss_uv: 166.1422119140625
(4415029248, 23710007296)
Train Epoch: 6 [27500/33236 (83%)], loss_enc: 0.18527187407016754, loss 6.696386337280273, loss_qv_penalty: 0.0, loss_qv_quant: 5.201213904015844e-10, loss_f0: 37.89265441894531, loss_uv: 185.23397827148438
(4415029248, 23710007296)
Train Epoch: 6 [28000/33236 (84%)], loss_enc: 0.17246957123279572, loss 7.309412479400635, loss_qv_penalty: 0.0, loss_qv_quant: 4.189998747960999e-08, loss_f0: 37.83503341674805, loss_uv: 172.4316864013672
(4415029248, 23710007296)
Train Epoch: 6 [28500/33236 (86%)], loss_enc: 0.18839654326438904, loss 5.555541515350342, loss_qv_penalty: 0.0, loss_qv_quant: 3.784155655495169e-09, loss_f0: 38.1563606262207, loss_uv: 188.3583984375
(4415029248, 23710007296)
Train Epoch: 6 [29000/33236 (87%)], loss_enc: 0.17839443683624268, loss 5.247283935546875, loss_qv_penalty: 0.0, loss_qv_quant: 1.5322737523248975e-09, loss_f0: 38.61003875732422, loss_uv: 178.35581970214844
(4415029248, 23710007296)
Train Epoch: 6 [29500/33236 (89%)], loss_enc: 0.20160919427871704, loss 6.0645856857299805, loss_qv_penalty: 0.0, loss_qv_quant: 2.6138109454620917e-09, loss_f0: 40.66033172607422, loss_uv: 201.56854248046875
(4415029248, 23710007296)
Train Epoch: 6 [30000/33236 (90%)], loss_enc: 0.16527660191059113, loss 7.833973407745361, loss_qv_penalty: 0.0, loss_qv_quant: 5.32947352915869e-10, loss_f0: 39.03157043457031, loss_uv: 165.23756408691406
(4415029248, 23710007296)
Train Epoch: 6 [30500/33236 (92%)], loss_enc: 0.17133069038391113, loss 6.2332868576049805, loss_qv_penalty: 0.0, loss_qv_quant: 5.80526182680785e-10, loss_f0: 38.418792724609375, loss_uv: 171.29225158691406
(4415029248, 23710007296)
Train Epoch: 6 [31000/33236 (93%)], loss_enc: 0.1810423582792282, loss 6.254365921020508, loss_qv_penalty: 0.0, loss_qv_quant: 4.1128192518335993e-10, loss_f0: 40.01309585571289, loss_uv: 181.00234985351562
(4415029248, 23710007296)
Train Epoch: 6 [31500/33236 (95%)], loss_enc: 0.18746232986450195, loss 6.3705549240112305, loss_qv_penalty: 0.0, loss_qv_quant: 1.5392243035705633e-09, loss_f0: 38.73910140991211, loss_uv: 187.423583984375
(4415029248, 23710007296)
Train Epoch: 6 [32000/33236 (96%)], loss_enc: 0.16456156969070435, loss 5.865586757659912, loss_qv_penalty: 0.0, loss_qv_quant: 8.285910291228049e-10, loss_f0: 39.680599212646484, loss_uv: 164.52188110351562
(4415029248, 23710007296)
Train Epoch: 6 [32500/33236 (98%)], loss_enc: 0.19064775109291077, loss 6.028675079345703, loss_qv_penalty: 0.0, loss_qv_quant: 4.3704886931728026e-10, loss_f0: 41.1403694152832, loss_uv: 190.60658264160156
(4415029248, 23710007296)
Train Epoch: 6 [33000/33236 (99%)], loss_enc: 0.1429920196533203, loss 6.397210597991943, loss_qv_penalty: 0.0, loss_qv_quant: 6.273007668866626e-10, loss_f0: 39.30516815185547, loss_uv: 142.9527130126953
----------------------------------------Epoch: 7----------------------------------------
(4415029248, 23710007296)
Train Epoch: 7 [0/33236 (0%)], loss_enc: 0.1770610511302948, loss 7.039717674255371, loss_qv_penalty: 0.0, loss_qv_quant: 7.400721702133239e-10, loss_f0: 39.21668243408203, loss_uv: 177.02182006835938
(4415029248, 23710007296)
Train Epoch: 7 [500/33236 (2%)], loss_enc: 0.1711086630821228, loss 5.731611728668213, loss_qv_penalty: 0.0, loss_qv_quant: 3.8602951391020213e-10, loss_f0: 39.946441650390625, loss_uv: 171.06869506835938
(4415029248, 23710007296)
Train Epoch: 7 [1000/33236 (3%)], loss_enc: 0.18096692860126495, loss 6.3106207847595215, loss_qv_penalty: 0.0, loss_qv_quant: 5.009634929109552e-10, loss_f0: 40.5465202331543, loss_uv: 180.92637634277344
(4415029248, 23710007296)
Train Epoch: 7 [1500/33236 (5%)], loss_enc: 0.1971745491027832, loss 5.90958309173584, loss_qv_penalty: 0.0, loss_qv_quant: 5.902969224536037e-10, loss_f0: 39.10527801513672, loss_uv: 197.13543701171875
(4415029248, 23710007296)
Train Epoch: 7 [2000/33236 (6%)], loss_enc: 0.1759984791278839, loss 7.710444450378418, loss_qv_penalty: 0.0, loss_qv_quant: 7.41026573436443e-10, loss_f0: 38.80436325073242, loss_uv: 175.95968627929688
(4415029248, 23710007296)
Train Epoch: 7 [2500/33236 (8%)], loss_enc: 0.17170843482017517, loss 6.578673839569092, loss_qv_penalty: 0.0, loss_qv_quant: 9.244980891942589e-10, loss_f0: 37.82011413574219, loss_uv: 171.67062377929688
(4415029248, 23710007296)
Train Epoch: 7 [3000/33236 (9%)], loss_enc: 0.17992064356803894, loss 6.162700176239014, loss_qv_penalty: 0.0, loss_qv_quant: 1.0985381493355817e-09, loss_f0: 40.56819534301758, loss_uv: 179.88006591796875
(4415029248, 23710007296)
Train Epoch: 7 [3500/33236 (11%)], loss_enc: 0.18288986384868622, loss 6.943207263946533, loss_qv_penalty: 0.0, loss_qv_quant: 5.70177072223288e-10, loss_f0: 42.768978118896484, loss_uv: 182.84707641601562
(4415029248, 23710007296)
Train Epoch: 7 [4000/33236 (12%)], loss_enc: 0.19405829906463623, loss 6.310964107513428, loss_qv_penalty: 0.0, loss_qv_quant: 5.362436605871324e-10, loss_f0: 39.85603713989258, loss_uv: 194.0184326171875
(4415029248, 23710007296)
Train Epoch: 7 [4500/33236 (14%)], loss_enc: 0.16851133108139038, loss 7.185496807098389, loss_qv_penalty: 0.0, loss_qv_quant: 4.631527106280231e-10, loss_f0: 38.713340759277344, loss_uv: 168.47259521484375
(4415029248, 23710007296)
Train Epoch: 7 [5000/33236 (15%)], loss_enc: 0.20158913731575012, loss 6.741881847381592, loss_qv_penalty: 0.0, loss_qv_quant: 7.653213063285591e-10, loss_f0: 38.056766510009766, loss_uv: 201.55108642578125
(4415029248, 23710007296)
Train Epoch: 7 [5500/33236 (17%)], loss_enc: 0.1759321093559265, loss 4.472405910491943, loss_qv_penalty: 0.0, loss_qv_quant: 3.9508935012477764e-10, loss_f0: 40.52994155883789, loss_uv: 175.89157104492188
(4415029248, 23710007296)
Train Epoch: 7 [6000/33236 (18%)], loss_enc: 0.19070401787757874, loss 5.110175609588623, loss_qv_penalty: 0.0, loss_qv_quant: 2.463346415737533e-09, loss_f0: 39.89521789550781, loss_uv: 190.66412353515625
(4415029248, 23710007296)
Train Epoch: 7 [6500/33236 (20%)], loss_enc: 0.18442457914352417, loss 5.137625694274902, loss_qv_penalty: 0.0, loss_qv_quant: 4.024143518410739e-10, loss_f0: 41.04233932495117, loss_uv: 184.38352966308594
(4415029248, 23710007296)
Train Epoch: 7 [7000/33236 (21%)], loss_enc: 0.19414055347442627, loss 6.9732794761657715, loss_qv_penalty: 0.0, loss_qv_quant: 6.78186728997332e-10, loss_f0: 41.51309585571289, loss_uv: 194.09902954101562
(4415029248, 23710007296)
Train Epoch: 7 [7500/33236 (23%)], loss_enc: 0.17472714185714722, loss 6.523698806762695, loss_qv_penalty: 0.0, loss_qv_quant: 3.471701814916628e-10, loss_f0: 39.496337890625, loss_uv: 174.6876220703125
(4415029248, 23710007296)
Train Epoch: 7 [8000/33236 (24%)], loss_enc: 0.17758876085281372, loss 6.608456611633301, loss_qv_penalty: 0.0, loss_qv_quant: 2.408842014745005e-10, loss_f0: 42.75226593017578, loss_uv: 177.54600524902344
(4415029248, 23710007296)
Train Epoch: 7 [8500/33236 (26%)], loss_enc: 0.14907187223434448, loss 5.86063289642334, loss_qv_penalty: 0.0, loss_qv_quant: 5.045895368205322e-10, loss_f0: 40.98613357543945, loss_uv: 149.0308837890625
(4415029248, 23710007296)
Train Epoch: 7 [9000/33236 (27%)], loss_enc: 0.17970150709152222, loss 5.389678955078125, loss_qv_penalty: 0.0, loss_qv_quant: 5.795638968741912e-10, loss_f0: 40.57855987548828, loss_uv: 179.6609344482422
(4415029248, 23710007296)
Train Epoch: 7 [9500/33236 (29%)], loss_enc: 0.1852715015411377, loss 5.728353977203369, loss_qv_penalty: 0.0, loss_qv_quant: 3.564820105772526e-10, loss_f0: 41.016658782958984, loss_uv: 185.23046875
(4415029248, 23710007296)
Train Epoch: 7 [10000/33236 (30%)], loss_enc: 0.17704224586486816, loss 7.12547492980957, loss_qv_penalty: 0.0, loss_qv_quant: 7.419343472925277e-10, loss_f0: 38.45989227294922, loss_uv: 177.0037841796875
(4415029248, 23710007296)
Train Epoch: 7 [10500/33236 (32%)], loss_enc: 0.15914078056812286, loss 6.1185407638549805, loss_qv_penalty: 0.0, loss_qv_quant: 6.271743124841578e-10, loss_f0: 38.493587493896484, loss_uv: 159.10226440429688
(4415029248, 23710007296)
Train Epoch: 7 [11000/33236 (33%)], loss_enc: 0.18143817782402039, loss 6.844085216522217, loss_qv_penalty: 0.0, loss_qv_quant: 6.535575414190475e-10, loss_f0: 40.60009002685547, loss_uv: 181.3975830078125
(4415029248, 23710007296)
Train Epoch: 7 [11500/33236 (35%)], loss_enc: 0.20818552374839783, loss 7.143911361694336, loss_qv_penalty: 0.0, loss_qv_quant: 5.863710628162266e-10, loss_f0: 40.9246711730957, loss_uv: 208.14459228515625
(4415029248, 23710007296)
Train Epoch: 7 [12000/33236 (36%)], loss_enc: 0.20846131443977356, loss 7.300619602203369, loss_qv_penalty: 0.0, loss_qv_quant: 5.879390307939047e-10, loss_f0: 43.04710388183594, loss_uv: 208.41827392578125
(4415029248, 23710007296)
Train Epoch: 7 [12500/33236 (38%)], loss_enc: 0.1959138810634613, loss 4.852993488311768, loss_qv_penalty: 0.0, loss_qv_quant: 3.188985742141881e-10, loss_f0: 42.0832633972168, loss_uv: 195.87179565429688
(4415029248, 23710007296)
Train Epoch: 7 [13000/33236 (39%)], loss_enc: 0.1911223977804184, loss 5.737429618835449, loss_qv_penalty: 0.0, loss_qv_quant: 2.5167135042636346e-10, loss_f0: 41.50588607788086, loss_uv: 191.08087158203125
(4415029248, 23710007296)
Train Epoch: 7 [13500/33236 (41%)], loss_enc: 0.20434367656707764, loss 5.505603790283203, loss_qv_penalty: 0.0, loss_qv_quant: 3.0669705664010394e-10, loss_f0: 40.79051971435547, loss_uv: 204.30288696289062
(4415029248, 23710007296)
Train Epoch: 7 [14000/33236 (42%)], loss_enc: 0.20774148404598236, loss 5.996646404266357, loss_qv_penalty: 0.0, loss_qv_quant: 4.108604012564854e-10, loss_f0: 42.93854522705078, loss_uv: 207.69854736328125
(4415029248, 23710007296)
Train Epoch: 7 [14500/33236 (44%)], loss_enc: 0.16561457514762878, loss 5.763484477996826, loss_qv_penalty: 0.0, loss_qv_quant: 6.987664891155987e-10, loss_f0: 40.51283264160156, loss_uv: 165.57406616210938
(4415029248, 23710007296)
Train Epoch: 7 [15000/33236 (45%)], loss_enc: 0.16269847750663757, loss 6.816081523895264, loss_qv_penalty: 0.0, loss_qv_quant: 3.5521408037197943e-10, loss_f0: 42.305015563964844, loss_uv: 162.65615844726562
(4415029248, 23710007296)
Train Epoch: 7 [15500/33236 (47%)], loss_enc: 0.17459170520305634, loss 6.8921284675598145, loss_qv_penalty: 0.0, loss_qv_quant: 3.502043655068121e-10, loss_f0: 40.61988830566406, loss_uv: 174.55108642578125
(4415029248, 23710007296)
Train Epoch: 7 [16000/33236 (48%)], loss_enc: 0.18762539327144623, loss 6.31538200378418, loss_qv_penalty: 0.0, loss_qv_quant: 8.718098465365642e-10, loss_f0: 42.66389846801758, loss_uv: 187.58273315429688
(4415029248, 23710007296)
Train Epoch: 7 [16500/33236 (50%)], loss_enc: 0.18588383495807648, loss 5.229299545288086, loss_qv_penalty: 0.0, loss_qv_quant: 5.672520786426105e-10, loss_f0: 40.928409576416016, loss_uv: 185.8428955078125
(4415029248, 23710007296)
Train Epoch: 7 [17000/33236 (51%)], loss_enc: 0.1687794327735901, loss 6.734826564788818, loss_qv_penalty: 0.0, loss_qv_quant: 7.179179473126851e-10, loss_f0: 40.94105529785156, loss_uv: 168.7384796142578
(4415029248, 23710007296)
Train Epoch: 7 [17500/33236 (53%)], loss_enc: 0.18187496066093445, loss 6.559212684631348, loss_qv_penalty: 0.0, loss_qv_quant: 8.017133623638983e-09, loss_f0: 40.422306060791016, loss_uv: 181.8345184326172
(4415029248, 23710007296)
Train Epoch: 7 [18000/33236 (54%)], loss_enc: 0.1916511058807373, loss 5.48544454574585, loss_qv_penalty: 0.0, loss_qv_quant: 2.6310575940158287e-10, loss_f0: 42.787933349609375, loss_uv: 191.60830688476562
(4415029248, 23710007296)
Train Epoch: 7 [18500/33236 (56%)], loss_enc: 0.20315101742744446, loss 6.685617446899414, loss_qv_penalty: 0.0, loss_qv_quant: 6.121501083811154e-10, loss_f0: 44.042030334472656, loss_uv: 203.10696411132812
(4415029248, 23710007296)
Train Epoch: 7 [19000/33236 (57%)], loss_enc: 0.1989983469247818, loss 6.8962082862854, loss_qv_penalty: 0.0, loss_qv_quant: 3.6055958219094464e-10, loss_f0: 42.070377349853516, loss_uv: 198.95626831054688
(4415029248, 23710007296)
Train Epoch: 7 [19500/33236 (59%)], loss_enc: 0.1675848364830017, loss 5.510915756225586, loss_qv_penalty: 0.0, loss_qv_quant: 4.1249878512950033e-10, loss_f0: 42.17035675048828, loss_uv: 167.54266357421875
(4415029248, 23710007296)
Train Epoch: 7 [20000/33236 (60%)], loss_enc: 0.1696407049894333, loss 6.072494983673096, loss_qv_penalty: 0.0, loss_qv_quant: 4.4619125061373666e-10, loss_f0: 41.74139404296875, loss_uv: 169.59896850585938
(4415029248, 23710007296)
Train Epoch: 7 [20500/33236 (62%)], loss_enc: 0.1758081465959549, loss 6.3550705909729, loss_qv_penalty: 0.0, loss_qv_quant: 2.1421198148630083e-10, loss_f0: 42.88383483886719, loss_uv: 175.7652587890625
(4415029248, 23710007296)
Train Epoch: 7 [21000/33236 (63%)], loss_enc: 0.1802736222743988, loss 5.81575345993042, loss_qv_penalty: 0.0, loss_qv_quant: 6.660051399265399e-10, loss_f0: 42.581382751464844, loss_uv: 180.2310333251953
(4415029248, 23710007296)
Train Epoch: 7 [21500/33236 (65%)], loss_enc: 0.18828395009040833, loss 6.270776748657227, loss_qv_penalty: 0.0, loss_qv_quant: 3.959722272295352e-10, loss_f0: 43.66570281982422, loss_uv: 188.24026489257812
(4415029248, 23710007296)
Train Epoch: 7 [22000/33236 (66%)], loss_enc: 0.21037451922893524, loss 6.011577606201172, loss_qv_penalty: 0.0, loss_qv_quant: 2.8320690237393364e-10, loss_f0: 43.19886779785156, loss_uv: 210.331298828125
(4415029248, 23710007296)
Train Epoch: 7 [22500/33236 (68%)], loss_enc: 0.1807999163866043, loss 6.476355075836182, loss_qv_penalty: 0.0, loss_qv_quant: 6.195266522013299e-10, loss_f0: 43.18585968017578, loss_uv: 180.75672912597656
(4415029248, 23710007296)
Train Epoch: 7 [23000/33236 (69%)], loss_enc: 0.18556556105613708, loss 6.413571357727051, loss_qv_penalty: 0.0, loss_qv_quant: 5.11568176708721e-10, loss_f0: 42.529945373535156, loss_uv: 185.5230255126953
(4415029248, 23710007296)
Train Epoch: 7 [23500/33236 (71%)], loss_enc: 0.1772223711013794, loss 6.260176181793213, loss_qv_penalty: 0.0, loss_qv_quant: 2.5284965787797375e-10, loss_f0: 42.027610778808594, loss_uv: 177.18032836914062
(4415029248, 23710007296)
Train Epoch: 7 [24000/33236 (72%)], loss_enc: 0.21718522906303406, loss 5.140592098236084, loss_qv_penalty: 0.0, loss_qv_quant: 3.387964397916221e-08, loss_f0: 42.191585540771484, loss_uv: 217.14300537109375
(4415029248, 23710007296)
Train Epoch: 7 [24500/33236 (74%)], loss_enc: 0.2182638943195343, loss 7.037951946258545, loss_qv_penalty: 0.0, loss_qv_quant: 9.61540402855121e-10, loss_f0: 43.372886657714844, loss_uv: 218.22052001953125
(4415029248, 23710007296)
Train Epoch: 7 [25000/33236 (75%)], loss_enc: 0.1702120453119278, loss 7.206490516662598, loss_qv_penalty: 0.0, loss_qv_quant: 1.2394113513281013e-09, loss_f0: 42.019508361816406, loss_uv: 170.17002868652344
(4415029248, 23710007296)
Train Epoch: 7 [25500/33236 (77%)], loss_enc: 0.20473545789718628, loss 6.452698707580566, loss_qv_penalty: 0.0, loss_qv_quant: 4.6285317245597923e-10, loss_f0: 44.31044006347656, loss_uv: 204.69113159179688
(4415029248, 23710007296)
Train Epoch: 7 [26000/33236 (78%)], loss_enc: 0.20840995013713837, loss 7.066153526306152, loss_qv_penalty: 0.0, loss_qv_quant: 6.539540020611412e-10, loss_f0: 43.304805755615234, loss_uv: 208.3666229248047
(4415029248, 23710007296)
Train Epoch: 7 [26500/33236 (80%)], loss_enc: 0.1747673749923706, loss 6.577912330627441, loss_qv_penalty: 0.0, loss_qv_quant: 4.459623781372102e-10, loss_f0: 44.0511360168457, loss_uv: 174.7233123779297
(4415029248, 23710007296)
Train Epoch: 7 [27000/33236 (81%)], loss_enc: 0.19637708365917206, loss 5.912966728210449, loss_qv_penalty: 0.0, loss_qv_quant: 3.421413152793207e-10, loss_f0: 43.19324493408203, loss_uv: 196.33389282226562
(4415029248, 23710007296)
Train Epoch: 7 [27500/33236 (83%)], loss_enc: 0.20430505275726318, loss 6.338563919067383, loss_qv_penalty: 0.0, loss_qv_quant: 6.496450599691173e-10, loss_f0: 44.47313690185547, loss_uv: 204.26058959960938
(4415029248, 23710007296)
Train Epoch: 7 [28000/33236 (84%)], loss_enc: 0.19740495085716248, loss 6.786214828491211, loss_qv_penalty: 0.0, loss_qv_quant: 6.784673933779573e-10, loss_f0: 43.651058197021484, loss_uv: 197.36126708984375
(4415029248, 23710007296)
Train Epoch: 7 [28500/33236 (86%)], loss_enc: 0.22744886577129364, loss 6.456323623657227, loss_qv_penalty: 0.0, loss_qv_quant: 4.4639456020512114e-10, loss_f0: 43.66191864013672, loss_uv: 227.40518188476562
(4415029248, 23710007296)
Train Epoch: 7 [29000/33236 (87%)], loss_enc: 0.1988481730222702, loss 5.902527332305908, loss_qv_penalty: 0.0, loss_qv_quant: 3.7721833989756703e-10, loss_f0: 43.80320739746094, loss_uv: 198.80438232421875
(4415029248, 23710007296)
Train Epoch: 7 [29500/33236 (89%)], loss_enc: 0.205905020236969, loss 6.189255237579346, loss_qv_penalty: 0.0, loss_qv_quant: 1.5035790668083138e-10, loss_f0: 44.824798583984375, loss_uv: 205.8601837158203
(4415029248, 23710007296)
Train Epoch: 7 [30000/33236 (90%)], loss_enc: 0.20113816857337952, loss 6.6699628829956055, loss_qv_penalty: 0.0, loss_qv_quant: 2.915917507451127e-10, loss_f0: 43.82461166381836, loss_uv: 201.09432983398438
(4415029248, 23710007296)
Train Epoch: 7 [30500/33236 (92%)], loss_enc: 0.19627541303634644, loss 6.922540664672852, loss_qv_penalty: 0.0, loss_qv_quant: 3.9048286826215417e-10, loss_f0: 43.78892135620117, loss_uv: 196.23162841796875
(4415029248, 23710007296)
Train Epoch: 7 [31000/33236 (93%)], loss_enc: 0.2297629415988922, loss 7.1489763259887695, loss_qv_penalty: 0.0, loss_qv_quant: 2.5023749739006007e-10, loss_f0: 43.78742218017578, loss_uv: 229.71914672851562
(4415029248, 23710007296)
Train Epoch: 7 [31500/33236 (95%)], loss_enc: 0.21659642457962036, loss 5.891547679901123, loss_qv_penalty: 0.0, loss_qv_quant: 2.3338235788372685e-09, loss_f0: 44.36711120605469, loss_uv: 216.55206298828125
(4415029248, 23710007296)
Train Epoch: 7 [32000/33236 (96%)], loss_enc: 0.23064975440502167, loss 6.126387119293213, loss_qv_penalty: 0.0, loss_qv_quant: 1.0215225332288469e-09, loss_f0: 45.112022399902344, loss_uv: 230.60462951660156
(4415029248, 23710007296)
Train Epoch: 7 [32500/33236 (98%)], loss_enc: 0.22752970457077026, loss 7.1844282150268555, loss_qv_penalty: 0.0, loss_qv_quant: 1.2241179181415873e-09, loss_f0: 44.40346145629883, loss_uv: 227.48529052734375
(4415029248, 23710007296)
Train Epoch: 7 [33000/33236 (99%)], loss_enc: 0.20985162258148193, loss 6.691039085388184, loss_qv_penalty: 0.0, loss_qv_quant: 9.108437337701503e-10, loss_f0: 46.401466369628906, loss_uv: 209.80519104003906
----------------------------------------Epoch: 8----------------------------------------
(4415029248, 23710007296)
Train Epoch: 8 [0/33236 (0%)], loss_enc: 0.1817801594734192, loss 6.674521446228027, loss_qv_penalty: 0.0, loss_qv_quant: 9.507380438478208e-10, loss_f0: 44.018558502197266, loss_uv: 181.73611450195312
(4415029248, 23710007296)
Train Epoch: 8 [500/33236 (2%)], loss_enc: 0.19949249923229218, loss 6.377817630767822, loss_qv_penalty: 0.0, loss_qv_quant: 8.528097672488855e-10, loss_f0: 43.33547592163086, loss_uv: 199.4491424560547
(4415029248, 23710007296)
Train Epoch: 8 [1000/33236 (3%)], loss_enc: 0.16820460557937622, loss 5.39505672454834, loss_qv_penalty: 0.0, loss_qv_quant: 3.833817707743492e-10, loss_f0: 45.3278694152832, loss_uv: 168.15927124023438
(4415029248, 23710007296)
Train Epoch: 8 [1500/33236 (5%)], loss_enc: 0.21164818108081818, loss 6.462626934051514, loss_qv_penalty: 0.0, loss_qv_quant: 4.6126785724354136e-10, loss_f0: 43.73736572265625, loss_uv: 211.60443115234375
(4415029248, 23710007296)
Train Epoch: 8 [2000/33236 (6%)], loss_enc: 0.22134727239608765, loss 5.660232067108154, loss_qv_penalty: 0.0, loss_qv_quant: 4.277926901607998e-10, loss_f0: 44.60845947265625, loss_uv: 221.30264282226562
(4415029248, 23710007296)
Train Epoch: 8 [2500/33236 (8%)], loss_enc: 0.23447966575622559, loss 6.398830413818359, loss_qv_penalty: 0.0, loss_qv_quant: 3.754308253167693e-10, loss_f0: 45.62834930419922, loss_uv: 234.43402099609375
(4415029248, 23710007296)
Train Epoch: 8 [3000/33236 (9%)], loss_enc: 0.1864107996225357, loss 6.265129566192627, loss_qv_penalty: 0.0, loss_qv_quant: 2.6359411875453986e-10, loss_f0: 43.781124114990234, loss_uv: 186.36700439453125
(4415029248, 23710007296)
Train Epoch: 8 [3500/33236 (11%)], loss_enc: 0.18809714913368225, loss 5.960439682006836, loss_qv_penalty: 0.0, loss_qv_quant: 2.2272746147411482e-10, loss_f0: 44.48728942871094, loss_uv: 188.05264282226562
(4415029248, 23710007296)
Train Epoch: 8 [4000/33236 (12%)], loss_enc: 0.21107587218284607, loss 6.384153842926025, loss_qv_penalty: 0.0, loss_qv_quant: 3.5036626377937807e-10, loss_f0: 42.941917419433594, loss_uv: 211.03292846679688
(4415029248, 23710007296)
Train Epoch: 8 [4500/33236 (14%)], loss_enc: 0.1885930895805359, loss 7.032711982727051, loss_qv_penalty: 0.0, loss_qv_quant: 2.919960107039543e-10, loss_f0: 44.00830841064453, loss_uv: 188.549072265625
(4415029248, 23710007296)
Train Epoch: 8 [5000/33236 (15%)], loss_enc: 0.19851243495941162, loss 6.381459712982178, loss_qv_penalty: 0.0, loss_qv_quant: 2.827406364591667e-10, loss_f0: 44.89563751220703, loss_uv: 198.467529296875
(4415029248, 23710007296)
Train Epoch: 8 [5500/33236 (17%)], loss_enc: 0.19532035291194916, loss 6.258136749267578, loss_qv_penalty: 0.0, loss_qv_quant: 2.3153590973379323e-06, loss_f0: 46.547271728515625, loss_uv: 195.271484375
(4415029248, 23710007296)
Train Epoch: 8 [6000/33236 (18%)], loss_enc: 0.23944658041000366, loss 6.760974884033203, loss_qv_penalty: 0.0, loss_qv_quant: 1.4195384867576877e-09, loss_f0: 45.171142578125, loss_uv: 239.40139770507812
(4415029248, 23710007296)
Train Epoch: 8 [6500/33236 (20%)], loss_enc: 0.20490306615829468, loss 7.208134651184082, loss_qv_penalty: 0.0, loss_qv_quant: 2.07248218586642e-09, loss_f0: 44.70536804199219, loss_uv: 204.85836791992188
(4415029248, 23710007296)
Train Epoch: 8 [7000/33236 (21%)], loss_enc: 0.22646085917949677, loss 5.321122646331787, loss_qv_penalty: 0.0, loss_qv_quant: 8.584451482995803e-10, loss_f0: 44.16842269897461, loss_uv: 226.4166717529297
(4415029248, 23710007296)
Train Epoch: 8 [7500/33236 (23%)], loss_enc: 0.17808794975280762, loss 6.4775390625, loss_qv_penalty: 0.0, loss_qv_quant: 6.481296610516551e-10, loss_f0: 46.08457946777344, loss_uv: 178.04183959960938
(4415029248, 23710007296)
Train Epoch: 8 [8000/33236 (24%)], loss_enc: 0.1820840835571289, loss 7.214788436889648, loss_qv_penalty: 0.0, loss_qv_quant: 4.730831837385097e-10, loss_f0: 46.37974548339844, loss_uv: 182.0377197265625
(4415029248, 23710007296)
Train Epoch: 8 [8500/33236 (26%)], loss_enc: 0.17318367958068848, loss 6.28171443939209, loss_qv_penalty: 0.0, loss_qv_quant: 3.2049204956585697e-10, loss_f0: 45.648136138916016, loss_uv: 173.13800048828125
(4415029248, 23710007296)
Train Epoch: 8 [9000/33236 (27%)], loss_enc: 0.22013676166534424, loss 6.182353496551514, loss_qv_penalty: 0.0, loss_qv_quant: 2.7888644726914436e-09, loss_f0: 45.392555236816406, loss_uv: 220.09136962890625
(4415029248, 23710007296)
Train Epoch: 8 [9500/33236 (29%)], loss_enc: 0.18132802844047546, loss 6.473453044891357, loss_qv_penalty: 0.0, loss_qv_quant: 5.1301682901794265e-09, loss_f0: 46.07324981689453, loss_uv: 181.2819366455078
(4415029248, 23710007296)
Train Epoch: 8 [10000/33236 (30%)], loss_enc: 0.20163318514823914, loss 6.3735175132751465, loss_qv_penalty: 0.0, loss_qv_quant: 6.539830899043864e-10, loss_f0: 46.740379333496094, loss_uv: 201.58642578125
(4415029248, 23710007296)
Train Epoch: 8 [10500/33236 (32%)], loss_enc: 0.2312324345111847, loss 6.1862382888793945, loss_qv_penalty: 0.0, loss_qv_quant: 3.9772604654153554e-10, loss_f0: 45.731468200683594, loss_uv: 231.1866912841797
(4415029248, 23710007296)
Train Epoch: 8 [11000/33236 (33%)], loss_enc: 0.22243046760559082, loss 6.039409160614014, loss_qv_penalty: 0.0, loss_qv_quant: 4.4454800951498896e-10, loss_f0: 46.522701263427734, loss_uv: 222.3839111328125
(4415029248, 23710007296)
Train Epoch: 8 [11500/33236 (35%)], loss_enc: 0.20351877808570862, loss 6.373317241668701, loss_qv_penalty: 0.0, loss_qv_quant: 3.699196504669544e-10, loss_f0: 46.250728607177734, loss_uv: 203.47251892089844
(4415029248, 23710007296)
Train Epoch: 8 [12000/33236 (36%)], loss_enc: 0.231109619140625, loss 6.82686185836792, loss_qv_penalty: 0.0, loss_qv_quant: 3.1154978596958927e-10, loss_f0: 45.53028869628906, loss_uv: 231.0640869140625
(4415029248, 23710007296)
Train Epoch: 8 [12500/33236 (38%)], loss_enc: 0.21499879658222198, loss 6.2750959396362305, loss_qv_penalty: 0.0, loss_qv_quant: 5.088865440150414e-10, loss_f0: 49.07292938232422, loss_uv: 214.94970703125
(4415029248, 23710007296)
Train Epoch: 8 [13000/33236 (39%)], loss_enc: 0.2000938504934311, loss 6.242320537567139, loss_qv_penalty: 0.0, loss_qv_quant: 3.4831418305181217e-10, loss_f0: 46.970062255859375, loss_uv: 200.04685974121094
(4415029248, 23710007296)
Train Epoch: 8 [13500/33236 (41%)], loss_enc: 0.22252406179904938, loss 5.906941890716553, loss_qv_penalty: 0.0, loss_qv_quant: 4.1740810807766593e-10, loss_f0: 46.503204345703125, loss_uv: 222.4775390625
(4415029248, 23710007296)
Train Epoch: 8 [14000/33236 (42%)], loss_enc: 0.18552187085151672, loss 7.140564918518066, loss_qv_penalty: 0.0, loss_qv_quant: 9.815200874285779e-10, loss_f0: 45.0462532043457, loss_uv: 185.476806640625
(4415029248, 23710007296)
Train Epoch: 8 [14500/33236 (44%)], loss_enc: 0.23414543271064758, loss 6.192613124847412, loss_qv_penalty: 0.0, loss_qv_quant: 1.3433315189104178e-06, loss_f0: 46.01715087890625, loss_uv: 234.09805297851562
(4415029248, 23710007296)
Train Epoch: 8 [15000/33236 (45%)], loss_enc: 0.1924060434103012, loss 6.160324573516846, loss_qv_penalty: 0.0, loss_qv_quant: 4.317798063535605e-10, loss_f0: 46.65800094604492, loss_uv: 192.359375
(4415029248, 23710007296)
Train Epoch: 8 [15500/33236 (47%)], loss_enc: 0.20564715564250946, loss 6.4441914558410645, loss_qv_penalty: 0.0, loss_qv_quant: 6.742998381881193e-10, loss_f0: 44.9522705078125, loss_uv: 205.60220336914062
(4415029248, 23710007296)
Train Epoch: 8 [16000/33236 (48%)], loss_enc: 0.17672862112522125, loss 7.215284824371338, loss_qv_penalty: 0.0, loss_qv_quant: 5.292285498725846e-10, loss_f0: 46.011085510253906, loss_uv: 176.68260192871094
(4415029248, 23710007296)
Train Epoch: 8 [16500/33236 (50%)], loss_enc: 0.21851754188537598, loss 6.495787620544434, loss_qv_penalty: 0.0, loss_qv_quant: 3.6889713506127464e-10, loss_f0: 47.12443161010742, loss_uv: 218.47039794921875
(4415029248, 23710007296)
Train Epoch: 8 [17000/33236 (51%)], loss_enc: 0.20864753425121307, loss 5.6694183349609375, loss_qv_penalty: 0.0, loss_qv_quant: 1.3603028425901442e-10, loss_f0: 46.246517181396484, loss_uv: 208.6012725830078
(4415029248, 23710007296)
Train Epoch: 8 [17500/33236 (53%)], loss_enc: 0.21880397200584412, loss 6.93595027923584, loss_qv_penalty: 0.0, loss_qv_quant: 4.7902809496847e-10, loss_f0: 47.83656692504883, loss_uv: 218.75613403320312
(4415029248, 23710007296)
Train Epoch: 8 [18000/33236 (54%)], loss_enc: 0.20927414298057556, loss 6.177989482879639, loss_qv_penalty: 0.0, loss_qv_quant: 3.1929034971511783e-09, loss_f0: 47.05962371826172, loss_uv: 209.22708129882812
(4415029248, 23710007296)
Train Epoch: 8 [18500/33236 (56%)], loss_enc: 0.17561334371566772, loss 5.663222312927246, loss_qv_penalty: 0.0, loss_qv_quant: 3.115967484035309e-10, loss_f0: 46.24617004394531, loss_uv: 175.5670928955078
(4415029248, 23710007296)
Train Epoch: 8 [19000/33236 (57%)], loss_enc: 0.21755313873291016, loss 5.718299865722656, loss_qv_penalty: 0.0, loss_qv_quant: 1.4861659125564586e-10, loss_f0: 47.360443115234375, loss_uv: 217.5057830810547
(4415029248, 23710007296)
Train Epoch: 8 [19500/33236 (59%)], loss_enc: 0.24251925945281982, loss 5.797835350036621, loss_qv_penalty: 0.0, loss_qv_quant: 5.378192891036804e-10, loss_f0: 46.718170166015625, loss_uv: 242.4725341796875
(4415029248, 23710007296)
Train Epoch: 8 [20000/33236 (60%)], loss_enc: 0.24041342735290527, loss 5.2168779373168945, loss_qv_penalty: 0.0, loss_qv_quant: 3.6531172531439893e-10, loss_f0: 47.479156494140625, loss_uv: 240.36595153808594
(4415029248, 23710007296)
Train Epoch: 8 [20500/33236 (62%)], loss_enc: 0.22350457310676575, loss 6.472946643829346, loss_qv_penalty: 0.0, loss_qv_quant: 4.3498951662890306e-10, loss_f0: 46.419246673583984, loss_uv: 223.45816040039062
(4415029248, 23710007296)
Train Epoch: 8 [21000/33236 (63%)], loss_enc: 0.2137978971004486, loss 6.7387166023254395, loss_qv_penalty: 0.0, loss_qv_quant: 5.404798830710433e-10, loss_f0: 48.581871032714844, loss_uv: 213.749267578125
(4415029248, 23710007296)
Train Epoch: 8 [21500/33236 (65%)], loss_enc: 0.21643877029418945, loss 6.056010723114014, loss_qv_penalty: 0.0, loss_qv_quant: 2.079751093564397e-10, loss_f0: 47.15423583984375, loss_uv: 216.39161682128906
(4415029248, 23710007296)
Train Epoch: 8 [22000/33236 (66%)], loss_enc: 0.21038329601287842, loss 6.631839752197266, loss_qv_penalty: 0.0, loss_qv_quant: 1.4603776521404654e-10, loss_f0: 48.25440979003906, loss_uv: 210.33505249023438
(4415029248, 23710007296)
Train Epoch: 8 [22500/33236 (68%)], loss_enc: 0.19627581536769867, loss 6.536937236785889, loss_qv_penalty: 0.0, loss_qv_quant: 5.394232838185076e-10, loss_f0: 46.70145797729492, loss_uv: 196.22911071777344
(4415029248, 23710007296)
Train Epoch: 8 [23000/33236 (69%)], loss_enc: 0.2048584520816803, loss 6.039699077606201, loss_qv_penalty: 0.0, loss_qv_quant: 7.697050774524428e-10, loss_f0: 45.24687957763672, loss_uv: 204.81320190429688
(4415029248, 23710007296)
Train Epoch: 8 [23500/33236 (71%)], loss_enc: 0.24417150020599365, loss 6.269432544708252, loss_qv_penalty: 0.0, loss_qv_quant: 2.28215002451293e-10, loss_f0: 45.911258697509766, loss_uv: 244.1255645751953
(4415029248, 23710007296)
Train Epoch: 8 [24000/33236 (72%)], loss_enc: 0.20401623845100403, loss 6.341503620147705, loss_qv_penalty: 0.0, loss_qv_quant: 1.6848265838032006e-10, loss_f0: 48.246158599853516, loss_uv: 203.9679718017578
(4415029248, 23710007296)
Train Epoch: 8 [24500/33236 (74%)], loss_enc: 0.18764382600784302, loss 6.845292091369629, loss_qv_penalty: 0.0, loss_qv_quant: 2.2286539280713669e-10, loss_f0: 48.93739700317383, loss_uv: 187.59487915039062
(4415029248, 23710007296)
Train Epoch: 8 [25000/33236 (75%)], loss_enc: 0.24548964202404022, loss 5.505052089691162, loss_qv_penalty: 0.0, loss_qv_quant: 2.607706273138888e-10, loss_f0: 48.44573211669922, loss_uv: 245.44119262695312
(4415029248, 23710007296)
Train Epoch: 8 [25500/33236 (77%)], loss_enc: 0.2536160349845886, loss 5.833263874053955, loss_qv_penalty: 0.0, loss_qv_quant: 2.2810763000702394e-10, loss_f0: 46.67449188232422, loss_uv: 253.56936645507812
(4415029248, 23710007296)
Train Epoch: 8 [26000/33236 (78%)], loss_enc: 0.2453441023826599, loss 6.685948848724365, loss_qv_penalty: 0.0, loss_qv_quant: 2.5834609451713675e-10, loss_f0: 47.785743713378906, loss_uv: 245.29629516601562
(4415029248, 23710007296)
Train Epoch: 8 [26500/33236 (80%)], loss_enc: 0.20327338576316833, loss 6.007561683654785, loss_qv_penalty: 0.0, loss_qv_quant: 1.7666323959275587e-09, loss_f0: 48.65717315673828, loss_uv: 203.22471618652344
(4415029248, 23710007296)
Train Epoch: 8 [27000/33236 (81%)], loss_enc: 0.22608238458633423, loss 5.365515232086182, loss_qv_penalty: 0.0, loss_qv_quant: 2.164504686597013e-10, loss_f0: 49.25263214111328, loss_uv: 226.03311157226562
(4415029248, 23710007296)
Train Epoch: 8 [27500/33236 (83%)], loss_enc: 0.17918312549591064, loss 6.852616786956787, loss_qv_penalty: 0.0, loss_qv_quant: 2.641533936031948e-10, loss_f0: 49.22486877441406, loss_uv: 179.13388061523438
(4415029248, 23710007296)
Train Epoch: 8 [28000/33236 (84%)], loss_enc: 0.23735873401165009, loss 6.937691688537598, loss_qv_penalty: 0.0, loss_qv_quant: 1.7126688955926284e-10, loss_f0: 47.604881286621094, loss_uv: 237.3111114501953
(4415029248, 23710007296)
Train Epoch: 8 [28500/33236 (86%)], loss_enc: 0.21639399230480194, loss 5.808169841766357, loss_qv_penalty: 0.0, loss_qv_quant: 2.7059757212732904e-10, loss_f0: 47.06726837158203, loss_uv: 216.34690856933594
(4415029248, 23710007296)
Train Epoch: 8 [29000/33236 (87%)], loss_enc: 0.2471953183412552, loss 6.299599647521973, loss_qv_penalty: 0.0, loss_qv_quant: 3.0374303072733255e-10, loss_f0: 49.46176528930664, loss_uv: 247.14584350585938
(4415029248, 23710007296)
Train Epoch: 8 [29500/33236 (89%)], loss_enc: 0.2052607238292694, loss 6.645237922668457, loss_qv_penalty: 0.0, loss_qv_quant: 3.080953825396193e-10, loss_f0: 46.51046371459961, loss_uv: 205.21420288085938
(4415029248, 23710007296)
Train Epoch: 8 [30000/33236 (90%)], loss_enc: 0.23250681161880493, loss 5.661741733551025, loss_qv_penalty: 0.0, loss_qv_quant: 1.4685251625845552e-10, loss_f0: 47.259796142578125, loss_uv: 232.45953369140625
(4415029248, 23710007296)
Train Epoch: 8 [30500/33236 (92%)], loss_enc: 0.25519463419914246, loss 5.165861129760742, loss_qv_penalty: 0.0, loss_qv_quant: 4.1272613104936795e-10, loss_f0: 47.63697814941406, loss_uv: 255.14697265625
(4415029248, 23710007296)
Train Epoch: 8 [31000/33236 (93%)], loss_enc: 0.2155497968196869, loss 6.183752059936523, loss_qv_penalty: 0.0, loss_qv_quant: 2.2865392912407856e-10, loss_f0: 47.33633804321289, loss_uv: 215.50244140625
(4415029248, 23710007296)
Train Epoch: 8 [31500/33236 (95%)], loss_enc: 0.1825314611196518, loss 5.991445064544678, loss_qv_penalty: 0.0, loss_qv_quant: 2.2427595891549856e-10, loss_f0: 50.45082092285156, loss_uv: 182.4810028076172
(4415029248, 23710007296)
Train Epoch: 8 [32000/33236 (96%)], loss_enc: 0.22578585147857666, loss 5.075216770172119, loss_qv_penalty: 0.0, loss_qv_quant: 1.775739555398559e-10, loss_f0: 49.47426223754883, loss_uv: 225.73635864257812
(4415029248, 23710007296)
Train Epoch: 8 [32500/33236 (98%)], loss_enc: 0.2563544809818268, loss 6.644224643707275, loss_qv_penalty: 0.0, loss_qv_quant: 1.7686532793881327e-10, loss_f0: 50.2650146484375, loss_uv: 256.30419921875
(4415029248, 23710007296)
Train Epoch: 8 [33000/33236 (99%)], loss_enc: 0.23422113060951233, loss 6.506377220153809, loss_qv_penalty: 0.0, loss_qv_quant: 2.2396616505826472e-10, loss_f0: 47.61091613769531, loss_uv: 234.17352294921875
----------------------------------------Epoch: 9----------------------------------------
(4415029248, 23710007296)
Train Epoch: 9 [0/33236 (0%)], loss_enc: 0.20542660355567932, loss 6.309156894683838, loss_qv_penalty: 0.0, loss_qv_quant: 3.3187844139526135e-10, loss_f0: 51.51179122924805, loss_uv: 205.3750762939453
(4415029248, 23710007296)
Train Epoch: 9 [500/33236 (2%)], loss_enc: 0.25804781913757324, loss 6.958246231079102, loss_qv_penalty: 0.0, loss_qv_quant: 1.3550791044814048e-10, loss_f0: 49.36450958251953, loss_uv: 257.9984436035156
(4415029248, 23710007296)
Train Epoch: 9 [1000/33236 (3%)], loss_enc: 0.2380189299583435, loss 6.768381118774414, loss_qv_penalty: 0.0, loss_qv_quant: 3.513150326206471e-10, loss_f0: 47.575557708740234, loss_uv: 237.97134399414062
(4415029248, 23710007296)
Train Epoch: 9 [1500/33236 (5%)], loss_enc: 0.22404389083385468, loss 6.309751510620117, loss_qv_penalty: 0.0, loss_qv_quant: 2.767616968935016e-10, loss_f0: 51.207733154296875, loss_uv: 223.99267578125
(4415029248, 23710007296)
Train Epoch: 9 [2000/33236 (6%)], loss_enc: 0.2630118131637573, loss 7.491743564605713, loss_qv_penalty: 0.0, loss_qv_quant: 3.050796559822544e-10, loss_f0: 50.066490173339844, loss_uv: 262.96173095703125
(4415029248, 23710007296)
Train Epoch: 9 [2500/33236 (8%)], loss_enc: 0.2561279535293579, loss 7.196767330169678, loss_qv_penalty: 0.0, loss_qv_quant: 1.8295065462581306e-10, loss_f0: 49.177642822265625, loss_uv: 256.0787353515625
(4415029248, 23710007296)
Train Epoch: 9 [3000/33236 (9%)], loss_enc: 0.24857214093208313, loss 6.548633098602295, loss_qv_penalty: 0.0, loss_qv_quant: 2.4905810747100077e-10, loss_f0: 50.06610107421875, loss_uv: 248.52206420898438
(4415029248, 23710007296)
Train Epoch: 9 [3500/33236 (11%)], loss_enc: 0.250579297542572, loss 6.231347560882568, loss_qv_penalty: 0.0, loss_qv_quant: 2.3100864277036948e-10, loss_f0: 50.486045837402344, loss_uv: 250.52877807617188
(4415029248, 23710007296)
Train Epoch: 9 [4000/33236 (12%)], loss_enc: 0.21630549430847168, loss 6.597763538360596, loss_qv_penalty: 0.0, loss_qv_quant: 1.387880643743955e-10, loss_f0: 49.71126937866211, loss_uv: 216.2557830810547
(4415029248, 23710007296)
Train Epoch: 9 [4500/33236 (14%)], loss_enc: 0.24974873661994934, loss 6.218543529510498, loss_qv_penalty: 0.0, loss_qv_quant: 2.4264365516835085e-10, loss_f0: 49.836448669433594, loss_uv: 249.69888305664062
(4415029248, 23710007296)
Train Epoch: 9 [5000/33236 (15%)], loss_enc: 0.2222234308719635, loss 6.248871326446533, loss_qv_penalty: 0.0, loss_qv_quant: 2.1097862346053375e-10, loss_f0: 50.37205505371094, loss_uv: 222.17303466796875
(4415029248, 23710007296)
Train Epoch: 9 [5500/33236 (17%)], loss_enc: 0.23962324857711792, loss 5.838910102844238, loss_qv_penalty: 0.0, loss_qv_quant: 1.3054718417393474e-10, loss_f0: 50.72015380859375, loss_uv: 239.572509765625
(4415029248, 23710007296)
Train Epoch: 9 [6000/33236 (18%)], loss_enc: 0.2147367000579834, loss 5.947958946228027, loss_qv_penalty: 0.0, loss_qv_quant: 2.868110748899255e-10, loss_f0: 48.581703186035156, loss_uv: 214.6881103515625
(4415029248, 23710007296)
Train Epoch: 9 [6500/33236 (20%)], loss_enc: 0.23172971606254578, loss 5.5323405265808105, loss_qv_penalty: 0.0, loss_qv_quant: 1.4797116310028002e-10, loss_f0: 50.606475830078125, loss_uv: 231.6791229248047
(4415029248, 23710007296)
Train Epoch: 9 [7000/33236 (21%)], loss_enc: 0.23347878456115723, loss 6.104797840118408, loss_qv_penalty: 0.0, loss_qv_quant: 3.695001249415242e-10, loss_f0: 49.81300735473633, loss_uv: 233.428955078125
(4415029248, 23710007296)
Train Epoch: 9 [7500/33236 (23%)], loss_enc: 0.24660924077033997, loss 6.3271636962890625, loss_qv_penalty: 0.0, loss_qv_quant: 1.849308761681101e-10, loss_f0: 50.033355712890625, loss_uv: 246.55918884277344
(4415029248, 23710007296)
Train Epoch: 9 [8000/33236 (24%)], loss_enc: 0.24613656103610992, loss 6.3435282707214355, loss_qv_penalty: 0.0, loss_qv_quant: 3.70543290495462e-10, loss_f0: 48.9503173828125, loss_uv: 246.08758544921875
(4415029248, 23710007296)
Train Epoch: 9 [8500/33236 (26%)], loss_enc: 0.19065487384796143, loss 6.511250972747803, loss_qv_penalty: 0.0, loss_qv_quant: 1.3487694294767039e-10, loss_f0: 52.39157485961914, loss_uv: 190.60247802734375
(4415029248, 23710007296)
Train Epoch: 9 [9000/33236 (27%)], loss_enc: 0.1909014880657196, loss 5.909614562988281, loss_qv_penalty: 0.0, loss_qv_quant: 2.058495318646436e-10, loss_f0: 50.02037048339844, loss_uv: 190.85145568847656
(4415029248, 23710007296)
Train Epoch: 9 [9500/33236 (29%)], loss_enc: 0.2650054097175598, loss 5.990696430206299, loss_qv_penalty: 0.0, loss_qv_quant: 2.446164382163829e-10, loss_f0: 50.40045928955078, loss_uv: 264.9549865722656
(4415029248, 23710007296)
Train Epoch: 9 [10000/33236 (30%)], loss_enc: 0.2625555694103241, loss 5.64215612411499, loss_qv_penalty: 0.0, loss_qv_quant: 2.886867411788785e-10, loss_f0: 51.0677490234375, loss_uv: 262.5044860839844
(4415029248, 23710007296)
Train Epoch: 9 [10500/33236 (32%)], loss_enc: 0.23251233994960785, loss 7.373892784118652, loss_qv_penalty: 0.0, loss_qv_quant: 3.332556175461576e-10, loss_f0: 51.750030517578125, loss_uv: 232.4605712890625
(4415029248, 23710007296)
Train Epoch: 9 [11000/33236 (33%)], loss_enc: 0.25976312160491943, loss 6.993186950683594, loss_qv_penalty: 0.0, loss_qv_quant: 1.4868085929098385e-10, loss_f0: 51.72884750366211, loss_uv: 259.7113952636719
(4415029248, 23710007296)
Train Epoch: 9 [11500/33236 (35%)], loss_enc: 0.2564016580581665, loss 5.120296478271484, loss_qv_penalty: 0.0, loss_qv_quant: 1.8634908893755409e-10, loss_f0: 49.906394958496094, loss_uv: 256.35174560546875
(4415029248, 23710007296)
Train Epoch: 9 [12000/33236 (36%)], loss_enc: 0.2640771269798279, loss 6.286464214324951, loss_qv_penalty: 0.0, loss_qv_quant: 8.020774266981334e-09, loss_f0: 51.662506103515625, loss_uv: 264.0254821777344
(4415029248, 23710007296)
Train Epoch: 9 [12500/33236 (38%)], loss_enc: 0.22857850790023804, loss 6.28714656829834, loss_qv_penalty: 0.0, loss_qv_quant: 2.1990544940564405e-09, loss_f0: 50.28803634643555, loss_uv: 228.5281982421875
(4415029248, 23710007296)
Train Epoch: 9 [13000/33236 (39%)], loss_enc: 0.2184658795595169, loss 6.5315680503845215, loss_qv_penalty: 0.0, loss_qv_quant: 5.036668415669965e-09, loss_f0: 49.428199768066406, loss_uv: 218.41644287109375
(4415029248, 23710007296)
Train Epoch: 9 [13500/33236 (41%)], loss_enc: 0.2297457605600357, loss 5.422957420349121, loss_qv_penalty: 0.0, loss_qv_quant: 9.04215202712777e-10, loss_f0: 50.80595397949219, loss_uv: 229.6949462890625
(4415029248, 23710007296)
Train Epoch: 9 [14000/33236 (42%)], loss_enc: 0.23801495134830475, loss 5.074137210845947, loss_qv_penalty: 0.0, loss_qv_quant: 4.351212168351992e-10, loss_f0: 51.821922302246094, loss_uv: 237.96310424804688
(4415029248, 23710007296)
Train Epoch: 9 [14500/33236 (44%)], loss_enc: 0.22520899772644043, loss 6.209960460662842, loss_qv_penalty: 0.0, loss_qv_quant: 8.053904210214569e-10, loss_f0: 49.715675354003906, loss_uv: 225.1592559814453
(4415029248, 23710007296)
Train Epoch: 9 [15000/33236 (45%)], loss_enc: 0.2711462378501892, loss 6.736930847167969, loss_qv_penalty: 0.0, loss_qv_quant: 4.74031425223842e-10, loss_f0: 50.532814025878906, loss_uv: 271.095703125
(4415029248, 23710007296)
Train Epoch: 9 [15500/33236 (47%)], loss_enc: 0.23692893981933594, loss 5.486307144165039, loss_qv_penalty: 0.0, loss_qv_quant: 3.8379188715964574e-10, loss_f0: 52.24622344970703, loss_uv: 236.87667846679688
(4415029248, 23710007296)
Train Epoch: 9 [16000/33236 (48%)], loss_enc: 0.2646788954734802, loss 5.60307502746582, loss_qv_penalty: 0.0, loss_qv_quant: 1.681262906672032e-10, loss_f0: 50.773704528808594, loss_uv: 264.62811279296875
(4415029248, 23710007296)
Train Epoch: 9 [16500/33236 (50%)], loss_enc: 0.26749640703201294, loss 6.599218368530273, loss_qv_penalty: 0.0, loss_qv_quant: 2.6636862160422936e-10, loss_f0: 50.056678771972656, loss_uv: 267.44635009765625
(4415029248, 23710007296)
Train Epoch: 9 [17000/33236 (51%)], loss_enc: 0.2257446050643921, loss 5.378220081329346, loss_qv_penalty: 0.0, loss_qv_quant: 1.3326972858607178e-10, loss_f0: 51.35149383544922, loss_uv: 225.6932373046875
(4415029248, 23710007296)
Train Epoch: 9 [17500/33236 (53%)], loss_enc: 0.20959456264972687, loss 5.655848979949951, loss_qv_penalty: 0.0, loss_qv_quant: 1.6511975120536704e-10, loss_f0: 52.68209457397461, loss_uv: 209.5418701171875
(4415029248, 23710007296)
Train Epoch: 9 [18000/33236 (54%)], loss_enc: 0.23060236871242523, loss 6.134737491607666, loss_qv_penalty: 0.0, loss_qv_quant: 2.472880566983804e-09, loss_f0: 52.271484375, loss_uv: 230.55007934570312
(4415029248, 23710007296)
Train Epoch: 9 [18500/33236 (56%)], loss_enc: 0.2367132604122162, loss 6.3363423347473145, loss_qv_penalty: 0.0, loss_qv_quant: 2.311786095887669e-09, loss_f0: 50.360023498535156, loss_uv: 236.66287231445312
(4415029248, 23710007296)
Train Epoch: 9 [19000/33236 (57%)], loss_enc: 0.2291741520166397, loss 6.415825366973877, loss_qv_penalty: 0.0, loss_qv_quant: 8.042516652650988e-10, loss_f0: 51.79669189453125, loss_uv: 229.12232971191406
(4415029248, 23710007296)
Train Epoch: 9 [19500/33236 (59%)], loss_enc: 0.22025272250175476, loss 7.093624114990234, loss_qv_penalty: 0.0, loss_qv_quant: 1.5512683360086044e-09, loss_f0: 52.511512756347656, loss_uv: 220.2001953125
(4415029248, 23710007296)
Train Epoch: 9 [20000/33236 (60%)], loss_enc: 0.22623556852340698, loss 6.482991695404053, loss_qv_penalty: 0.0, loss_qv_quant: 4.964076927294059e-10, loss_f0: 52.68976593017578, loss_uv: 226.182861328125
(4415029248, 23710007296)
Train Epoch: 9 [20500/33236 (62%)], loss_enc: 0.26297396421432495, loss 6.898300647735596, loss_qv_penalty: 0.0, loss_qv_quant: 1.34149480413015e-09, loss_f0: 54.81243896484375, loss_uv: 262.9191589355469
(4415029248, 23710007296)
Train Epoch: 9 [21000/33236 (63%)], loss_enc: 0.21715332567691803, loss 5.836531162261963, loss_qv_penalty: 0.0, loss_qv_quant: 3.2970756680406055e-10, loss_f0: 53.86664581298828, loss_uv: 217.09945678710938
(4415029248, 23710007296)
Train Epoch: 9 [21500/33236 (65%)], loss_enc: 0.24860334396362305, loss 6.5428948402404785, loss_qv_penalty: 0.0, loss_qv_quant: 6.814704356372658e-10, loss_f0: 50.7030029296875, loss_uv: 248.55264282226562
(4415029248, 23710007296)
Train Epoch: 9 [22000/33236 (66%)], loss_enc: 0.2701285779476166, loss 5.565133571624756, loss_qv_penalty: 0.0, loss_qv_quant: 2.1876632450013034e-10, loss_f0: 52.93531036376953, loss_uv: 270.07562255859375
(4415029248, 23710007296)
Train Epoch: 9 [22500/33236 (68%)], loss_enc: 0.22348767518997192, loss 6.104866027832031, loss_qv_penalty: 0.0, loss_qv_quant: 3.965822670259911e-10, loss_f0: 54.90829086303711, loss_uv: 223.43275451660156
(4415029248, 23710007296)
Train Epoch: 9 [23000/33236 (69%)], loss_enc: 0.2312111258506775, loss 7.451988220214844, loss_qv_penalty: 0.0, loss_qv_quant: 1.6280543135849257e-08, loss_f0: 54.26853942871094, loss_uv: 231.15682983398438
(4415029248, 23710007296)
Train Epoch: 9 [23500/33236 (71%)], loss_enc: 0.25114893913269043, loss 6.097653388977051, loss_qv_penalty: 0.0, loss_qv_quant: 1.7751036751612048e-10, loss_f0: 53.502079010009766, loss_uv: 251.09542846679688
(4415029248, 23710007296)
Train Epoch: 9 [24000/33236 (72%)], loss_enc: 0.2591302692890167, loss 5.1867451667785645, loss_qv_penalty: 0.0, loss_qv_quant: 2.392817610719078e-10, loss_f0: 52.37499237060547, loss_uv: 259.077880859375
(4415029248, 23710007296)
Train Epoch: 9 [24500/33236 (74%)], loss_enc: 0.19674994051456451, loss 6.253363132476807, loss_qv_penalty: 0.0, loss_qv_quant: 2.4557181288464847e-10, loss_f0: 52.67726135253906, loss_uv: 196.69725036621094
(4415029248, 23710007296)
Train Epoch: 9 [25000/33236 (75%)], loss_enc: 0.27228447794914246, loss 6.4997663497924805, loss_qv_penalty: 0.0, loss_qv_quant: 3.730556485948e-08, loss_f0: 55.22506332397461, loss_uv: 272.2292175292969
(4415029248, 23710007296)
Train Epoch: 9 [25500/33236 (77%)], loss_enc: 0.2296382188796997, loss 6.032870292663574, loss_qv_penalty: 0.0, loss_qv_quant: 2.0027095259944616e-10, loss_f0: 53.15906524658203, loss_uv: 229.58505249023438
(4415029248, 23710007296)
Train Epoch: 9 [26000/33236 (78%)], loss_enc: 0.24296581745147705, loss 6.363096237182617, loss_qv_penalty: 0.0, loss_qv_quant: 9.161258418544094e-10, loss_f0: 52.03020477294922, loss_uv: 242.91378784179688
(4415029248, 23710007296)
Train Epoch: 9 [26500/33236 (80%)], loss_enc: 0.24614864587783813, loss 5.305487632751465, loss_qv_penalty: 0.0, loss_qv_quant: 2.856357372849061e-10, loss_f0: 52.61149978637695, loss_uv: 246.0960235595703
(4415029248, 23710007296)
Train Epoch: 9 [27000/33236 (81%)], loss_enc: 0.2063814252614975, loss 7.423096656799316, loss_qv_penalty: 0.0, loss_qv_quant: 5.512016953979071e-10, loss_f0: 51.35967254638672, loss_uv: 206.33006286621094
(4415029248, 23710007296)
Train Epoch: 9 [27500/33236 (83%)], loss_enc: 0.2682174742221832, loss 6.368574142456055, loss_qv_penalty: 0.0, loss_qv_quant: 2.725051850838156e-10, loss_f0: 52.24875259399414, loss_uv: 268.16522216796875
(4415029248, 23710007296)
Train Epoch: 9 [28000/33236 (84%)], loss_enc: 0.2597687244415283, loss 6.583660125732422, loss_qv_penalty: 0.0, loss_qv_quant: 1.2006489136240361e-09, loss_f0: 50.20737838745117, loss_uv: 259.718505859375
(4415029248, 23710007296)
Train Epoch: 9 [28500/33236 (86%)], loss_enc: 0.26530730724334717, loss 6.037809371948242, loss_qv_penalty: 0.0, loss_qv_quant: 4.3659953430363885e-10, loss_f0: 54.61628723144531, loss_uv: 265.252685546875
(4415029248, 23710007296)
Train Epoch: 9 [29000/33236 (87%)], loss_enc: 0.2812751233577728, loss 6.672995090484619, loss_qv_penalty: 0.0, loss_qv_quant: 1.6050943907330861e-10, loss_f0: 55.00412368774414, loss_uv: 281.2200927734375
(4415029248, 23710007296)
Train Epoch: 9 [29500/33236 (89%)], loss_enc: 0.2505537271499634, loss 6.095590114593506, loss_qv_penalty: 0.0, loss_qv_quant: 2.0803346545417156e-10, loss_f0: 55.754093170166016, loss_uv: 250.49794006347656
(4415029248, 23710007296)
Train Epoch: 9 [30000/33236 (90%)], loss_enc: 0.2738625407218933, loss 5.890862941741943, loss_qv_penalty: 0.0, loss_qv_quant: 4.792879426673835e-10, loss_f0: 52.21731948852539, loss_uv: 273.810302734375
(4415029248, 23710007296)
Train Epoch: 9 [30500/33236 (92%)], loss_enc: 0.2516856789588928, loss 5.340436935424805, loss_qv_penalty: 0.0, loss_qv_quant: 3.9411440777570306e-10, loss_f0: 54.82457733154297, loss_uv: 251.630859375
(4415029248, 23710007296)
Train Epoch: 9 [31000/33236 (93%)], loss_enc: 0.1970435231924057, loss 6.0559234619140625, loss_qv_penalty: 0.0, loss_qv_quant: 2.969161860821856e-10, loss_f0: 53.340145111083984, loss_uv: 196.9901580810547
(4415029248, 23710007296)
Train Epoch: 9 [31500/33236 (95%)], loss_enc: 0.2846304178237915, loss 4.799921989440918, loss_qv_penalty: 0.0, loss_qv_quant: 2.1113928660998482e-10, loss_f0: 57.549888610839844, loss_uv: 284.57281494140625
(4415029248, 23710007296)
Train Epoch: 9 [32000/33236 (96%)], loss_enc: 0.25628262758255005, loss 5.677354335784912, loss_qv_penalty: 0.0, loss_qv_quant: 2.5017046767494833e-10, loss_f0: 53.086612701416016, loss_uv: 256.22955322265625
(4415029248, 23710007296)
Train Epoch: 9 [32500/33236 (98%)], loss_enc: 0.2825257480144501, loss 5.176548004150391, loss_qv_penalty: 0.0, loss_qv_quant: 1.2957759865095397e-10, loss_f0: 53.16693115234375, loss_uv: 282.4725646972656
(4415029248, 23710007296)
Train Epoch: 9 [33000/33236 (99%)], loss_enc: 0.27719467878341675, loss 6.414522647857666, loss_qv_penalty: 0.0, loss_qv_quant: 2.2981699876467587e-10, loss_f0: 54.4013557434082, loss_uv: 277.1402587890625
----------------------------------------Epoch: 10----------------------------------------
(4415029248, 23710007296)
Train Epoch: 10 [0/33236 (0%)], loss_enc: 0.23168198764324188, loss 5.542279243469238, loss_qv_penalty: 0.0, loss_qv_quant: 1.5263390551467637e-10, loss_f0: 57.815582275390625, loss_uv: 231.62416076660156
(4415029248, 23710007296)
Train Epoch: 10 [500/33236 (2%)], loss_enc: 0.24135273694992065, loss 5.948715686798096, loss_qv_penalty: 0.0, loss_qv_quant: 4.934807562584353e-10, loss_f0: 56.271263122558594, loss_uv: 241.29644775390625
(4415029248, 23710007296)
Train Epoch: 10 [1000/33236 (3%)], loss_enc: 0.27872005105018616, loss 7.033163547515869, loss_qv_penalty: 0.0, loss_qv_quant: 1.7745369063071337e-10, loss_f0: 54.079410552978516, loss_uv: 278.66595458984375
(4415029248, 23710007296)
Train Epoch: 10 [1500/33236 (5%)], loss_enc: 0.27800559997558594, loss 6.473915100097656, loss_qv_penalty: 0.0, loss_qv_quant: 2.0999277317024223e-10, loss_f0: 55.144527435302734, loss_uv: 277.950439453125
(4415029248, 23710007296)
Train Epoch: 10 [2000/33236 (6%)], loss_enc: 0.2811146378517151, loss 7.211114406585693, loss_qv_penalty: 0.0, loss_qv_quant: 1.7771466243043932e-10, loss_f0: 53.64236831665039, loss_uv: 281.06097412109375
(4415029248, 23710007296)
Train Epoch: 10 [2500/33236 (8%)], loss_enc: 0.2707158327102661, loss 6.251494884490967, loss_qv_penalty: 0.0, loss_qv_quant: 2.8916224970032545e-10, loss_f0: 53.903663635253906, loss_uv: 270.66192626953125
(4415029248, 23710007296)
Train Epoch: 10 [3000/33236 (9%)], loss_enc: 0.2807613015174866, loss 5.2955732345581055, loss_qv_penalty: 0.0, loss_qv_quant: 1.1677174505120291e-10, loss_f0: 53.92558288574219, loss_uv: 280.70733642578125
(4415029248, 23710007296)
Train Epoch: 10 [3500/33236 (11%)], loss_enc: 0.2615860104560852, loss 6.926680564880371, loss_qv_penalty: 0.0, loss_qv_quant: 3.179720653445628e-10, loss_f0: 55.79627227783203, loss_uv: 261.53021240234375
(4415029248, 23710007296)
Train Epoch: 10 [4000/33236 (12%)], loss_enc: 0.226100891828537, loss 6.113251686096191, loss_qv_penalty: 0.0, loss_qv_quant: 1.1420818069041161e-08, loss_f0: 56.06488800048828, loss_uv: 226.04478454589844
(4415029248, 23710007296)
Train Epoch: 10 [4500/33236 (14%)], loss_enc: 0.279320627450943, loss 7.088770866394043, loss_qv_penalty: 0.0, loss_qv_quant: 6.204312064106432e-10, loss_f0: 54.48637771606445, loss_uv: 279.26611328125
(4415029248, 23710007296)
Train Epoch: 10 [5000/33236 (15%)], loss_enc: 0.2822369337081909, loss 7.152042865753174, loss_qv_penalty: 0.0, loss_qv_quant: 2.0227676478246082e-10, loss_f0: 54.16619873046875, loss_uv: 282.1827697753906
(4415029248, 23710007296)
Train Epoch: 10 [5500/33236 (17%)], loss_enc: 0.24871420860290527, loss 6.811137676239014, loss_qv_penalty: 0.0, loss_qv_quant: 4.2911121878042024e-10, loss_f0: 55.833919525146484, loss_uv: 248.65835571289062
(4415029248, 23710007296)
Train Epoch: 10 [6000/33236 (18%)], loss_enc: 0.28251543641090393, loss 6.695694446563721, loss_qv_penalty: 0.0, loss_qv_quant: 3.3926286779895065e-10, loss_f0: 53.058509826660156, loss_uv: 282.4623718261719
(4415029248, 23710007296)
Train Epoch: 10 [6500/33236 (20%)], loss_enc: 0.22842931747436523, loss 7.155064582824707, loss_qv_penalty: 0.0, loss_qv_quant: 2.342285532197508e-10, loss_f0: 54.705177307128906, loss_uv: 228.37460327148438
(4415029248, 23710007296)
Train Epoch: 10 [7000/33236 (21%)], loss_enc: 0.22371527552604675, loss 6.196747303009033, loss_qv_penalty: 0.0, loss_qv_quant: 4.695324684611535e-10, loss_f0: 56.952980041503906, loss_uv: 223.65829467773438
(4415029248, 23710007296)
Train Epoch: 10 [7500/33236 (23%)], loss_enc: 0.28299644589424133, loss 5.6815338134765625, loss_qv_penalty: 0.0, loss_qv_quant: 1.7520389306024953e-10, loss_f0: 53.92271423339844, loss_uv: 282.9425354003906
(4415029248, 23710007296)
Train Epoch: 10 [8000/33236 (24%)], loss_enc: 0.20792947709560394, loss 6.504363536834717, loss_qv_penalty: 0.0, loss_qv_quant: 4.3422015982841344e-10, loss_f0: 52.2907829284668, loss_uv: 207.87716674804688
(4415029248, 23710007296)
Train Epoch: 10 [8500/33236 (26%)], loss_enc: 0.2561085820198059, loss 6.222708225250244, loss_qv_penalty: 0.0, loss_qv_quant: 1.0828007934726713e-10, loss_f0: 55.695858001708984, loss_uv: 256.05291748046875
(4415029248, 23710007296)
Train Epoch: 10 [9000/33236 (27%)], loss_enc: 0.2613511085510254, loss 6.427614212036133, loss_qv_penalty: 0.0, loss_qv_quant: 8.247018623563918e-10, loss_f0: 54.09852600097656, loss_uv: 261.2969970703125
(4415029248, 23710007296)
Train Epoch: 10 [9500/33236 (29%)], loss_enc: 0.2543010711669922, loss 6.465200901031494, loss_qv_penalty: 0.0, loss_qv_quant: 6.643633976288754e-10, loss_f0: 54.682884216308594, loss_uv: 254.2463836669922
(4415029248, 23710007296)
Train Epoch: 10 [10000/33236 (30%)], loss_enc: 0.2747929096221924, loss 7.019703388214111, loss_qv_penalty: 0.0, loss_qv_quant: 1.7266076213218184e-07, loss_f0: 55.59865188598633, loss_uv: 274.73712158203125
(4415029248, 23710007296)
Train Epoch: 10 [10500/33236 (32%)], loss_enc: 0.27753716707229614, loss 6.145636558532715, loss_qv_penalty: 0.0, loss_qv_quant: 1.9830745934257266e-09, loss_f0: 55.99108123779297, loss_uv: 277.4811706542969
(4415029248, 23710007296)
Train Epoch: 10 [11000/33236 (33%)], loss_enc: 0.25577065348625183, loss 7.1282267570495605, loss_qv_penalty: 0.0, loss_qv_quant: 1.4276936299850718e-09, loss_f0: 53.399986267089844, loss_uv: 255.71725463867188
(4415029248, 23710007296)
Train Epoch: 10 [11500/33236 (35%)], loss_enc: 0.2571133077144623, loss 6.489025115966797, loss_qv_penalty: 0.0, loss_qv_quant: 8.149381169886283e-10, loss_f0: 55.386695861816406, loss_uv: 257.05792236328125
(4415029248, 23710007296)
Train Epoch: 10 [12000/33236 (36%)], loss_enc: 0.27043336629867554, loss 6.675480365753174, loss_qv_penalty: 0.0, loss_qv_quant: 4.5457126951475857e-10, loss_f0: 55.24678039550781, loss_uv: 270.37811279296875
(4415029248, 23710007296)
Train Epoch: 10 [12500/33236 (38%)], loss_enc: 0.2905866205692291, loss 5.943692207336426, loss_qv_penalty: 0.0, loss_qv_quant: 3.5709518675375307e-10, loss_f0: 53.407920837402344, loss_uv: 290.533203125
(4415029248, 23710007296)
Train Epoch: 10 [13000/33236 (39%)], loss_enc: 0.2832551598548889, loss 5.630410671234131, loss_qv_penalty: 0.0, loss_qv_quant: 2.430521894858373e-10, loss_f0: 54.79313659667969, loss_uv: 283.20037841796875
(4415029248, 23710007296)
Train Epoch: 10 [13500/33236 (41%)], loss_enc: 0.2852630913257599, loss 6.354645252227783, loss_qv_penalty: 0.0, loss_qv_quant: 2.9717164840015187e-10, loss_f0: 58.61946487426758, loss_uv: 285.2044677734375
(4415029248, 23710007296)
Train Epoch: 10 [14000/33236 (42%)], loss_enc: 0.2795944809913635, loss 7.120219707489014, loss_qv_penalty: 0.0, loss_qv_quant: 1.5084185289726548e-10, loss_f0: 56.58140182495117, loss_uv: 279.5378723144531
(4415029248, 23710007296)
Train Epoch: 10 [14500/33236 (44%)], loss_enc: 0.29329293966293335, loss 6.17903470993042, loss_qv_penalty: 0.0, loss_qv_quant: 1.5809395459420728e-10, loss_f0: 54.755409240722656, loss_uv: 293.2381591796875
(4415029248, 23710007296)
Train Epoch: 10 [15000/33236 (45%)], loss_enc: 0.2631736397743225, loss 5.848103046417236, loss_qv_penalty: 0.0, loss_qv_quant: 4.3252648684877215e-10, loss_f0: 52.1366081237793, loss_uv: 263.1214904785156
(4415029248, 23710007296)
Train Epoch: 10 [15500/33236 (47%)], loss_enc: 0.29417523741722107, loss 6.399209499359131, loss_qv_penalty: 0.0, loss_qv_quant: 1.49831230755737e-10, loss_f0: 55.27189636230469, loss_uv: 294.1199645996094
(4415029248, 23710007296)
Train Epoch: 10 [16000/33236 (48%)], loss_enc: 0.2703816890716553, loss 7.2330756187438965, loss_qv_penalty: 0.0, loss_qv_quant: 2.1412457917868721e-10, loss_f0: 56.01001739501953, loss_uv: 270.32568359375
(4415029248, 23710007296)
Train Epoch: 10 [16500/33236 (50%)], loss_enc: 0.24986127018928528, loss 6.793084621429443, loss_qv_penalty: 0.0, loss_qv_quant: 2.7058252860534537e-10, loss_f0: 54.402862548828125, loss_uv: 249.80686950683594
(4415029248, 23710007296)
Train Epoch: 10 [17000/33236 (51%)], loss_enc: 0.27242550253868103, loss 6.4171142578125, loss_qv_penalty: 0.0, loss_qv_quant: 9.555976843156344e-11, loss_f0: 57.230552673339844, loss_uv: 272.36822509765625
(4415029248, 23710007296)
Train Epoch: 10 [17500/33236 (53%)], loss_enc: 0.23896074295043945, loss 6.652122497558594, loss_qv_penalty: 0.0, loss_qv_quant: 4.2617442908010617e-10, loss_f0: 56.72357177734375, loss_uv: 238.90402221679688
(4415029248, 23710007296)
Train Epoch: 10 [18000/33236 (54%)], loss_enc: 0.3019729554653168, loss 6.243372917175293, loss_qv_penalty: 0.0, loss_qv_quant: 2.0599474903626458e-10, loss_f0: 58.54365539550781, loss_uv: 301.9143981933594
(4415029248, 23710007296)
Train Epoch: 10 [18500/33236 (56%)], loss_enc: 0.30296725034713745, loss 5.937009334564209, loss_qv_penalty: 0.0, loss_qv_quant: 1.895537615759224e-10, loss_f0: 57.952919006347656, loss_uv: 302.9093017578125
(4415029248, 23710007296)
Train Epoch: 10 [19000/33236 (57%)], loss_enc: 0.28559601306915283, loss 7.216444969177246, loss_qv_penalty: 0.0, loss_qv_quant: 1.8824618253088232e-10, loss_f0: 56.30845642089844, loss_uv: 285.5396728515625
(4415029248, 23710007296)
Train Epoch: 10 [19500/33236 (59%)], loss_enc: 0.2869768738746643, loss 6.903313159942627, loss_qv_penalty: 0.0, loss_qv_quant: 4.003383180517517e-10, loss_f0: 57.262046813964844, loss_uv: 286.9195861816406
(4415029248, 23710007296)
Train Epoch: 10 [20000/33236 (60%)], loss_enc: 0.28066718578338623, loss 6.018144130706787, loss_qv_penalty: 0.0, loss_qv_quant: 4.714753476520173e-09, loss_f0: 58.43098831176758, loss_uv: 280.6087646484375
(4415029248, 23710007296)
Train Epoch: 10 [20500/33236 (62%)], loss_enc: 0.2433680146932602, loss 6.777575969696045, loss_qv_penalty: 0.0, loss_qv_quant: 1.0382751602922013e-10, loss_f0: 57.11267852783203, loss_uv: 243.31088256835938
(4415029248, 23710007296)
Train Epoch: 10 [21000/33236 (63%)], loss_enc: 0.25067567825317383, loss 6.405312538146973, loss_qv_penalty: 0.0, loss_qv_quant: 1.2339401722627485e-10, loss_f0: 57.17475891113281, loss_uv: 250.61846923828125
(4415029248, 23710007296)
Train Epoch: 10 [21500/33236 (65%)], loss_enc: 0.2977112829685211, loss 5.630851745605469, loss_qv_penalty: 0.0, loss_qv_quant: 4.978554235535171e-10, loss_f0: 57.124412536621094, loss_uv: 297.6541442871094
(4415029248, 23710007296)
Train Epoch: 10 [22000/33236 (66%)], loss_enc: 0.27615153789520264, loss 6.398557186126709, loss_qv_penalty: 0.0, loss_qv_quant: 1.6136347813500151e-10, loss_f0: 60.55430603027344, loss_uv: 276.0909729003906
(4415029248, 23710007296)
Train Epoch: 10 [22500/33236 (68%)], loss_enc: 0.21802958846092224, loss 5.694521903991699, loss_qv_penalty: 0.0, loss_qv_quant: 1.3591366920806536e-10, loss_f0: 57.6991081237793, loss_uv: 217.9718780517578
(4415029248, 23710007296)
Train Epoch: 10 [23000/33236 (69%)], loss_enc: 0.23262649774551392, loss 6.091476917266846, loss_qv_penalty: 0.0, loss_qv_quant: 2.040444896378446e-10, loss_f0: 57.11871337890625, loss_uv: 232.56936645507812
(4415029248, 23710007296)
Train Epoch: 10 [23500/33236 (71%)], loss_enc: 0.27304187417030334, loss 6.687523365020752, loss_qv_penalty: 0.0, loss_qv_quant: 1.180829989344545e-09, loss_f0: 55.952613830566406, loss_uv: 272.98590087890625
(4415029248, 23710007296)
Train Epoch: 10 [24000/33236 (72%)], loss_enc: 0.26064908504486084, loss 7.063479900360107, loss_qv_penalty: 0.0, loss_qv_quant: 7.788229616778608e-09, loss_f0: 57.55647277832031, loss_uv: 260.59149169921875
(4415029248, 23710007296)
Train Epoch: 10 [24500/33236 (74%)], loss_enc: 0.26840701699256897, loss 7.4219536781311035, loss_qv_penalty: 0.0, loss_qv_quant: 4.5520803793053233e-10, loss_f0: 59.721763610839844, loss_uv: 268.3472900390625
(4415029248, 23710007296)
Train Epoch: 10 [25000/33236 (75%)], loss_enc: 0.26839038729667664, loss 5.871028423309326, loss_qv_penalty: 0.0, loss_qv_quant: 4.1934369865437304e-10, loss_f0: 56.57279586791992, loss_uv: 268.33380126953125
(4415029248, 23710007296)
Train Epoch: 10 [25500/33236 (77%)], loss_enc: 0.2854163646697998, loss 5.584019184112549, loss_qv_penalty: 0.0, loss_qv_quant: 3.395060343969192e-10, loss_f0: 58.64960479736328, loss_uv: 285.3576965332031
(4415029248, 23710007296)
Train Epoch: 10 [26000/33236 (78%)], loss_enc: 0.25921669602394104, loss 5.983802795410156, loss_qv_penalty: 0.0, loss_qv_quant: 2.8322999501284585e-10, loss_f0: 58.59678649902344, loss_uv: 259.1580810546875
(4415029248, 23710007296)
Train Epoch: 10 [26500/33236 (80%)], loss_enc: 0.24184370040893555, loss 5.1822052001953125, loss_qv_penalty: 0.0, loss_qv_quant: 7.324229001071103e-10, loss_f0: 54.64923858642578, loss_uv: 241.78903198242188
(4415029248, 23710007296)
Train Epoch: 10 [27000/33236 (81%)], loss_enc: 0.24756678938865662, loss 6.285315036773682, loss_qv_penalty: 0.0, loss_qv_quant: 2.421365608018533e-10, loss_f0: 57.96123504638672, loss_uv: 247.50881958007812
(4415029248, 23710007296)
Train Epoch: 10 [27500/33236 (83%)], loss_enc: 0.22034482657909393, loss 4.565072059631348, loss_qv_penalty: 0.0, loss_qv_quant: 3.1138175371481225e-10, loss_f0: 57.42430114746094, loss_uv: 220.2873992919922
(4415029248, 23710007296)
Train Epoch: 10 [28000/33236 (84%)], loss_enc: 0.2660757303237915, loss 6.850368976593018, loss_qv_penalty: 0.0, loss_qv_quant: 3.2913627379116406e-10, loss_f0: 57.71477127075195, loss_uv: 266.01800537109375
(4415029248, 23710007296)
Train Epoch: 10 [28500/33236 (86%)], loss_enc: 0.2404453307390213, loss 6.118541240692139, loss_qv_penalty: 0.0, loss_qv_quant: 1.2087554290829416e-09, loss_f0: 58.00244903564453, loss_uv: 240.38729858398438
(4415029248, 23710007296)
Train Epoch: 10 [29000/33236 (87%)], loss_enc: 0.27958765625953674, loss 5.740523815155029, loss_qv_penalty: 0.0, loss_qv_quant: 1.161807039462559e-10, loss_f0: 57.31331253051758, loss_uv: 279.53033447265625
(4415029248, 23710007296)
Train Epoch: 10 [29500/33236 (89%)], loss_enc: 0.25083938241004944, loss 5.274879455566406, loss_qv_penalty: 0.0, loss_qv_quant: 1.9759244240802332e-10, loss_f0: 58.465999603271484, loss_uv: 250.78091430664062
(4415029248, 23710007296)
Train Epoch: 10 [30000/33236 (90%)], loss_enc: 0.29987388849258423, loss 6.819249153137207, loss_qv_penalty: 0.0, loss_qv_quant: 2.2809751309971205e-10, loss_f0: 61.34720993041992, loss_uv: 299.8125
(4415029248, 23710007296)
Train Epoch: 10 [30500/33236 (92%)], loss_enc: 0.2659681439399719, loss 6.352941036224365, loss_qv_penalty: 0.0, loss_qv_quant: 1.6323582763266842e-10, loss_f0: 60.034461975097656, loss_uv: 265.9080810546875
(4415029248, 23710007296)
Train Epoch: 10 [31000/33236 (93%)], loss_enc: 0.2445269227027893, loss 6.578734397888184, loss_qv_penalty: 0.0, loss_qv_quant: 2.578972313482808e-10, loss_f0: 57.6533203125, loss_uv: 244.46923828125
(4415029248, 23710007296)
Train Epoch: 10 [31500/33236 (95%)], loss_enc: 0.27254974842071533, loss 6.021298885345459, loss_qv_penalty: 0.0, loss_qv_quant: 3.0105018478110424e-10, loss_f0: 59.53396987915039, loss_uv: 272.49017333984375
(4415029248, 23710007296)
Train Epoch: 10 [32000/33236 (96%)], loss_enc: 0.27261900901794434, loss 6.2403340339660645, loss_qv_penalty: 0.0, loss_qv_quant: 2.0824436619548692e-10, loss_f0: 59.42485046386719, loss_uv: 272.5595703125
(4415029248, 23710007296)
Train Epoch: 10 [32500/33236 (98%)], loss_enc: 0.273886114358902, loss 5.815688610076904, loss_qv_penalty: 0.0, loss_qv_quant: 3.987203345268142e-10, loss_f0: 60.411155700683594, loss_uv: 273.82568359375
(4415029248, 23710007296)
Train Epoch: 10 [33000/33236 (99%)], loss_enc: 0.31191885471343994, loss 6.7074151039123535, loss_qv_penalty: 0.0, loss_qv_quant: 1.6817747336972388e-06, loss_f0: 58.83872985839844, loss_uv: 311.8583068847656
----------------------------------------Epoch: 11----------------------------------------
(4415029248, 23710007296)
Train Epoch: 11 [0/33236 (0%)], loss_enc: 0.3070108890533447, loss 6.152830123901367, loss_qv_penalty: 0.0, loss_qv_quant: 2.0467205708030178e-10, loss_f0: 59.88753890991211, loss_uv: 306.95098876953125
(4415029248, 23710007296)
Train Epoch: 11 [500/33236 (2%)], loss_enc: 0.27923649549484253, loss 5.899995803833008, loss_qv_penalty: 0.0, loss_qv_quant: 3.826564898279372e-10, loss_f0: 59.39897155761719, loss_uv: 279.1770935058594
(4415029248, 23710007296)
Train Epoch: 11 [1000/33236 (3%)], loss_enc: 0.2618677318096161, loss 6.969366550445557, loss_qv_penalty: 0.0, loss_qv_quant: 1.7877657687570547e-10, loss_f0: 62.48413848876953, loss_uv: 261.80523681640625
(4415029248, 23710007296)
Train Epoch: 11 [1500/33236 (5%)], loss_enc: 0.27523547410964966, loss 5.438125133514404, loss_qv_penalty: 0.0, loss_qv_quant: 2.3345775312932915e-10, loss_f0: 58.526763916015625, loss_uv: 275.17694091796875
(4415029248, 23710007296)
Train Epoch: 11 [2000/33236 (6%)], loss_enc: 0.25652968883514404, loss 6.467870712280273, loss_qv_penalty: 0.0, loss_qv_quant: 8.912319493514786e-11, loss_f0: 59.76853561401367, loss_uv: 256.46990966796875
(4415029248, 23710007296)
Train Epoch: 11 [2500/33236 (8%)], loss_enc: 0.3014606833457947, loss 6.019186019897461, loss_qv_penalty: 0.0, loss_qv_quant: 1.760507989390092e-10, loss_f0: 58.86735534667969, loss_uv: 301.40179443359375
(4415029248, 23710007296)
Train Epoch: 11 [3000/33236 (9%)], loss_enc: 0.2721043825149536, loss 5.826401233673096, loss_qv_penalty: 0.0, loss_qv_quant: 9.690682284402286e-11, loss_f0: 59.74201965332031, loss_uv: 272.04461669921875
(4415029248, 23710007296)
Train Epoch: 11 [3500/33236 (11%)], loss_enc: 0.25606322288513184, loss 6.184868812561035, loss_qv_penalty: 0.0, loss_qv_quant: 3.597593556392553e-09, loss_f0: 59.4057502746582, loss_uv: 256.0038146972656
(4415029248, 23710007296)
Train Epoch: 11 [4000/33236 (12%)], loss_enc: 0.31874269247055054, loss 6.323159694671631, loss_qv_penalty: 0.0, loss_qv_quant: 9.868704742288514e-10, loss_f0: 60.32431411743164, loss_uv: 318.682373046875
(4415029248, 23710007296)
Train Epoch: 11 [4500/33236 (14%)], loss_enc: 0.2942432463169098, loss 6.68416690826416, loss_qv_penalty: 0.0, loss_qv_quant: 9.733170935888324e-10, loss_f0: 59.86155700683594, loss_uv: 294.1833801269531
(4415029248, 23710007296)
Train Epoch: 11 [5000/33236 (15%)], loss_enc: 0.2953954339027405, loss 6.634582996368408, loss_qv_penalty: 0.0, loss_qv_quant: 5.171199024545103e-10, loss_f0: 58.830116271972656, loss_uv: 295.33660888671875
(4415029248, 23710007296)
Train Epoch: 11 [5500/33236 (17%)], loss_enc: 0.28822895884513855, loss 6.9911580085754395, loss_qv_penalty: 0.0, loss_qv_quant: 3.32767591260108e-10, loss_f0: 59.08247375488281, loss_uv: 288.16986083984375
(4415029248, 23710007296)
Train Epoch: 11 [6000/33236 (18%)], loss_enc: 0.3155331015586853, loss 5.918219089508057, loss_qv_penalty: 0.0, loss_qv_quant: 1.9373054549465252e-10, loss_f0: 60.24601364135742, loss_uv: 315.47283935546875
(4415029248, 23710007296)
Train Epoch: 11 [6500/33236 (20%)], loss_enc: 0.27973634004592896, loss 5.152865886688232, loss_qv_penalty: 0.0, loss_qv_quant: 2.9565341841397696e-10, loss_f0: 60.416236877441406, loss_uv: 279.6759033203125
(4415029248, 23710007296)
Train Epoch: 11 [7000/33236 (21%)], loss_enc: 0.2828839123249054, loss 6.471004009246826, loss_qv_penalty: 0.0, loss_qv_quant: 1.793321463550157e-10, loss_f0: 58.39814758300781, loss_uv: 282.82550048828125
(4415029248, 23710007296)
Train Epoch: 11 [7500/33236 (23%)], loss_enc: 0.31929489970207214, loss 6.34731388092041, loss_qv_penalty: 0.0, loss_qv_quant: 1.1073920946902405e-10, loss_f0: 60.531925201416016, loss_uv: 319.234375
(4415029248, 23710007296)
Train Epoch: 11 [8000/33236 (24%)], loss_enc: 0.2696605324745178, loss 6.5146684646606445, loss_qv_penalty: 0.0, loss_qv_quant: 1.6691487081388345e-10, loss_f0: 58.76841735839844, loss_uv: 269.6017761230469
(4415029248, 23710007296)
Train Epoch: 11 [8500/33236 (26%)], loss_enc: 0.3157077133655548, loss 6.46548318862915, loss_qv_penalty: 0.0, loss_qv_quant: 1.5054664459501765e-10, loss_f0: 62.85566711425781, loss_uv: 315.64483642578125
(4415029248, 23710007296)
Train Epoch: 11 [9000/33236 (27%)], loss_enc: 0.23211322724819183, loss 5.78587007522583, loss_qv_penalty: 0.0, loss_qv_quant: 4.1173681131212447e-10, loss_f0: 58.723472595214844, loss_uv: 232.05447387695312
(4415029248, 23710007296)
Train Epoch: 11 [9500/33236 (29%)], loss_enc: 0.29122474789619446, loss 6.098854064941406, loss_qv_penalty: 0.0, loss_qv_quant: 1.0724603843881297e-10, loss_f0: 61.869911193847656, loss_uv: 291.1628723144531
(4415029248, 23710007296)
Train Epoch: 11 [10000/33236 (30%)], loss_enc: 0.29781216382980347, loss 6.813265800476074, loss_qv_penalty: 0.0, loss_qv_quant: 1.13146200741987e-10, loss_f0: 60.19566345214844, loss_uv: 297.751953125
(4415029248, 23710007296)
Train Epoch: 11 [10500/33236 (32%)], loss_enc: 0.2407982051372528, loss 5.969955921173096, loss_qv_penalty: 0.0, loss_qv_quant: 3.6410927051200304e-10, loss_f0: 59.53174591064453, loss_uv: 240.73867797851562
(4415029248, 23710007296)
Train Epoch: 11 [11000/33236 (33%)], loss_enc: 0.26675811409950256, loss 5.810861587524414, loss_qv_penalty: 0.0, loss_qv_quant: 1.2993578435427366e-10, loss_f0: 61.46075439453125, loss_uv: 266.6966552734375
(4415029248, 23710007296)
Train Epoch: 11 [11500/33236 (35%)], loss_enc: 0.25329142808914185, loss 7.0908708572387695, loss_qv_penalty: 0.0, loss_qv_quant: 1.8866586071197844e-10, loss_f0: 60.79932403564453, loss_uv: 253.23062133789062
(4415029248, 23710007296)
Train Epoch: 11 [12000/33236 (36%)], loss_enc: 0.22494375705718994, loss 6.472700595855713, loss_qv_penalty: 0.0, loss_qv_quant: 1.3042851521039012e-10, loss_f0: 60.02372741699219, loss_uv: 224.88372802734375
(4415029248, 23710007296)
Train Epoch: 11 [12500/33236 (38%)], loss_enc: 0.2656378746032715, loss 7.023848056793213, loss_qv_penalty: 0.0, loss_qv_quant: 1.141391148262727e-10, loss_f0: 59.511749267578125, loss_uv: 265.5783386230469
(4415029248, 23710007296)
Train Epoch: 11 [13000/33236 (39%)], loss_enc: 0.28215664625167847, loss 5.886062145233154, loss_qv_penalty: 0.0, loss_qv_quant: 2.0796789290677964e-10, loss_f0: 64.44776916503906, loss_uv: 282.0921630859375
(4415029248, 23710007296)
Train Epoch: 11 [13500/33236 (41%)], loss_enc: 0.32517075538635254, loss 7.81955099105835, loss_qv_penalty: 0.0, loss_qv_quant: 1.4613560361809164e-10, loss_f0: 62.505157470703125, loss_uv: 325.10821533203125
(4415029248, 23710007296)
Train Epoch: 11 [14000/33236 (42%)], loss_enc: 0.2708144187927246, loss 6.960276126861572, loss_qv_penalty: 0.0, loss_qv_quant: 1.447977571178427e-10, loss_f0: 60.215763092041016, loss_uv: 270.75421142578125
(4415029248, 23710007296)
Train Epoch: 11 [14500/33236 (44%)], loss_enc: 0.27371442317962646, loss 5.615183353424072, loss_qv_penalty: 0.0, loss_qv_quant: 1.3996843961638916e-10, loss_f0: 62.563568115234375, loss_uv: 273.65185546875
(4415029248, 23710007296)
Train Epoch: 11 [15000/33236 (45%)], loss_enc: 0.3213898539543152, loss 7.278384208679199, loss_qv_penalty: 0.0, loss_qv_quant: 9.960069574654895e-11, loss_f0: 62.93004608154297, loss_uv: 321.326904296875
(4415029248, 23710007296)
Train Epoch: 11 [15500/33236 (47%)], loss_enc: 0.2639341354370117, loss 5.641846656799316, loss_qv_penalty: 0.0, loss_qv_quant: 1.443273139889456e-10, loss_f0: 63.26029968261719, loss_uv: 263.870849609375
(4415029248, 23710007296)
Train Epoch: 11 [16000/33236 (48%)], loss_enc: 0.3161352276802063, loss 7.311604022979736, loss_qv_penalty: 0.0, loss_qv_quant: 1.5893314442294582e-10, loss_f0: 66.00566101074219, loss_uv: 316.0692138671875
(4415029248, 23710007296)
Train Epoch: 11 [16500/33236 (50%)], loss_enc: 0.30139636993408203, loss 6.19221830368042, loss_qv_penalty: 0.0, loss_qv_quant: 8.568205173142829e-11, loss_f0: 67.19358825683594, loss_uv: 301.32916259765625
(4415029248, 23710007296)
Train Epoch: 11 [17000/33236 (51%)], loss_enc: 0.26138755679130554, loss 5.787456512451172, loss_qv_penalty: 0.0, loss_qv_quant: 1.0125677379901887e-10, loss_f0: 60.90970230102539, loss_uv: 261.3266296386719
(4415029248, 23710007296)
Train Epoch: 11 [17500/33236 (53%)], loss_enc: 0.32443276047706604, loss 7.26167106628418, loss_qv_penalty: 0.0, loss_qv_quant: 1.7511270211656438e-10, loss_f0: 63.49576187133789, loss_uv: 324.3692321777344
(4415029248, 23710007296)
Train Epoch: 11 [18000/33236 (54%)], loss_enc: 0.29566892981529236, loss 6.011223793029785, loss_qv_penalty: 0.0, loss_qv_quant: 1.6604551067445072e-10, loss_f0: 62.75860595703125, loss_uv: 295.60614013671875
(4415029248, 23710007296)
Train Epoch: 11 [18500/33236 (56%)], loss_enc: 0.28843259811401367, loss 5.332939147949219, loss_qv_penalty: 0.0, loss_qv_quant: 7.800667056745425e-11, loss_f0: 64.14636993408203, loss_uv: 288.3684387207031
(4415029248, 23710007296)
Train Epoch: 11 [19000/33236 (57%)], loss_enc: 0.299491286277771, loss 6.526784896850586, loss_qv_penalty: 0.0, loss_qv_quant: 2.8447458277902626e-10, loss_f0: 59.93185043334961, loss_uv: 299.4313659667969
(4415029248, 23710007296)
Train Epoch: 11 [19500/33236 (59%)], loss_enc: 0.28890562057495117, loss 7.123655319213867, loss_qv_penalty: 0.0, loss_qv_quant: 1.2702400242758927e-10, loss_f0: 62.77497863769531, loss_uv: 288.84283447265625
(4415029248, 23710007296)
Train Epoch: 11 [20000/33236 (60%)], loss_enc: 0.28467056155204773, loss 6.535521984100342, loss_qv_penalty: 0.0, loss_qv_quant: 1.8759335751461492e-10, loss_f0: 63.04538345336914, loss_uv: 284.60748291015625
(4415029248, 23710007296)
Train Epoch: 11 [20500/33236 (62%)], loss_enc: 0.27724575996398926, loss 6.885796070098877, loss_qv_penalty: 0.0, loss_qv_quant: 1.8451168370958726e-10, loss_f0: 60.478187561035156, loss_uv: 277.18524169921875
(4415029248, 23710007296)
Train Epoch: 11 [21000/33236 (63%)], loss_enc: 0.32156452536582947, loss 6.2496562004089355, loss_qv_penalty: 0.0, loss_qv_quant: 1.6022874693710776e-10, loss_f0: 62.423187255859375, loss_uv: 321.5020751953125
(4415029248, 23710007296)
Train Epoch: 11 [21500/33236 (65%)], loss_enc: 0.2964969277381897, loss 5.521050453186035, loss_qv_penalty: 0.0, loss_qv_quant: 1.4580299467770175e-10, loss_f0: 63.64915084838867, loss_uv: 296.43328857421875
(4415029248, 23710007296)
Train Epoch: 11 [22000/33236 (66%)], loss_enc: 0.2432415634393692, loss 6.458588123321533, loss_qv_penalty: 0.0, loss_qv_quant: 4.395845909499485e-10, loss_f0: 63.015167236328125, loss_uv: 243.1785125732422
(4415029248, 23710007296)
Train Epoch: 11 [22500/33236 (68%)], loss_enc: 0.29667723178863525, loss 6.104068756103516, loss_qv_penalty: 0.0, loss_qv_quant: 1.0734067801276836e-10, loss_f0: 66.6330337524414, loss_uv: 296.610595703125
(4415029248, 23710007296)
Train Epoch: 11 [23000/33236 (69%)], loss_enc: 0.26233723759651184, loss 5.603653430938721, loss_qv_penalty: 0.0, loss_qv_quant: 1.7279380704060543e-10, loss_f0: 63.04241180419922, loss_uv: 262.274169921875
(4415029248, 23710007296)
Train Epoch: 11 [23500/33236 (71%)], loss_enc: 0.3234374225139618, loss 6.522301197052002, loss_qv_penalty: 0.0, loss_qv_quant: 1.6440065975231732e-10, loss_f0: 64.49906921386719, loss_uv: 323.3729248046875
(4415029248, 23710007296)
Train Epoch: 11 [24000/33236 (72%)], loss_enc: 0.2928207218647003, loss 5.611504077911377, loss_qv_penalty: 0.0, loss_qv_quant: 5.083993226406847e-10, loss_f0: 61.09867477416992, loss_uv: 292.7596130371094
(4415029248, 23710007296)
Train Epoch: 11 [24500/33236 (74%)], loss_enc: 0.25501734018325806, loss 7.282861709594727, loss_qv_penalty: 0.0, loss_qv_quant: 2.5939800307739347e-10, loss_f0: 61.770774841308594, loss_uv: 254.95556640625
(4415029248, 23710007296)
Train Epoch: 11 [25000/33236 (75%)], loss_enc: 0.28579384088516235, loss 6.568219184875488, loss_qv_penalty: 0.0, loss_qv_quant: 3.3531821763688185e-10, loss_f0: 62.61785125732422, loss_uv: 285.731201171875
(4415029248, 23710007296)
Train Epoch: 11 [25500/33236 (77%)], loss_enc: 0.2691318094730377, loss 6.686562538146973, loss_qv_penalty: 0.0, loss_qv_quant: 1.0688634699551613e-10, loss_f0: 62.564231872558594, loss_uv: 269.0692138671875
(4415029248, 23710007296)
Train Epoch: 11 [26000/33236 (78%)], loss_enc: 0.21675361692905426, loss 4.934874057769775, loss_qv_penalty: 0.0, loss_qv_quant: 1.0222014346084052e-09, loss_f0: 61.358299255371094, loss_uv: 216.6922607421875
(4415029248, 23710007296)
Train Epoch: 11 [26500/33236 (80%)], loss_enc: 0.26245376467704773, loss 6.891159534454346, loss_qv_penalty: 0.0, loss_qv_quant: 2.2430607371504152e-10, loss_f0: 60.4832649230957, loss_uv: 262.3932800292969
(4415029248, 23710007296)
Train Epoch: 11 [27000/33236 (81%)], loss_enc: 0.28980112075805664, loss 5.913176536560059, loss_qv_penalty: 0.0, loss_qv_quant: 6.699737292725771e-11, loss_f0: 61.549720764160156, loss_uv: 289.73956298828125
(4415029248, 23710007296)
Train Epoch: 11 [27500/33236 (83%)], loss_enc: 0.3230725824832916, loss 6.351235866546631, loss_qv_penalty: 0.0, loss_qv_quant: 2.5168878892145585e-06, loss_f0: 66.05272674560547, loss_uv: 323.0040283203125
(4415029248, 23710007296)
Train Epoch: 11 [28000/33236 (84%)], loss_enc: 0.3436207175254822, loss 5.200986862182617, loss_qv_penalty: 0.0, loss_qv_quant: 9.736922379488533e-10, loss_f0: 64.96719360351562, loss_uv: 343.55572509765625
(4415029248, 23710007296)
Train Epoch: 11 [28500/33236 (86%)], loss_enc: 0.2713557481765747, loss 5.525805473327637, loss_qv_penalty: 0.0, loss_qv_quant: 1.054520137877546e-09, loss_f0: 63.704551696777344, loss_uv: 271.2920227050781
(4415029248, 23710007296)
Train Epoch: 11 [29000/33236 (87%)], loss_enc: 0.29833850264549255, loss 5.2357306480407715, loss_qv_penalty: 0.0, loss_qv_quant: 6.913568051380992e-10, loss_f0: 62.72195053100586, loss_uv: 298.2757568359375
(4415029248, 23710007296)
Train Epoch: 11 [29500/33236 (89%)], loss_enc: 0.2906196415424347, loss 5.976752281188965, loss_qv_penalty: 0.0, loss_qv_quant: 3.6209402143327907e-10, loss_f0: 63.58270263671875, loss_uv: 290.5560302734375
(4415029248, 23710007296)
Train Epoch: 11 [30000/33236 (90%)], loss_enc: 0.2960744798183441, loss 5.868767738342285, loss_qv_penalty: 0.0, loss_qv_quant: 5.844446593350483e-10, loss_f0: 59.93095397949219, loss_uv: 296.0145263671875
(4415029248, 23710007296)
Train Epoch: 11 [30500/33236 (92%)], loss_enc: 0.3234260678291321, loss 6.144626617431641, loss_qv_penalty: 0.0, loss_qv_quant: 1.71617386968137e-10, loss_f0: 63.46979522705078, loss_uv: 323.3625793457031
(4415029248, 23710007296)
Train Epoch: 11 [31000/33236 (93%)], loss_enc: 0.24347089231014252, loss 6.1899800300598145, loss_qv_penalty: 0.0, loss_qv_quant: 1.4171322448852663e-10, loss_f0: 65.05072021484375, loss_uv: 243.40582275390625
(4415029248, 23710007296)
Train Epoch: 11 [31500/33236 (95%)], loss_enc: 0.31604212522506714, loss 6.509093761444092, loss_qv_penalty: 0.0, loss_qv_quant: 9.83576553537091e-11, loss_f0: 65.02686309814453, loss_uv: 315.97705078125
(4415029248, 23710007296)
Train Epoch: 11 [32000/33236 (96%)], loss_enc: 0.31667011976242065, loss 5.223067283630371, loss_qv_penalty: 0.0, loss_qv_quant: 1.165850610496122e-10, loss_f0: 63.29103469848633, loss_uv: 316.6067810058594
(4415029248, 23710007296)
Train Epoch: 11 [32500/33236 (98%)], loss_enc: 0.29846441745758057, loss 6.570068836212158, loss_qv_penalty: 0.0, loss_qv_quant: 1.4443762852422992e-10, loss_f0: 66.63465881347656, loss_uv: 298.39776611328125
(4415029248, 23710007296)
Train Epoch: 11 [33000/33236 (99%)], loss_enc: 0.2760685682296753, loss 5.809001922607422, loss_qv_penalty: 0.0, loss_qv_quant: 1.7414386599412524e-10, loss_f0: 64.37525939941406, loss_uv: 276.00421142578125
----------------------------------------Epoch: 12----------------------------------------
(4415029248, 23710007296)
Train Epoch: 12 [0/33236 (0%)], loss_enc: 0.2995240092277527, loss 6.172022342681885, loss_qv_penalty: 0.0, loss_qv_quant: 2.0796617206109147e-10, loss_f0: 63.30970764160156, loss_uv: 299.460693359375
(4415029248, 23710007296)
Train Epoch: 12 [500/33236 (2%)], loss_enc: 0.2818995714187622, loss 6.942122936248779, loss_qv_penalty: 0.0, loss_qv_quant: 1.6926916812654014e-10, loss_f0: 65.64712524414062, loss_uv: 281.83392333984375
(4415029248, 23710007296)
Train Epoch: 12 [1000/33236 (3%)], loss_enc: 0.2654241621494293, loss 5.339411735534668, loss_qv_penalty: 0.0, loss_qv_quant: 1.5321693913605827e-10, loss_f0: 64.08580017089844, loss_uv: 265.3600769042969
(4415029248, 23710007296)
Train Epoch: 12 [1500/33236 (5%)], loss_enc: 0.30923429131507874, loss 6.570959091186523, loss_qv_penalty: 0.0, loss_qv_quant: 2.941791255040016e-10, loss_f0: 61.62943649291992, loss_uv: 309.17266845703125
(4415029248, 23710007296)
Train Epoch: 12 [2000/33236 (6%)], loss_enc: 0.2988645136356354, loss 6.18440580368042, loss_qv_penalty: 0.0, loss_qv_quant: 2.9456554528906054e-08, loss_f0: 62.57820510864258, loss_uv: 298.8019104003906
(4415029248, 23710007296)
Train Epoch: 12 [2500/33236 (8%)], loss_enc: 0.2892693877220154, loss 6.725690841674805, loss_qv_penalty: 0.0, loss_qv_quant: 1.409893979342769e-09, loss_f0: 62.76258850097656, loss_uv: 289.20660400390625
(4415029248, 23710007296)
Train Epoch: 12 [3000/33236 (9%)], loss_enc: 0.2947879731655121, loss 7.014228820800781, loss_qv_penalty: 0.0, loss_qv_quant: 6.921273554283403e-10, loss_f0: 66.17304229736328, loss_uv: 294.7218017578125
(4415029248, 23710007296)
Train Epoch: 12 [3500/33236 (11%)], loss_enc: 0.2773474156856537, loss 6.754112243652344, loss_qv_penalty: 0.0, loss_qv_quant: 6.057090384814501e-10, loss_f0: 65.13720703125, loss_uv: 277.28228759765625
(4415029248, 23710007296)
Train Epoch: 12 [4000/33236 (12%)], loss_enc: 0.28560665249824524, loss 6.358101844787598, loss_qv_penalty: 0.0, loss_qv_quant: 8.579383314888389e-10, loss_f0: 65.57555389404297, loss_uv: 285.5410461425781
(4415029248, 23710007296)
Train Epoch: 12 [4500/33236 (14%)], loss_enc: 0.33785542845726013, loss 7.278713226318359, loss_qv_penalty: 0.0, loss_qv_quant: 1.639063884617542e-10, loss_f0: 63.48074722290039, loss_uv: 337.79193115234375
(4415029248, 23710007296)
Train Epoch: 12 [5000/33236 (15%)], loss_enc: 0.3084091544151306, loss 6.687406063079834, loss_qv_penalty: 0.0, loss_qv_quant: 2.1872191557914533e-10, loss_f0: 66.70976257324219, loss_uv: 308.3424377441406
(4415029248, 23710007296)
Train Epoch: 12 [5500/33236 (17%)], loss_enc: 0.3570137321949005, loss 5.722187519073486, loss_qv_penalty: 0.0, loss_qv_quant: 1.3767745277171173e-10, loss_f0: 67.62480163574219, loss_uv: 356.94610595703125
(4415029248, 23710007296)
Train Epoch: 12 [6000/33236 (18%)], loss_enc: 0.35049450397491455, loss 6.832575798034668, loss_qv_penalty: 0.0, loss_qv_quant: 1.424053930332292e-10, loss_f0: 64.69395446777344, loss_uv: 350.4298095703125
(4415029248, 23710007296)
Train Epoch: 12 [6500/33236 (20%)], loss_enc: 0.3133908212184906, loss 7.721862316131592, loss_qv_penalty: 0.0, loss_qv_quant: 1.2581746755557788e-10, loss_f0: 63.383460998535156, loss_uv: 313.327392578125
(4415029248, 23710007296)
Train Epoch: 12 [7000/33236 (21%)], loss_enc: 0.31064096093177795, loss 7.3273138999938965, loss_qv_penalty: 0.0, loss_qv_quant: 1.0246755527409945e-10, loss_f0: 69.21161651611328, loss_uv: 310.5717468261719
(4415029248, 23710007296)
Train Epoch: 12 [7500/33236 (23%)], loss_enc: 0.31868961453437805, loss 5.6774067878723145, loss_qv_penalty: 0.0, loss_qv_quant: 8.362132514205811e-11, loss_f0: 65.01429748535156, loss_uv: 318.62457275390625
(4415029248, 23710007296)
Train Epoch: 12 [8000/33236 (24%)], loss_enc: 0.31879228353500366, loss 6.387918949127197, loss_qv_penalty: 0.0, loss_qv_quant: 1.1178823838831065e-10, loss_f0: 64.50505065917969, loss_uv: 318.7277526855469
(4415029248, 23710007296)
Train Epoch: 12 [8500/33236 (26%)], loss_enc: 0.3359832763671875, loss 7.103527545928955, loss_qv_penalty: 0.0, loss_qv_quant: 3.213866395235243e-10, loss_f0: 66.08322143554688, loss_uv: 335.91717529296875
(4415029248, 23710007296)
Train Epoch: 12 [9000/33236 (27%)], loss_enc: 0.2834431827068329, loss 7.437994003295898, loss_qv_penalty: 0.0, loss_qv_quant: 2.1258851623517927e-10, loss_f0: 67.60387420654297, loss_uv: 283.37554931640625
(4415029248, 23710007296)
Train Epoch: 12 [9500/33236 (29%)], loss_enc: 0.3367939591407776, loss 5.882273197174072, loss_qv_penalty: 0.0, loss_qv_quant: 1.2178910657745234e-10, loss_f0: 66.42123413085938, loss_uv: 336.7275085449219
(4415029248, 23710007296)
Train Epoch: 12 [10000/33236 (30%)], loss_enc: 0.3470604717731476, loss 6.345399856567383, loss_qv_penalty: 0.0, loss_qv_quant: 6.6293734390932e-11, loss_f0: 66.30948638916016, loss_uv: 346.994140625
(4415029248, 23710007296)
Train Epoch: 12 [10500/33236 (32%)], loss_enc: 0.34486109018325806, loss 6.060312747955322, loss_qv_penalty: 0.0, loss_qv_quant: 8.369663295759722e-11, loss_f0: 66.18793487548828, loss_uv: 344.794921875
(4415029248, 23710007296)
Train Epoch: 12 [11000/33236 (33%)], loss_enc: 0.22553884983062744, loss 6.280986309051514, loss_qv_penalty: 0.0, loss_qv_quant: 3.4860186959306816e-10, loss_f0: 62.77129364013672, loss_uv: 225.47607421875
(4415029248, 23710007296)
Train Epoch: 12 [11500/33236 (35%)], loss_enc: 0.2845260202884674, loss 6.0323028564453125, loss_qv_penalty: 0.0, loss_qv_quant: 2.644039709398527e-10, loss_f0: 65.15447998046875, loss_uv: 284.46087646484375
(4415029248, 23710007296)
Train Epoch: 12 [12000/33236 (36%)], loss_enc: 0.3357592225074768, loss 6.463674068450928, loss_qv_penalty: 0.0, loss_qv_quant: 5.86725446005687e-10, loss_f0: 63.04975128173828, loss_uv: 335.6961669921875
(4415029248, 23710007296)
Train Epoch: 12 [12500/33236 (38%)], loss_enc: 0.3284739851951599, loss 6.757274150848389, loss_qv_penalty: 0.0, loss_qv_quant: 9.01062210956205e-11, loss_f0: 64.86634826660156, loss_uv: 328.4090881347656
(4415029248, 23710007296)
Train Epoch: 12 [13000/33236 (39%)], loss_enc: 0.29916372895240784, loss 6.777771472930908, loss_qv_penalty: 0.0, loss_qv_quant: 8.925240407853252e-11, loss_f0: 66.33307647705078, loss_uv: 299.0973815917969
(4415029248, 23710007296)
Train Epoch: 12 [13500/33236 (41%)], loss_enc: 0.30696386098861694, loss 6.23258638381958, loss_qv_penalty: 0.0, loss_qv_quant: 1.9426479869188995e-10, loss_f0: 64.90481567382812, loss_uv: 306.8989562988281
(4415029248, 23710007296)
Train Epoch: 12 [14000/33236 (42%)], loss_enc: 0.3061751127243042, loss 6.32827091217041, loss_qv_penalty: 0.0, loss_qv_quant: 1.2049661268775935e-10, loss_f0: 70.97871398925781, loss_uv: 306.1041259765625
(4415029248, 23710007296)
Train Epoch: 12 [14500/33236 (44%)], loss_enc: 0.3445329964160919, loss 6.612966060638428, loss_qv_penalty: 0.0, loss_qv_quant: 1.4334466946763769e-10, loss_f0: 67.77940368652344, loss_uv: 344.4652099609375
(4415029248, 23710007296)
Train Epoch: 12 [15000/33236 (45%)], loss_enc: 0.2902293801307678, loss 5.859389305114746, loss_qv_penalty: 0.0, loss_qv_quant: 1.5452374102498112e-10, loss_f0: 65.96665954589844, loss_uv: 290.16339111328125
(4415029248, 23710007296)
Train Epoch: 12 [15500/33236 (47%)], loss_enc: 0.31760984659194946, loss 7.4007887840271, loss_qv_penalty: 0.0, loss_qv_quant: 9.510923298927665e-11, loss_f0: 68.70282745361328, loss_uv: 317.5411071777344
(4415029248, 23710007296)
Train Epoch: 12 [16000/33236 (48%)], loss_enc: 0.32202139496803284, loss 5.358686923980713, loss_qv_penalty: 0.0, loss_qv_quant: 1.3724140934812112e-08, loss_f0: 65.60228729248047, loss_uv: 321.95574951171875
(4415029248, 23710007296)
Train Epoch: 12 [16500/33236 (50%)], loss_enc: 0.2957473397254944, loss 6.660609722137451, loss_qv_penalty: 0.0, loss_qv_quant: 8.724738709275925e-10, loss_f0: 64.54390716552734, loss_uv: 295.6827697753906
(4415029248, 23710007296)
Train Epoch: 12 [17000/33236 (51%)], loss_enc: 0.3227650821208954, loss 6.570943832397461, loss_qv_penalty: 0.0, loss_qv_quant: 4.617344562252157e-10, loss_f0: 68.03952026367188, loss_uv: 322.697021484375
(4415029248, 23710007296)
Train Epoch: 12 [17500/33236 (53%)], loss_enc: 0.3061527609825134, loss 6.111454010009766, loss_qv_penalty: 0.0, loss_qv_quant: 3.5894920369372585e-10, loss_f0: 65.99162292480469, loss_uv: 306.08673095703125
(4415029248, 23710007296)
Train Epoch: 12 [18000/33236 (54%)], loss_enc: 0.35553523898124695, loss 6.048986911773682, loss_qv_penalty: 0.0, loss_qv_quant: 4.091340599643445e-10, loss_f0: 68.25385284423828, loss_uv: 355.46697998046875
(4415029248, 23710007296)
Train Epoch: 12 [18500/33236 (56%)], loss_enc: 0.3537704050540924, loss 7.039109230041504, loss_qv_penalty: 0.0, loss_qv_quant: 1.915084896220165e-10, loss_f0: 70.45238494873047, loss_uv: 353.699951171875
(4415029248, 23710007296)
Train Epoch: 12 [19000/33236 (57%)], loss_enc: 0.2947920560836792, loss 6.158916473388672, loss_qv_penalty: 0.0, loss_qv_quant: 9.22403403658123e-11, loss_f0: 67.45071411132812, loss_uv: 294.7245788574219
(4415029248, 23710007296)
Train Epoch: 12 [19500/33236 (59%)], loss_enc: 0.334575355052948, loss 5.5411601066589355, loss_qv_penalty: 0.0, loss_qv_quant: 1.0755637352977132e-10, loss_f0: 65.27851867675781, loss_uv: 334.51007080078125
(4415029248, 23710007296)
Train Epoch: 12 [20000/33236 (60%)], loss_enc: 0.3048819601535797, loss 6.354040145874023, loss_qv_penalty: 0.0, loss_qv_quant: 1.8806700641249563e-10, loss_f0: 65.46148681640625, loss_uv: 304.8164978027344
(4415029248, 23710007296)
Train Epoch: 12 [20500/33236 (62%)], loss_enc: 0.31541907787323, loss 6.313038349151611, loss_qv_penalty: 0.0, loss_qv_quant: 1.2312260933011743e-10, loss_f0: 67.91767883300781, loss_uv: 315.35113525390625
(4415029248, 23710007296)
Train Epoch: 12 [21000/33236 (63%)], loss_enc: 0.33920037746429443, loss 6.777941703796387, loss_qv_penalty: 0.0, loss_qv_quant: 1.3541229249014464e-10, loss_f0: 65.17106628417969, loss_uv: 339.1351623535156
(4415029248, 23710007296)
Train Epoch: 12 [21500/33236 (65%)], loss_enc: 0.3391222059726715, loss 5.554426670074463, loss_qv_penalty: 0.0, loss_qv_quant: 2.9921518041042816e-10, loss_f0: 71.05237579345703, loss_uv: 339.0511474609375
(4415029248, 23710007296)
Train Epoch: 12 [22000/33236 (66%)], loss_enc: 0.33933669328689575, loss 5.804339408874512, loss_qv_penalty: 0.0, loss_qv_quant: 1.748543254631585e-10, loss_f0: 70.90357208251953, loss_uv: 339.2657775878906
(4415029248, 23710007296)
Train Epoch: 12 [22500/33236 (68%)], loss_enc: 0.2908427119255066, loss 5.502492427825928, loss_qv_penalty: 0.0, loss_qv_quant: 1.679591743464215e-10, loss_f0: 66.3441162109375, loss_uv: 290.7763671875
(4415029248, 23710007296)
Train Epoch: 12 [23000/33236 (69%)], loss_enc: 0.306679904460907, loss 6.232410430908203, loss_qv_penalty: 0.0, loss_qv_quant: 1.8958702696636465e-07, loss_f0: 68.73982238769531, loss_uv: 306.6109619140625
(4415029248, 23710007296)
Train Epoch: 12 [23500/33236 (71%)], loss_enc: 0.3160863220691681, loss 6.726550102233887, loss_qv_penalty: 0.0, loss_qv_quant: 7.345664077007541e-10, loss_f0: 66.09027862548828, loss_uv: 316.02020263671875
(4415029248, 23710007296)
Train Epoch: 12 [24000/33236 (72%)], loss_enc: 0.34517359733581543, loss 6.312798023223877, loss_qv_penalty: 0.0, loss_qv_quant: 6.570041177766939e-10, loss_f0: 67.43653869628906, loss_uv: 345.10614013671875
(4415029248, 23710007296)
Train Epoch: 12 [24500/33236 (74%)], loss_enc: 0.29467934370040894, loss 5.941840648651123, loss_qv_penalty: 0.0, loss_qv_quant: 5.660028001841511e-10, loss_f0: 68.13621520996094, loss_uv: 294.6111755371094
(4415029248, 23710007296)
Train Epoch: 12 [25000/33236 (75%)], loss_enc: 0.32706934213638306, loss 7.360151290893555, loss_qv_penalty: 0.0, loss_qv_quant: 5.180493256595753e-10, loss_f0: 66.80348205566406, loss_uv: 327.0025329589844
(4415029248, 23710007296)
Train Epoch: 12 [25500/33236 (77%)], loss_enc: 0.3069963753223419, loss 5.361260414123535, loss_qv_penalty: 0.0, loss_qv_quant: 3.965419381746216e-10, loss_f0: 69.18644714355469, loss_uv: 306.9271545410156
(4415029248, 23710007296)
Train Epoch: 12 [26000/33236 (78%)], loss_enc: 0.309406042098999, loss 5.885709762573242, loss_qv_penalty: 0.0, loss_qv_quant: 1.8053951389429557e-10, loss_f0: 70.39132690429688, loss_uv: 309.33563232421875
(4415029248, 23710007296)
Train Epoch: 12 [26500/33236 (80%)], loss_enc: 0.3334927558898926, loss 5.109333038330078, loss_qv_penalty: 0.0, loss_qv_quant: 1.403423488532951e-10, loss_f0: 70.22984313964844, loss_uv: 333.4225158691406
(4415029248, 23710007296)
Train Epoch: 12 [27000/33236 (81%)], loss_enc: 0.3311803936958313, loss 7.108032703399658, loss_qv_penalty: 0.0, loss_qv_quant: 8.749290875131877e-11, loss_f0: 68.6488265991211, loss_uv: 331.11175537109375
(4415029248, 23710007296)
Train Epoch: 12 [27500/33236 (83%)], loss_enc: 0.3487880229949951, loss 6.554184913635254, loss_qv_penalty: 0.0, loss_qv_quant: 2.2006350908210237e-10, loss_f0: 68.54736328125, loss_uv: 348.719482421875
(4415029248, 23710007296)
Train Epoch: 12 [28000/33236 (84%)], loss_enc: 0.3081585764884949, loss 6.07590389251709, loss_qv_penalty: 0.0, loss_qv_quant: 9.498769826254971e-11, loss_f0: 68.82917022705078, loss_uv: 308.0897216796875
(4415029248, 23710007296)
Train Epoch: 12 [28500/33236 (86%)], loss_enc: 0.3138752579689026, loss 5.357031345367432, loss_qv_penalty: 0.0, loss_qv_quant: 8.490807362759867e-11, loss_f0: 69.24072265625, loss_uv: 313.8059997558594
(4415029248, 23710007296)
Train Epoch: 12 [29000/33236 (87%)], loss_enc: 0.2862257957458496, loss 6.475510120391846, loss_qv_penalty: 0.0, loss_qv_quant: 1.564935264708467e-10, loss_f0: 67.74440002441406, loss_uv: 286.15802001953125
(4415029248, 23710007296)
Train Epoch: 12 [29500/33236 (89%)], loss_enc: 0.3332393169403076, loss 6.834704875946045, loss_qv_penalty: 0.0, loss_qv_quant: 5.210107900666117e-10, loss_f0: 66.57622528076172, loss_uv: 333.1727294921875
(4415029248, 23710007296)
Train Epoch: 12 [30000/33236 (90%)], loss_enc: 0.3602610230445862, loss 6.244565963745117, loss_qv_penalty: 0.0, loss_qv_quant: 1.3640991114449719e-10, loss_f0: 71.3461685180664, loss_uv: 360.18963623046875
(4415029248, 23710007296)
Train Epoch: 12 [30500/33236 (92%)], loss_enc: 0.3086533546447754, loss 5.933816432952881, loss_qv_penalty: 0.0, loss_qv_quant: 2.823899170056876e-10, loss_f0: 71.24493408203125, loss_uv: 308.58209228515625
(4415029248, 23710007296)
Train Epoch: 12 [31000/33236 (93%)], loss_enc: 0.27728450298309326, loss 5.482486724853516, loss_qv_penalty: 0.0, loss_qv_quant: 5.111933654156076e-10, loss_f0: 68.11503601074219, loss_uv: 277.2164001464844
(4415029248, 23710007296)
Train Epoch: 12 [31500/33236 (95%)], loss_enc: 0.32842278480529785, loss 6.310159683227539, loss_qv_penalty: 0.0, loss_qv_quant: 6.467407165366978e-11, loss_f0: 70.22636413574219, loss_uv: 328.3525390625
(4415029248, 23710007296)
Train Epoch: 12 [32000/33236 (96%)], loss_enc: 0.3140811622142792, loss 7.0529303550720215, loss_qv_penalty: 0.0, loss_qv_quant: 1.147516109911706e-10, loss_f0: 67.40423583984375, loss_uv: 314.01373291015625
(4415029248, 23710007296)
Train Epoch: 12 [32500/33236 (98%)], loss_enc: 0.33689141273498535, loss 5.945982456207275, loss_qv_penalty: 0.0, loss_qv_quant: 7.571488574997787e-11, loss_f0: 68.6116943359375, loss_uv: 336.8227844238281
(4415029248, 23710007296)
Train Epoch: 12 [33000/33236 (99%)], loss_enc: 0.3426734209060669, loss 5.2981858253479, loss_qv_penalty: 0.0, loss_qv_quant: 6.898527582510638e-11, loss_f0: 68.35639953613281, loss_uv: 342.60504150390625
----------------------------------------Epoch: 13----------------------------------------
(4415029248, 23710007296)
Train Epoch: 13 [0/33236 (0%)], loss_enc: 0.293049156665802, loss 5.93859338760376, loss_qv_penalty: 0.0, loss_qv_quant: 1.0222751117838769e-10, loss_f0: 71.50841522216797, loss_uv: 292.9776306152344
(4415029248, 23710007296)
Train Epoch: 13 [500/33236 (2%)], loss_enc: 0.35971230268478394, loss 6.648658752441406, loss_qv_penalty: 0.0, loss_qv_quant: 9.023491676085627e-11, loss_f0: 70.39810943603516, loss_uv: 359.64190673828125
(4415029248, 23710007296)
Train Epoch: 13 [1000/33236 (3%)], loss_enc: 0.32718488574028015, loss 7.299149990081787, loss_qv_penalty: 0.0, loss_qv_quant: 1.2664752579993888e-10, loss_f0: 69.49777221679688, loss_uv: 327.1153564453125
(4415029248, 23710007296)
Train Epoch: 13 [1500/33236 (5%)], loss_enc: 0.34078145027160645, loss 6.181494235992432, loss_qv_penalty: 0.0, loss_qv_quant: 8.341047297300008e-11, loss_f0: 66.60299682617188, loss_uv: 340.71484375
(4415029248, 23710007296)
Train Epoch: 13 [2000/33236 (6%)], loss_enc: 0.32962119579315186, loss 6.739225387573242, loss_qv_penalty: 0.0, loss_qv_quant: 1.0720304505218436e-10, loss_f0: 70.9919662475586, loss_uv: 329.5501708984375
(4415029248, 23710007296)
Train Epoch: 13 [2500/33236 (8%)], loss_enc: 0.31417179107666016, loss 6.1341071128845215, loss_qv_penalty: 0.0, loss_qv_quant: 6.141022412808894e-11, loss_f0: 70.52386474609375, loss_uv: 314.10125732421875
(4415029248, 23710007296)
Train Epoch: 13 [3000/33236 (9%)], loss_enc: 0.34612247347831726, loss 5.151576042175293, loss_qv_penalty: 0.0, loss_qv_quant: 1.3334658377495145e-10, loss_f0: 68.56856536865234, loss_uv: 346.05389404296875
(4415029248, 23710007296)
Train Epoch: 13 [3500/33236 (11%)], loss_enc: 0.33489990234375, loss 7.816198348999023, loss_qv_penalty: 0.0, loss_qv_quant: 1.268725680070304e-10, loss_f0: 71.79830932617188, loss_uv: 334.82806396484375
(4415029248, 23710007296)
Train Epoch: 13 [4000/33236 (12%)], loss_enc: 0.3407652676105499, loss 7.489964485168457, loss_qv_penalty: 0.0, loss_qv_quant: 9.91028092922619e-11, loss_f0: 72.02116394042969, loss_uv: 340.6932373046875
(4415029248, 23710007296)
Train Epoch: 13 [4500/33236 (14%)], loss_enc: 0.28805479407310486, loss 7.340353012084961, loss_qv_penalty: 0.0, loss_qv_quant: 3.330870579354439e-10, loss_f0: 65.79531860351562, loss_uv: 287.9889831542969
(4415029248, 23710007296)
Train Epoch: 13 [5000/33236 (15%)], loss_enc: 0.3221858739852905, loss 6.484697341918945, loss_qv_penalty: 0.0, loss_qv_quant: 1.2089640399892687e-10, loss_f0: 69.58936309814453, loss_uv: 322.11627197265625
(4415029248, 23710007296)
Train Epoch: 13 [5500/33236 (17%)], loss_enc: 0.33876773715019226, loss 6.792336463928223, loss_qv_penalty: 0.0, loss_qv_quant: 3.2938402005910916e-10, loss_f0: 69.60494995117188, loss_uv: 338.6981201171875
(4415029248, 23710007296)
Train Epoch: 13 [6000/33236 (18%)], loss_enc: 0.35209959745407104, loss 6.136723041534424, loss_qv_penalty: 0.0, loss_qv_quant: 1.7402831953283737e-10, loss_f0: 71.98013305664062, loss_uv: 352.02764892578125
(4415029248, 23710007296)
Train Epoch: 13 [6500/33236 (20%)], loss_enc: 0.3680151104927063, loss 5.91159200668335, loss_qv_penalty: 0.0, loss_qv_quant: 1.6763575250156038e-10, loss_f0: 69.42782592773438, loss_uv: 367.9456787109375
(4415029248, 23710007296)
Train Epoch: 13 [7000/33236 (21%)], loss_enc: 0.3378273844718933, loss 6.969560623168945, loss_qv_penalty: 0.0, loss_qv_quant: 1.0496627872447206e-10, loss_f0: 70.23198699951172, loss_uv: 337.75714111328125
(4415029248, 23710007296)
Train Epoch: 13 [7500/33236 (23%)], loss_enc: 0.31070223450660706, loss 7.180559158325195, loss_qv_penalty: 0.0, loss_qv_quant: 1.1085702494861849e-10, loss_f0: 67.32261657714844, loss_uv: 310.6348876953125
(4415029248, 23710007296)
Train Epoch: 13 [8000/33236 (24%)], loss_enc: 0.2939845621585846, loss 5.516674995422363, loss_qv_penalty: 0.0, loss_qv_quant: 5.7868935338101224e-11, loss_f0: 67.37420654296875, loss_uv: 293.91717529296875
(4415029248, 23710007296)
Train Epoch: 13 [8500/33236 (26%)], loss_enc: 0.3003058433532715, loss 6.075634956359863, loss_qv_penalty: 0.0, loss_qv_quant: 1.8342255492242998e-10, loss_f0: 69.92449188232422, loss_uv: 300.23590087890625
(4415029248, 23710007296)
Train Epoch: 13 [9000/33236 (27%)], loss_enc: 0.3267521262168884, loss 6.051525115966797, loss_qv_penalty: 0.0, loss_qv_quant: 1.2202483468115588e-10, loss_f0: 69.36152648925781, loss_uv: 326.6827392578125
(4415029248, 23710007296)
Train Epoch: 13 [9500/33236 (29%)], loss_enc: 0.3257370591163635, loss 7.365149974822998, loss_qv_penalty: 0.0, loss_qv_quant: 1.274449573651637e-10, loss_f0: 71.0539779663086, loss_uv: 325.6659851074219
(4415029248, 23710007296)
Train Epoch: 13 [10000/33236 (30%)], loss_enc: 0.3447307050228119, loss 6.341777801513672, loss_qv_penalty: 0.0, loss_qv_quant: 9.070338924388466e-11, loss_f0: 71.30018615722656, loss_uv: 344.65936279296875
(4415029248, 23710007296)
Train Epoch: 13 [10500/33236 (32%)], loss_enc: 0.30341798067092896, loss 5.759768486022949, loss_qv_penalty: 0.0, loss_qv_quant: 4.4444371793961324e-11, loss_f0: 68.69796752929688, loss_uv: 303.3492736816406
(4415029248, 23710007296)
Train Epoch: 13 [11000/33236 (33%)], loss_enc: 0.308584988117218, loss 6.292093276977539, loss_qv_penalty: 0.0, loss_qv_quant: 3.9189484990487244e-10, loss_f0: 68.90931701660156, loss_uv: 308.5160827636719
(4415029248, 23710007296)
Train Epoch: 13 [11500/33236 (35%)], loss_enc: 0.32158955931663513, loss 6.640799522399902, loss_qv_penalty: 0.0, loss_qv_quant: 9.592485139542362e-11, loss_f0: 70.26724243164062, loss_uv: 321.519287109375
(4415029248, 23710007296)
Train Epoch: 13 [12000/33236 (36%)], loss_enc: 0.3731399178504944, loss 7.235318183898926, loss_qv_penalty: 0.0, loss_qv_quant: 8.13577261116194e-11, loss_f0: 72.9146728515625, loss_uv: 373.06695556640625
(4415029248, 23710007296)
Train Epoch: 13 [12500/33236 (38%)], loss_enc: 0.3349015712738037, loss 7.198154449462891, loss_qv_penalty: 0.0, loss_qv_quant: 1.428458462626736e-10, loss_f0: 71.32101440429688, loss_uv: 334.8302307128906
(4415029248, 23710007296)
Train Epoch: 13 [13000/33236 (39%)], loss_enc: 0.2615047097206116, loss 7.057408809661865, loss_qv_penalty: 0.0, loss_qv_quant: 1.0204371375666099e-10, loss_f0: 69.90071868896484, loss_uv: 261.4347839355469
(4415029248, 23710007296)
Train Epoch: 13 [13500/33236 (41%)], loss_enc: 0.31390196084976196, loss 6.983980178833008, loss_qv_penalty: 0.0, loss_qv_quant: 9.770146497389831e-11, loss_f0: 67.86532592773438, loss_uv: 313.83404541015625
(4415029248, 23710007296)
Train Epoch: 13 [14000/33236 (42%)], loss_enc: 0.3482404351234436, loss 6.4501051902771, loss_qv_penalty: 0.0, loss_qv_quant: 1.1065545701960389e-10, loss_f0: 72.44876861572266, loss_uv: 348.16796875
(4415029248, 23710007296)
Train Epoch: 13 [14500/33236 (44%)], loss_enc: 0.33969199657440186, loss 6.819390773773193, loss_qv_penalty: 0.0, loss_qv_quant: 1.1439710290161997e-10, loss_f0: 69.68775939941406, loss_uv: 339.622314453125
(4415029248, 23710007296)
Train Epoch: 13 [15000/33236 (45%)], loss_enc: 0.254905641078949, loss 5.683568000793457, loss_qv_penalty: 0.0, loss_qv_quant: 6.202006963551554e-11, loss_f0: 72.82099914550781, loss_uv: 254.8328094482422
(4415029248, 23710007296)
Train Epoch: 13 [15500/33236 (47%)], loss_enc: 0.336662232875824, loss 5.815927505493164, loss_qv_penalty: 0.0, loss_qv_quant: 9.622731778069493e-11, loss_f0: 70.37867736816406, loss_uv: 336.5918273925781
(4415029248, 23710007296)
Train Epoch: 13 [16000/33236 (48%)], loss_enc: 0.34708255529403687, loss 6.05759859085083, loss_qv_penalty: 0.0, loss_qv_quant: 3.195432529690123e-10, loss_f0: 70.183837890625, loss_uv: 347.0123596191406
(4415029248, 23710007296)
Train Epoch: 13 [16500/33236 (50%)], loss_enc: 0.3498923182487488, loss 6.586416244506836, loss_qv_penalty: 0.0, loss_qv_quant: 1.3307127622042003e-10, loss_f0: 71.93285369873047, loss_uv: 349.82037353515625
(4415029248, 23710007296)
Train Epoch: 13 [17000/33236 (51%)], loss_enc: 0.34270423650741577, loss 5.020773410797119, loss_qv_penalty: 0.0, loss_qv_quant: 1.3212062000000913e-10, loss_f0: 71.38411712646484, loss_uv: 342.6328430175781
(4415029248, 23710007296)
Train Epoch: 13 [17500/33236 (53%)], loss_enc: 0.3424864411354065, loss 5.536157608032227, loss_qv_penalty: 0.0, loss_qv_quant: 1.2919113001608196e-10, loss_f0: 71.88516235351562, loss_uv: 342.41455078125
(4415029248, 23710007296)
Train Epoch: 13 [18000/33236 (54%)], loss_enc: 0.3029555380344391, loss 6.028617858886719, loss_qv_penalty: 0.0, loss_qv_quant: 3.940747034247849e-11, loss_f0: 71.98534393310547, loss_uv: 302.883544921875
(4415029248, 23710007296)
Train Epoch: 13 [18500/33236 (56%)], loss_enc: 0.3421320617198944, loss 6.077009201049805, loss_qv_penalty: 0.0, loss_qv_quant: 6.071865926715603e-11, loss_f0: 72.23817443847656, loss_uv: 342.059814453125
(4415029248, 23710007296)
Train Epoch: 13 [19000/33236 (57%)], loss_enc: 0.2920920252799988, loss 7.023069381713867, loss_qv_penalty: 0.0, loss_qv_quant: 1.2858178410901644e-10, loss_f0: 71.0101089477539, loss_uv: 292.02099609375
(4415029248, 23710007296)
Train Epoch: 13 [19500/33236 (59%)], loss_enc: 0.29505375027656555, loss 4.639349937438965, loss_qv_penalty: 0.0, loss_qv_quant: 2.143209637539556e-10, loss_f0: 67.06278228759766, loss_uv: 294.9866638183594
(4415029248, 23710007296)
Train Epoch: 13 [20000/33236 (60%)], loss_enc: 0.3273754417896271, loss 5.112813472747803, loss_qv_penalty: 0.0, loss_qv_quant: 1.2947011518438245e-10, loss_f0: 70.5239486694336, loss_uv: 327.3049011230469
(4415029248, 23710007296)
Train Epoch: 13 [20500/33236 (62%)], loss_enc: 0.35230106115341187, loss 6.83489990234375, loss_qv_penalty: 0.0, loss_qv_quant: 5.957325605043806e-11, loss_f0: 70.24308013916016, loss_uv: 352.23077392578125
(4415029248, 23710007296)
Train Epoch: 13 [21000/33236 (63%)], loss_enc: 0.37428176403045654, loss 6.946512699127197, loss_qv_penalty: 0.0, loss_qv_quant: 2.4236132545318867e-10, loss_f0: 69.80072784423828, loss_uv: 374.2119445800781
(4415029248, 23710007296)
Train Epoch: 13 [21500/33236 (65%)], loss_enc: 0.3293350636959076, loss 5.735494613647461, loss_qv_penalty: 0.0, loss_qv_quant: 1.4392659286599496e-10, loss_f0: 69.39146423339844, loss_uv: 329.265625
(4415029248, 23710007296)
Train Epoch: 13 [22000/33236 (66%)], loss_enc: 0.358640193939209, loss 6.521876811981201, loss_qv_penalty: 0.0, loss_qv_quant: 4.120745966673667e-10, loss_f0: 71.59249114990234, loss_uv: 358.568603515625
(4415029248, 23710007296)
Train Epoch: 13 [22500/33236 (68%)], loss_enc: 0.3379139006137848, loss 7.164289474487305, loss_qv_penalty: 0.0, loss_qv_quant: 9.152493873898493e-09, loss_f0: 69.97674560546875, loss_uv: 337.8439025878906
(4415029248, 23710007296)
Train Epoch: 13 [23000/33236 (69%)], loss_enc: 0.3479817509651184, loss 6.288818836212158, loss_qv_penalty: 0.0, loss_qv_quant: 9.719961502341334e-10, loss_f0: 71.81263732910156, loss_uv: 347.909912109375
(4415029248, 23710007296)
Train Epoch: 13 [23500/33236 (71%)], loss_enc: 0.33485421538352966, loss 6.935939788818359, loss_qv_penalty: 0.0, loss_qv_quant: 4.963194855100994e-10, loss_f0: 72.06008911132812, loss_uv: 334.7821350097656
(4415029248, 23710007296)
Train Epoch: 13 [24000/33236 (72%)], loss_enc: 0.335974782705307, loss 7.201687812805176, loss_qv_penalty: 0.0, loss_qv_quant: 4.07321038009556e-10, loss_f0: 71.74253845214844, loss_uv: 335.90301513671875
(4415029248, 23710007296)
Train Epoch: 13 [24500/33236 (74%)], loss_enc: 0.337368905544281, loss 6.399453163146973, loss_qv_penalty: 0.0, loss_qv_quant: 1.8903421883376126e-10, loss_f0: 71.72320556640625, loss_uv: 337.29718017578125
(4415029248, 23710007296)
Train Epoch: 13 [25000/33236 (75%)], loss_enc: 0.322834312915802, loss 6.702450275421143, loss_qv_penalty: 0.0, loss_qv_quant: 2.1102206093637221e-10, loss_f0: 71.26385498046875, loss_uv: 322.7630615234375
(4415029248, 23710007296)
Train Epoch: 13 [25500/33236 (77%)], loss_enc: 0.34526681900024414, loss 6.0955376625061035, loss_qv_penalty: 0.0, loss_qv_quant: 2.992667780254976e-10, loss_f0: 69.6505126953125, loss_uv: 345.1971435546875
(4415029248, 23710007296)
Train Epoch: 13 [26000/33236 (78%)], loss_enc: 0.3818671703338623, loss 6.193455219268799, loss_qv_penalty: 0.0, loss_qv_quant: 7.708017557561675e-11, loss_f0: 72.2924575805664, loss_uv: 381.79486083984375
(4415029248, 23710007296)
Train Epoch: 13 [26500/33236 (80%)], loss_enc: 0.32868337631225586, loss 6.204062461853027, loss_qv_penalty: 0.0, loss_qv_quant: 7.360771020481494e-11, loss_f0: 71.5137710571289, loss_uv: 328.61181640625
(4415029248, 23710007296)
Train Epoch: 13 [27000/33236 (81%)], loss_enc: 0.32115089893341064, loss 6.1375298500061035, loss_qv_penalty: 0.0, loss_qv_quant: 1.0082152474000239e-10, loss_f0: 72.81617736816406, loss_uv: 321.07806396484375
(4415029248, 23710007296)
Train Epoch: 13 [27500/33236 (83%)], loss_enc: 0.37489551305770874, loss 4.427705764770508, loss_qv_penalty: 0.0, loss_qv_quant: 3.320122232697287e-10, loss_f0: 73.2085952758789, loss_uv: 374.822265625
(4415029248, 23710007296)
Train Epoch: 13 [28000/33236 (84%)], loss_enc: 0.2872471213340759, loss 7.108636379241943, loss_qv_penalty: 0.0, loss_qv_quant: 7.266438145636656e-11, loss_f0: 69.43016815185547, loss_uv: 287.1777038574219
(4415029248, 23710007296)
Train Epoch: 13 [28500/33236 (86%)], loss_enc: 0.3843517303466797, loss 5.967041492462158, loss_qv_penalty: 0.0, loss_qv_quant: 1.4003223580694169e-10, loss_f0: 72.90017700195312, loss_uv: 384.27880859375
(4415029248, 23710007296)
Train Epoch: 13 [29000/33236 (87%)], loss_enc: 0.3712107539176941, loss 5.946841239929199, loss_qv_penalty: 0.0, loss_qv_quant: 2.341227767210796e-10, loss_f0: 73.80239868164062, loss_uv: 371.13690185546875
(4415029248, 23710007296)
Train Epoch: 13 [29500/33236 (89%)], loss_enc: 0.3784753978252411, loss 7.1916985511779785, loss_qv_penalty: 0.0, loss_qv_quant: 5.137198652582775e-11, loss_f0: 75.09848022460938, loss_uv: 378.4002685546875
(4415029248, 23710007296)
Train Epoch: 13 [30000/33236 (90%)], loss_enc: 0.3546554446220398, loss 6.023654460906982, loss_qv_penalty: 0.0, loss_qv_quant: 6.325310414334595e-11, loss_f0: 74.09693145751953, loss_uv: 354.5813293457031
(4415029248, 23710007296)
Train Epoch: 13 [30500/33236 (92%)], loss_enc: 0.35110676288604736, loss 6.595168590545654, loss_qv_penalty: 0.0, loss_qv_quant: 1.069214439208821e-10, loss_f0: 69.65943145751953, loss_uv: 351.0370788574219
(4415029248, 23710007296)
Train Epoch: 13 [31000/33236 (93%)], loss_enc: 0.3722190856933594, loss 7.353709697723389, loss_qv_penalty: 0.0, loss_qv_quant: 1.321090681294379e-09, loss_f0: 71.14639282226562, loss_uv: 372.14794921875
(4415029248, 23710007296)
Train Epoch: 13 [31500/33236 (95%)], loss_enc: 0.31012243032455444, loss 5.847648620605469, loss_qv_penalty: 0.0, loss_qv_quant: 6.204091684836044e-10, loss_f0: 74.13789367675781, loss_uv: 310.04827880859375
(4415029248, 23710007296)
Train Epoch: 13 [32000/33236 (96%)], loss_enc: 0.35434094071388245, loss 6.575407028198242, loss_qv_penalty: 0.0, loss_qv_quant: 5.943723291323977e-10, loss_f0: 73.85981750488281, loss_uv: 354.2670593261719
(4415029248, 23710007296)
Train Epoch: 13 [32500/33236 (98%)], loss_enc: 0.38695913553237915, loss 6.157276630401611, loss_qv_penalty: 0.0, loss_qv_quant: 2.519997543970476e-10, loss_f0: 72.270263671875, loss_uv: 386.8868408203125
(4415029248, 23710007296)
Train Epoch: 13 [33000/33236 (99%)], loss_enc: 0.3633391857147217, loss 6.308889389038086, loss_qv_penalty: 0.0, loss_qv_quant: 2.2474368199798533e-10, loss_f0: 73.78515625, loss_uv: 363.2653503417969
----------------------------------------Epoch: 14----------------------------------------
(4415029248, 23710007296)
Train Epoch: 14 [0/33236 (0%)], loss_enc: 0.3321484327316284, loss 6.232349395751953, loss_qv_penalty: 0.0, loss_qv_quant: 2.0040274995025698e-10, loss_f0: 75.29041290283203, loss_uv: 332.0731201171875
(4415029248, 23710007296)
Train Epoch: 14 [500/33236 (2%)], loss_enc: 0.3478257656097412, loss 6.662415027618408, loss_qv_penalty: 0.0, loss_qv_quant: 2.193100423486527e-10, loss_f0: 73.38346862792969, loss_uv: 347.75238037109375
(4415029248, 23710007296)
Train Epoch: 14 [1000/33236 (3%)], loss_enc: 0.3506614863872528, loss 6.436666965484619, loss_qv_penalty: 0.0, loss_qv_quant: 9.191261640673076e-11, loss_f0: 73.5623550415039, loss_uv: 350.5879211425781
(4415029248, 23710007296)
Train Epoch: 14 [1500/33236 (5%)], loss_enc: 0.29404217004776, loss 6.596978664398193, loss_qv_penalty: 0.0, loss_qv_quant: 2.2429297308335094e-10, loss_f0: 71.36100769042969, loss_uv: 293.9708251953125
(4415029248, 23710007296)
Train Epoch: 14 [2000/33236 (6%)], loss_enc: 0.38847818970680237, loss 6.70810604095459, loss_qv_penalty: 0.0, loss_qv_quant: 1.4127937708607874e-10, loss_f0: 75.57736206054688, loss_uv: 388.402587890625
(4415029248, 23710007296)
Train Epoch: 14 [2500/33236 (8%)], loss_enc: 0.28746718168258667, loss 5.33118200302124, loss_qv_penalty: 0.0, loss_qv_quant: 1.168710128673922e-10, loss_f0: 75.70526123046875, loss_uv: 287.3914794921875
(4415029248, 23710007296)
Train Epoch: 14 [3000/33236 (9%)], loss_enc: 0.38783037662506104, loss 6.71428918838501, loss_qv_penalty: 0.0, loss_qv_quant: 1.1992579151964833e-10, loss_f0: 75.13118743896484, loss_uv: 387.7552185058594
(4415029248, 23710007296)
Train Epoch: 14 [3500/33236 (11%)], loss_enc: 0.302778422832489, loss 6.994246959686279, loss_qv_penalty: 0.0, loss_qv_quant: 5.6240588575118267e-11, loss_f0: 75.35118865966797, loss_uv: 302.70306396484375
(4415029248, 23710007296)
Train Epoch: 14 [4000/33236 (12%)], loss_enc: 0.31451618671417236, loss 6.586373329162598, loss_qv_penalty: 0.0, loss_qv_quant: 6.467442553725888e-11, loss_f0: 75.91431427001953, loss_uv: 314.4402770996094
(4415029248, 23710007296)
Train Epoch: 14 [4500/33236 (14%)], loss_enc: 0.37099042534828186, loss 6.343954563140869, loss_qv_penalty: 0.0, loss_qv_quant: 6.44789222015163e-11, loss_f0: 76.58124542236328, loss_uv: 370.913818359375
(4415029248, 23710007296)
Train Epoch: 14 [5000/33236 (15%)], loss_enc: 0.3305128812789917, loss 5.675446033477783, loss_qv_penalty: 0.0, loss_qv_quant: 1.2160049356335634e-10, loss_f0: 77.40762329101562, loss_uv: 330.4354248046875
(4415029248, 23710007296)
Train Epoch: 14 [5500/33236 (17%)], loss_enc: 0.3449636399745941, loss 5.995582580566406, loss_qv_penalty: 0.0, loss_qv_quant: 1.0405053207929171e-10, loss_f0: 74.07756042480469, loss_uv: 344.8895263671875
(4415029248, 23710007296)
Train Epoch: 14 [6000/33236 (18%)], loss_enc: 0.3702704906463623, loss 6.215205669403076, loss_qv_penalty: 0.0, loss_qv_quant: 6.89698576028519e-11, loss_f0: 72.90934753417969, loss_uv: 370.1975402832031
(4415029248, 23710007296)
Train Epoch: 14 [6500/33236 (20%)], loss_enc: 0.33808064460754395, loss 6.45733642578125, loss_qv_penalty: 0.0, loss_qv_quant: 1.4106429913063323e-10, loss_f0: 72.30755615234375, loss_uv: 338.0083312988281
(4415029248, 23710007296)
Train Epoch: 14 [7000/33236 (21%)], loss_enc: 0.3123203217983246, loss 6.495239734649658, loss_qv_penalty: 0.0, loss_qv_quant: 3.3019076361995303e-10, loss_f0: 75.18669891357422, loss_uv: 312.2451171875
(4415029248, 23710007296)
Train Epoch: 14 [7500/33236 (23%)], loss_enc: 0.38221731781959534, loss 6.384485721588135, loss_qv_penalty: 0.0, loss_qv_quant: 4.778060586074773e-11, loss_f0: 75.42295837402344, loss_uv: 382.1418762207031
(4415029248, 23710007296)
Train Epoch: 14 [8000/33236 (24%)], loss_enc: 0.3616008162498474, loss 6.308200836181641, loss_qv_penalty: 0.0, loss_qv_quant: 8.267587725541148e-10, loss_f0: 75.9692153930664, loss_uv: 361.52484130859375
(4415029248, 23710007296)
Train Epoch: 14 [8500/33236 (26%)], loss_enc: 0.4009549617767334, loss 7.671745777130127, loss_qv_penalty: 0.0, loss_qv_quant: 4.002253806145717e-10, loss_f0: 76.59039306640625, loss_uv: 400.8783264160156
(4415029248, 23710007296)
Train Epoch: 14 [9000/33236 (27%)], loss_enc: 0.30359694361686707, loss 6.509232521057129, loss_qv_penalty: 0.0, loss_qv_quant: 4.003752884784717e-10, loss_f0: 73.61327362060547, loss_uv: 303.5233154296875
(4415029248, 23710007296)
Train Epoch: 14 [9500/33236 (29%)], loss_enc: 0.3722975552082062, loss 5.347796440124512, loss_qv_penalty: 0.0, loss_qv_quant: 2.854034786281545e-10, loss_f0: 74.35118865966797, loss_uv: 372.2231750488281
(4415029248, 23710007296)
Train Epoch: 14 [10000/33236 (30%)], loss_enc: 0.3951299786567688, loss 6.3474016189575195, loss_qv_penalty: 0.0, loss_qv_quant: 2.995242942560594e-10, loss_f0: 75.40397644042969, loss_uv: 395.0545654296875
(4415029248, 23710007296)
Train Epoch: 14 [10500/33236 (32%)], loss_enc: 0.29735422134399414, loss 5.7448859214782715, loss_qv_penalty: 0.0, loss_qv_quant: 1.2915891967058002e-10, loss_f0: 75.18527221679688, loss_uv: 297.279052734375
(4415029248, 23710007296)
Train Epoch: 14 [11000/33236 (33%)], loss_enc: 0.3496456444263458, loss 6.116818428039551, loss_qv_penalty: 0.0, loss_qv_quant: 7.986978439733505e-11, loss_f0: 74.09132385253906, loss_uv: 349.571533203125
(4415029248, 23710007296)
Train Epoch: 14 [11500/33236 (35%)], loss_enc: 0.38283708691596985, loss 5.261032581329346, loss_qv_penalty: 0.0, loss_qv_quant: 7.172339111516379e-11, loss_f0: 77.94941711425781, loss_uv: 382.7591247558594
(4415029248, 23710007296)
Train Epoch: 14 [12000/33236 (36%)], loss_enc: 0.35735049843788147, loss 4.902841091156006, loss_qv_penalty: 0.0, loss_qv_quant: 1.5854319246333404e-10, loss_f0: 72.52721405029297, loss_uv: 357.2779541015625
(4415029248, 23710007296)
Train Epoch: 14 [12500/33236 (38%)], loss_enc: 0.3541038930416107, loss 6.366455554962158, loss_qv_penalty: 0.0, loss_qv_quant: 1.4206864851207257e-10, loss_f0: 78.86802673339844, loss_uv: 354.0249938964844
(4415029248, 23710007296)
Train Epoch: 14 [13000/33236 (39%)], loss_enc: 0.34263792634010315, loss 5.84814977645874, loss_qv_penalty: 0.0, loss_qv_quant: 5.485841989005813e-11, loss_f0: 76.3058853149414, loss_uv: 342.5616149902344
(4415029248, 23710007296)
Train Epoch: 14 [13500/33236 (41%)], loss_enc: 0.3567633032798767, loss 6.597829341888428, loss_qv_penalty: 0.0, loss_qv_quant: 6.873861202461029e-11, loss_f0: 76.19503784179688, loss_uv: 356.68707275390625
(4415029248, 23710007296)
Train Epoch: 14 [14000/33236 (42%)], loss_enc: 0.3637826144695282, loss 7.516578197479248, loss_qv_penalty: 0.0, loss_qv_quant: 1.4138866466506528e-10, loss_f0: 72.40980529785156, loss_uv: 363.710205078125
(4415029248, 23710007296)
Train Epoch: 14 [14500/33236 (44%)], loss_enc: 0.39545512199401855, loss 7.079834461212158, loss_qv_penalty: 0.0, loss_qv_quant: 9.063942651987844e-11, loss_f0: 75.17756652832031, loss_uv: 395.3799133300781
(4415029248, 23710007296)
Train Epoch: 14 [15000/33236 (45%)], loss_enc: 0.3348482847213745, loss 6.247918605804443, loss_qv_penalty: 0.0, loss_qv_quant: 1.457116233227751e-10, loss_f0: 78.20203399658203, loss_uv: 334.77008056640625
(4415029248, 23710007296)
Train Epoch: 14 [15500/33236 (47%)], loss_enc: 0.3604956865310669, loss 6.702545166015625, loss_qv_penalty: 0.0, loss_qv_quant: 1.8673440571603805e-10, loss_f0: 77.42970275878906, loss_uv: 360.41827392578125
(4415029248, 23710007296)
Train Epoch: 14 [16000/33236 (48%)], loss_enc: 0.41020235419273376, loss 6.216048240661621, loss_qv_penalty: 0.0, loss_qv_quant: 9.346841356450142e-11, loss_f0: 79.01229858398438, loss_uv: 410.1233215332031
(4415029248, 23710007296)
Train Epoch: 14 [16500/33236 (50%)], loss_enc: 0.37916886806488037, loss 6.1861467361450195, loss_qv_penalty: 0.0, loss_qv_quant: 1.1177200831546941e-10, loss_f0: 82.48841094970703, loss_uv: 379.08636474609375
(4415029248, 23710007296)
Train Epoch: 14 [17000/33236 (51%)], loss_enc: 0.3558139204978943, loss 5.3286848068237305, loss_qv_penalty: 0.0, loss_qv_quant: 1.5157565480539148e-10, loss_f0: 73.3983154296875, loss_uv: 355.7405090332031
(4415029248, 23710007296)
Train Epoch: 14 [17500/33236 (53%)], loss_enc: 0.359761118888855, loss 6.1906938552856445, loss_qv_penalty: 0.0, loss_qv_quant: 2.686003364171796e-10, loss_f0: 75.45503234863281, loss_uv: 359.6856689453125
(4415029248, 23710007296)
Train Epoch: 14 [18000/33236 (54%)], loss_enc: 0.3663100302219391, loss 7.513401031494141, loss_qv_penalty: 0.0, loss_qv_quant: 3.7420230802887033e-10, loss_f0: 76.75607299804688, loss_uv: 366.2332763671875
(4415029248, 23710007296)
Train Epoch: 14 [18500/33236 (56%)], loss_enc: 0.3313737213611603, loss 5.260412216186523, loss_qv_penalty: 0.0, loss_qv_quant: 8.323570999113628e-11, loss_f0: 81.41361236572266, loss_uv: 331.29229736328125
(4415029248, 23710007296)
Train Epoch: 14 [19000/33236 (57%)], loss_enc: 0.3760415315628052, loss 5.7341156005859375, loss_qv_penalty: 0.0, loss_qv_quant: 6.060418139552937e-11, loss_f0: 75.83757781982422, loss_uv: 375.9656677246094
(4415029248, 23710007296)
Train Epoch: 14 [19500/33236 (59%)], loss_enc: 0.319363534450531, loss 5.640509605407715, loss_qv_penalty: 0.0, loss_qv_quant: 8.197906242735087e-11, loss_f0: 78.1519775390625, loss_uv: 319.2853698730469
(4415029248, 23710007296)
Train Epoch: 14 [20000/33236 (60%)], loss_enc: 0.3709293305873871, loss 6.74692964553833, loss_qv_penalty: 0.0, loss_qv_quant: 4.544919440796491e-10, loss_f0: 73.00382232666016, loss_uv: 370.8563232421875
(4415029248, 23710007296)
Train Epoch: 14 [20500/33236 (62%)], loss_enc: 0.39920979738235474, loss 5.863805770874023, loss_qv_penalty: 0.0, loss_qv_quant: 6.414337117011115e-11, loss_f0: 78.11669921875, loss_uv: 399.13165283203125
(4415029248, 23710007296)
Train Epoch: 14 [21000/33236 (63%)], loss_enc: 0.40743309259414673, loss 6.977297306060791, loss_qv_penalty: 0.0, loss_qv_quant: 9.807624157254224e-11, loss_f0: 78.34717559814453, loss_uv: 407.354736328125
(4415029248, 23710007296)
Train Epoch: 14 [21500/33236 (65%)], loss_enc: 0.35571813583374023, loss 7.020328521728516, loss_qv_penalty: 0.0, loss_qv_quant: 5.4776648494847535e-11, loss_f0: 80.89787292480469, loss_uv: 355.6371765136719
(4415029248, 23710007296)
Train Epoch: 14 [22000/33236 (66%)], loss_enc: 0.3725201487541199, loss 5.343231678009033, loss_qv_penalty: 0.0, loss_qv_quant: 7.436110061043166e-11, loss_f0: 74.81254577636719, loss_uv: 372.4453125
(4415029248, 23710007296)
Train Epoch: 14 [22500/33236 (68%)], loss_enc: 0.35983806848526, loss 5.847374439239502, loss_qv_penalty: 0.0, loss_qv_quant: 3.4309174945512666e-10, loss_f0: 76.40670013427734, loss_uv: 359.76165771484375
(4415029248, 23710007296)
Train Epoch: 14 [23000/33236 (69%)], loss_enc: 0.37812885642051697, loss 7.2578558921813965, loss_qv_penalty: 0.0, loss_qv_quant: 6.862641011018411e-11, loss_f0: 78.73612213134766, loss_uv: 378.05010986328125
(4415029248, 23710007296)
Train Epoch: 14 [23500/33236 (71%)], loss_enc: 0.39962589740753174, loss 6.2374773025512695, loss_qv_penalty: 0.0, loss_qv_quant: 9.194507655241324e-11, loss_f0: 79.60472106933594, loss_uv: 399.54632568359375
(4415029248, 23710007296)
Train Epoch: 14 [24000/33236 (72%)], loss_enc: 0.2859031856060028, loss 6.426109313964844, loss_qv_penalty: 0.0, loss_qv_quant: 1.5527483465671565e-10, loss_f0: 77.52680969238281, loss_uv: 285.82562255859375
(4415029248, 23710007296)
Train Epoch: 14 [24500/33236 (74%)], loss_enc: 0.2654273509979248, loss 5.816953659057617, loss_qv_penalty: 0.0, loss_qv_quant: 1.9760459935014296e-10, loss_f0: 77.32658386230469, loss_uv: 265.3500061035156
(4415029248, 23710007296)
Train Epoch: 14 [25000/33236 (75%)], loss_enc: 0.37088286876678467, loss 5.785801410675049, loss_qv_penalty: 0.0, loss_qv_quant: 6.307316474662983e-11, loss_f0: 76.7844009399414, loss_uv: 370.80609130859375
(4415029248, 23710007296)
Train Epoch: 14 [25500/33236 (77%)], loss_enc: 0.32165828347206116, loss 7.2771100997924805, loss_qv_penalty: 0.0, loss_qv_quant: 1.6778844980080976e-10, loss_f0: 76.63363647460938, loss_uv: 321.5816345214844
(4415029248, 23710007296)
Train Epoch: 14 [26000/33236 (78%)], loss_enc: 0.34629514813423157, loss 6.26892614364624, loss_qv_penalty: 0.0, loss_qv_quant: 2.587462744063629e-10, loss_f0: 78.5764389038086, loss_uv: 346.216552734375
(4415029248, 23710007296)
Train Epoch: 14 [26500/33236 (80%)], loss_enc: 0.3304574191570282, loss 6.3627800941467285, loss_qv_penalty: 0.0, loss_qv_quant: 1.481822581306247e-10, loss_f0: 81.63119506835938, loss_uv: 330.37579345703125
(4415029248, 23710007296)
Train Epoch: 14 [27000/33236 (81%)], loss_enc: 0.4287673532962799, loss 6.887447834014893, loss_qv_penalty: 0.0, loss_qv_quant: 5.666692115546823e-11, loss_f0: 80.05987548828125, loss_uv: 428.687255859375
(4415029248, 23710007296)
Train Epoch: 14 [27500/33236 (83%)], loss_enc: 0.3890553116798401, loss 6.3653764724731445, loss_qv_penalty: 0.0, loss_qv_quant: 1.4211051779788875e-10, loss_f0: 76.78749084472656, loss_uv: 388.978515625
(4415029248, 23710007296)
Train Epoch: 14 [28000/33236 (84%)], loss_enc: 0.4066406488418579, loss 6.123044967651367, loss_qv_penalty: 0.0, loss_qv_quant: 6.136597341388494e-10, loss_f0: 76.36019897460938, loss_uv: 406.56427001953125
(4415029248, 23710007296)
Train Epoch: 14 [28500/33236 (86%)], loss_enc: 0.34286248683929443, loss 6.325960636138916, loss_qv_penalty: 0.0, loss_qv_quant: 6.632244753390637e-11, loss_f0: 78.78050994873047, loss_uv: 342.7837219238281
(4415029248, 23710007296)
Train Epoch: 14 [29000/33236 (87%)], loss_enc: 0.4111778736114502, loss 6.847164630889893, loss_qv_penalty: 0.0, loss_qv_quant: 1.9626381075887878e-10, loss_f0: 81.5844955444336, loss_uv: 411.09625244140625
(4415029248, 23710007296)
Train Epoch: 14 [29500/33236 (89%)], loss_enc: 0.37972408533096313, loss 5.558767318725586, loss_qv_penalty: 0.0, loss_qv_quant: 8.492121589265267e-11, loss_f0: 76.06480407714844, loss_uv: 379.64801025390625
(4415029248, 23710007296)
Train Epoch: 14 [30000/33236 (90%)], loss_enc: 0.36660706996917725, loss 5.453472137451172, loss_qv_penalty: 0.0, loss_qv_quant: 1.274383792937428e-10, loss_f0: 78.539306640625, loss_uv: 366.5285339355469
(4415029248, 23710007296)
Train Epoch: 14 [30500/33236 (92%)], loss_enc: 0.4058138132095337, loss 6.194579124450684, loss_qv_penalty: 0.0, loss_qv_quant: 8.937173917589192e-11, loss_f0: 81.43162536621094, loss_uv: 405.73236083984375
(4415029248, 23710007296)
Train Epoch: 14 [31000/33236 (93%)], loss_enc: 0.333743691444397, loss 6.808201789855957, loss_qv_penalty: 0.0, loss_qv_quant: 9.106568277239546e-11, loss_f0: 78.39485168457031, loss_uv: 333.665283203125
(4415029248, 23710007296)
Train Epoch: 14 [31500/33236 (95%)], loss_enc: 0.3471505045890808, loss 5.704337120056152, loss_qv_penalty: 0.0, loss_qv_quant: 5.984845952156093e-11, loss_f0: 79.29449462890625, loss_uv: 347.0711975097656
(4415029248, 23710007296)
Train Epoch: 14 [32000/33236 (96%)], loss_enc: 0.4026523232460022, loss 6.753714084625244, loss_qv_penalty: 0.0, loss_qv_quant: 5.978112449511741e-11, loss_f0: 78.30050659179688, loss_uv: 402.573974609375
(4415029248, 23710007296)
Train Epoch: 14 [32500/33236 (98%)], loss_enc: 0.4250221848487854, loss 6.473805904388428, loss_qv_penalty: 0.0, loss_qv_quant: 6.819984854633532e-11, loss_f0: 81.21106719970703, loss_uv: 424.9409484863281
(4415029248, 23710007296)
Train Epoch: 14 [33000/33236 (99%)], loss_enc: 0.3597177565097809, loss 5.421143531799316, loss_qv_penalty: 0.0, loss_qv_quant: 5.936701130693223e-11, loss_f0: 81.4342041015625, loss_uv: 359.63629150390625
----------------------------------------Epoch: 15----------------------------------------
(4415029248, 23710007296)
Train Epoch: 15 [0/33236 (0%)], loss_enc: 0.3884540796279907, loss 5.6584882736206055, loss_qv_penalty: 0.0, loss_qv_quant: 8.512636429092169e-11, loss_f0: 77.14337921142578, loss_uv: 388.3769226074219
(4415029248, 23710007296)
Train Epoch: 15 [500/33236 (2%)], loss_enc: 0.39548665285110474, loss 6.18434476852417, loss_qv_penalty: 0.0, loss_qv_quant: 5.493298871339647e-11, loss_f0: 77.44766235351562, loss_uv: 395.4091491699219
(4415029248, 23710007296)
Train Epoch: 15 [1000/33236 (3%)], loss_enc: 0.40797626972198486, loss 6.932284355163574, loss_qv_penalty: 0.0, loss_qv_quant: 5.2353593682497035e-11, loss_f0: 79.77105712890625, loss_uv: 407.896484375
(4415029248, 23710007296)
Train Epoch: 15 [1500/33236 (5%)], loss_enc: 0.37962526082992554, loss 6.071134567260742, loss_qv_penalty: 0.0, loss_qv_quant: 4.338503861722742e-11, loss_f0: 81.06512451171875, loss_uv: 379.5441589355469
(4415029248, 23710007296)
Train Epoch: 15 [2000/33236 (6%)], loss_enc: 0.3811495304107666, loss 5.456569671630859, loss_qv_penalty: 0.0, loss_qv_quant: 4.141821607905882e-11, loss_f0: 79.51802062988281, loss_uv: 381.0700378417969
(4415029248, 23710007296)
Train Epoch: 15 [2500/33236 (8%)], loss_enc: 0.42047691345214844, loss 5.656810283660889, loss_qv_penalty: 0.0, loss_qv_quant: 5.871285402303528e-11, loss_f0: 79.55182647705078, loss_uv: 420.3973388671875
(4415029248, 23710007296)
Train Epoch: 15 [3000/33236 (9%)], loss_enc: 0.4165340065956116, loss 6.028923988342285, loss_qv_penalty: 0.0, loss_qv_quant: 5.558366267255366e-11, loss_f0: 82.59783935546875, loss_uv: 416.4513854980469
(4415029248, 23710007296)
Train Epoch: 15 [3500/33236 (11%)], loss_enc: 0.3707818388938904, loss 6.3738532066345215, loss_qv_penalty: 0.0, loss_qv_quant: 1.0420704577018824e-10, loss_f0: 79.55758666992188, loss_uv: 370.7022705078125
(4415029248, 23710007296)
Train Epoch: 15 [4000/33236 (12%)], loss_enc: 0.38066837191581726, loss 8.048917770385742, loss_qv_penalty: 0.0, loss_qv_quant: 8.755890457123883e-11, loss_f0: 76.38632202148438, loss_uv: 380.59197998046875
(4415029248, 23710007296)
Train Epoch: 15 [4500/33236 (14%)], loss_enc: 0.3361901640892029, loss 6.495421886444092, loss_qv_penalty: 0.0, loss_qv_quant: 1.231458407469077e-10, loss_f0: 75.4549789428711, loss_uv: 336.1147155761719
(4415029248, 23710007296)
Train Epoch: 15 [5000/33236 (15%)], loss_enc: 0.33429214358329773, loss 6.599973201751709, loss_qv_penalty: 0.0, loss_qv_quant: 6.121092521738092e-11, loss_f0: 76.30107116699219, loss_uv: 334.2158203125
(4415029248, 23710007296)
Train Epoch: 15 [5500/33236 (17%)], loss_enc: 0.3403860330581665, loss 6.182528972625732, loss_qv_penalty: 0.0, loss_qv_quant: 7.206812924209771e-11, loss_f0: 77.25103759765625, loss_uv: 340.30877685546875
(4415029248, 23710007296)
Train Epoch: 15 [6000/33236 (18%)], loss_enc: 0.3744378685951233, loss 6.014321804046631, loss_qv_penalty: 0.0, loss_qv_quant: 6.596490020882584e-11, loss_f0: 79.09564971923828, loss_uv: 374.3587646484375
(4415029248, 23710007296)
Train Epoch: 15 [6500/33236 (20%)], loss_enc: 0.3738923668861389, loss 5.609155654907227, loss_qv_penalty: 0.0, loss_qv_quant: 7.998018219934622e-11, loss_f0: 80.84967041015625, loss_uv: 373.8114929199219
(4415029248, 23710007296)
Train Epoch: 15 [7000/33236 (21%)], loss_enc: 0.35576310753822327, loss 6.837113857269287, loss_qv_penalty: 0.0, loss_qv_quant: 4.9947289360030567e-11, loss_f0: 78.92989349365234, loss_uv: 355.6841735839844
(4415029248, 23710007296)
Train Epoch: 15 [7500/33236 (23%)], loss_enc: 0.2993698716163635, loss 6.45089864730835, loss_qv_penalty: 0.0, loss_qv_quant: 1.068548513560863e-10, loss_f0: 77.63715362548828, loss_uv: 299.2922058105469
(4415029248, 23710007296)
Train Epoch: 15 [8000/33236 (24%)], loss_enc: 0.3839338421821594, loss 5.733396530151367, loss_qv_penalty: 0.0, loss_qv_quant: 9.154799834876215e-11, loss_f0: 80.94560241699219, loss_uv: 383.85284423828125
(4415029248, 23710007296)
Train Epoch: 15 [8500/33236 (26%)], loss_enc: 0.3979060649871826, loss 6.604679107666016, loss_qv_penalty: 0.0, loss_qv_quant: 4.061639219399282e-11, loss_f0: 82.43275451660156, loss_uv: 397.8236083984375
(4415029248, 23710007296)
Train Epoch: 15 [9000/33236 (27%)], loss_enc: 0.4030483365058899, loss 6.603972434997559, loss_qv_penalty: 0.0, loss_qv_quant: 3.6347248127954757e-11, loss_f0: 83.889404296875, loss_uv: 402.96441650390625
(4415029248, 23710007296)
Train Epoch: 15 [9500/33236 (29%)], loss_enc: 0.34908410906791687, loss 6.286691665649414, loss_qv_penalty: 0.0, loss_qv_quant: 6.577486472147953e-11, loss_f0: 79.96245574951172, loss_uv: 349.0041198730469
(4415029248, 23710007296)
Train Epoch: 15 [10000/33236 (30%)], loss_enc: 0.3823736906051636, loss 5.4916510581970215, loss_qv_penalty: 0.0, loss_qv_quant: 7.932692697165677e-11, loss_f0: 76.92249298095703, loss_uv: 382.2967529296875
(4415029248, 23710007296)
Train Epoch: 15 [10500/33236 (32%)], loss_enc: 0.4394134283065796, loss 5.643057823181152, loss_qv_penalty: 0.0, loss_qv_quant: 6.301179716894367e-11, loss_f0: 81.64691162109375, loss_uv: 439.3317565917969
(4415029248, 23710007296)
Train Epoch: 15 [11000/33236 (33%)], loss_enc: 0.4140477776527405, loss 4.365296363830566, loss_qv_penalty: 0.0, loss_qv_quant: 1.2702107421436182e-10, loss_f0: 80.70352172851562, loss_uv: 413.967041015625
(4415029248, 23710007296)
Train Epoch: 15 [11500/33236 (35%)], loss_enc: 0.3884056806564331, loss 5.772393226623535, loss_qv_penalty: 0.0, loss_qv_quant: 1.3358739114899265e-10, loss_f0: 76.69917297363281, loss_uv: 388.3289794921875
(4415029248, 23710007296)
Train Epoch: 15 [12000/33236 (36%)], loss_enc: 0.348744660615921, loss 6.632166385650635, loss_qv_penalty: 0.0, loss_qv_quant: 1.8300140569582624e-10, loss_f0: 77.52581787109375, loss_uv: 348.6671142578125
(4415029248, 23710007296)
Train Epoch: 15 [12500/33236 (38%)], loss_enc: 0.3268395662307739, loss 6.347419738769531, loss_qv_penalty: 0.0, loss_qv_quant: 4.322937841028107e-11, loss_f0: 79.05046081542969, loss_uv: 326.760498046875
(4415029248, 23710007296)
Train Epoch: 15 [13000/33236 (39%)], loss_enc: 0.39915284514427185, loss 6.98830509185791, loss_qv_penalty: 0.0, loss_qv_quant: 1.11657440238222e-10, loss_f0: 76.29137420654297, loss_uv: 399.0765380859375
(4415029248, 23710007296)
Train Epoch: 15 [13500/33236 (41%)], loss_enc: 0.35506105422973633, loss 6.445574760437012, loss_qv_penalty: 0.0, loss_qv_quant: 1.1969146507251338e-10, loss_f0: 80.7589340209961, loss_uv: 354.98028564453125
(4415029248, 23710007296)
Train Epoch: 15 [14000/33236 (42%)], loss_enc: 0.4016377925872803, loss 6.8442463874816895, loss_qv_penalty: 0.0, loss_qv_quant: 9.4832641739373e-11, loss_f0: 81.12457275390625, loss_uv: 401.556640625
(4415029248, 23710007296)
Train Epoch: 15 [14500/33236 (44%)], loss_enc: 0.36555802822113037, loss 5.865139484405518, loss_qv_penalty: 0.0, loss_qv_quant: 5.414118459112771e-11, loss_f0: 79.11457824707031, loss_uv: 365.47894287109375
(4415029248, 23710007296)
Train Epoch: 15 [15000/33236 (45%)], loss_enc: 0.3349725306034088, loss 6.131000518798828, loss_qv_penalty: 0.0, loss_qv_quant: 6.764784565849169e-11, loss_f0: 80.99169158935547, loss_uv: 334.8915100097656
(4415029248, 23710007296)
Train Epoch: 15 [15500/33236 (47%)], loss_enc: 0.3871046006679535, loss 6.498071670532227, loss_qv_penalty: 0.0, loss_qv_quant: 4.942878398250805e-11, loss_f0: 81.0596923828125, loss_uv: 387.0235595703125
(4415029248, 23710007296)
Train Epoch: 15 [16000/33236 (48%)], loss_enc: 0.4191996157169342, loss 7.015246868133545, loss_qv_penalty: 0.0, loss_qv_quant: 7.779727556611604e-11, loss_f0: 78.68878936767578, loss_uv: 419.1209411621094
(4415029248, 23710007296)
Train Epoch: 15 [16500/33236 (50%)], loss_enc: 0.43125343322753906, loss 7.3312859535217285, loss_qv_penalty: 0.0, loss_qv_quant: 7.51141510102471e-11, loss_f0: 82.77982330322266, loss_uv: 431.170654296875
(4415029248, 23710007296)
Train Epoch: 15 [17000/33236 (51%)], loss_enc: 0.4278659224510193, loss 5.170196533203125, loss_qv_penalty: 0.0, loss_qv_quant: 5.2859300270213794e-11, loss_f0: 81.06112670898438, loss_uv: 427.78485107421875
(4415029248, 23710007296)
Train Epoch: 15 [17500/33236 (53%)], loss_enc: 0.367348849773407, loss 5.574794769287109, loss_qv_penalty: 0.0, loss_qv_quant: 4.1223011115754105e-11, loss_f0: 83.55461120605469, loss_uv: 367.26531982421875
(4415029248, 23710007296)
Train Epoch: 15 [18000/33236 (54%)], loss_enc: 0.3857322931289673, loss 6.359494209289551, loss_qv_penalty: 0.0, loss_qv_quant: 6.390946799550434e-11, loss_f0: 81.02676391601562, loss_uv: 385.6512451171875
(4415029248, 23710007296)
Train Epoch: 15 [18500/33236 (56%)], loss_enc: 0.32314157485961914, loss 6.489588737487793, loss_qv_penalty: 0.0, loss_qv_quant: 4.6997582908714364e-11, loss_f0: 83.2836685180664, loss_uv: 323.0582580566406
(4415029248, 23710007296)
Train Epoch: 15 [19000/33236 (57%)], loss_enc: 0.2715362012386322, loss 5.685956954956055, loss_qv_penalty: 0.0, loss_qv_quant: 4.935086020396717e-11, loss_f0: 80.0457763671875, loss_uv: 271.4561462402344
(4415029248, 23710007296)
Train Epoch: 15 [19500/33236 (59%)], loss_enc: 0.42385077476501465, loss 6.868069648742676, loss_qv_penalty: 0.0, loss_qv_quant: 1.017883485832094e-10, loss_f0: 82.28471374511719, loss_uv: 423.7684631347656
(4415029248, 23710007296)
Train Epoch: 15 [20000/33236 (60%)], loss_enc: 0.40101683139801025, loss 6.788406848907471, loss_qv_penalty: 0.0, loss_qv_quant: 2.738990111106343e-11, loss_f0: 81.70297241210938, loss_uv: 400.93511962890625
(4415029248, 23710007296)
Train Epoch: 15 [20500/33236 (62%)], loss_enc: 0.37121912837028503, loss 6.395507335662842, loss_qv_penalty: 0.0, loss_qv_quant: 5.772790578895126e-11, loss_f0: 81.90005493164062, loss_uv: 371.13720703125
(4415029248, 23710007296)
Train Epoch: 15 [21000/33236 (63%)], loss_enc: 0.35605695843696594, loss 5.591151237487793, loss_qv_penalty: 0.0, loss_qv_quant: 5.973116445900928e-11, loss_f0: 83.1204833984375, loss_uv: 355.97381591796875
(4415029248, 23710007296)
Train Epoch: 15 [21500/33236 (65%)], loss_enc: 0.39922061562538147, loss 6.292227745056152, loss_qv_penalty: 0.0, loss_qv_quant: 6.538007635281673e-11, loss_f0: 82.0935287475586, loss_uv: 399.13848876953125
(4415029248, 23710007296)
Train Epoch: 15 [22000/33236 (66%)], loss_enc: 0.3868895173072815, loss 5.14404296875, loss_qv_penalty: 0.0, loss_qv_quant: 1.0313633280745194e-10, loss_f0: 82.5571517944336, loss_uv: 386.80694580078125
(4415029248, 23710007296)
Train Epoch: 15 [22500/33236 (68%)], loss_enc: 0.37701019644737244, loss 5.921130657196045, loss_qv_penalty: 0.0, loss_qv_quant: 5.685611009775826e-11, loss_f0: 82.80175018310547, loss_uv: 376.9273376464844
(4415029248, 23710007296)
Train Epoch: 15 [23000/33236 (69%)], loss_enc: 0.4308655560016632, loss 5.880753993988037, loss_qv_penalty: 0.0, loss_qv_quant: 6.119803275250746e-11, loss_f0: 83.98855590820312, loss_uv: 430.78155517578125
(4415029248, 23710007296)
Train Epoch: 15 [23500/33236 (71%)], loss_enc: 0.40837472677230835, loss 6.296078681945801, loss_qv_penalty: 0.0, loss_qv_quant: 7.850468886072548e-11, loss_f0: 83.74889373779297, loss_uv: 408.29095458984375
(4415029248, 23710007296)
Train Epoch: 15 [24000/33236 (72%)], loss_enc: 0.3776136338710785, loss 5.880008220672607, loss_qv_penalty: 0.0, loss_qv_quant: 4.188371871549634e-11, loss_f0: 83.463623046875, loss_uv: 377.5301513671875
(4415029248, 23710007296)
Train Epoch: 15 [24500/33236 (74%)], loss_enc: 0.3702066242694855, loss 5.13588285446167, loss_qv_penalty: 0.0, loss_qv_quant: 4.628491687141967e-11, loss_f0: 81.87356567382812, loss_uv: 370.1247253417969
(4415029248, 23710007296)
Train Epoch: 15 [25000/33236 (75%)], loss_enc: 0.4247872829437256, loss 5.859837532043457, loss_qv_penalty: 0.0, loss_qv_quant: 3.36640090803364e-11, loss_f0: 84.64999389648438, loss_uv: 424.70263671875
(4415029248, 23710007296)
Train Epoch: 15 [25500/33236 (77%)], loss_enc: 0.39129555225372314, loss 6.947830677032471, loss_qv_penalty: 0.0, loss_qv_quant: 4.3633190810465905e-11, loss_f0: 83.74488067626953, loss_uv: 391.2117919921875
(4415029248, 23710007296)
Train Epoch: 15 [26000/33236 (78%)], loss_enc: 0.3186648488044739, loss 5.977654457092285, loss_qv_penalty: 0.0, loss_qv_quant: 5.915195416816843e-11, loss_f0: 81.12247467041016, loss_uv: 318.5837097167969
(4415029248, 23710007296)
Train Epoch: 15 [26500/33236 (80%)], loss_enc: 0.4112134575843811, loss 6.029723644256592, loss_qv_penalty: 0.0, loss_qv_quant: 1.6678297631855798e-10, loss_f0: 81.21475219726562, loss_uv: 411.13226318359375
(4415029248, 23710007296)
Train Epoch: 15 [27000/33236 (81%)], loss_enc: 0.41212260723114014, loss 6.505643844604492, loss_qv_penalty: 0.0, loss_qv_quant: 7.449426492334155e-11, loss_f0: 80.97286224365234, loss_uv: 412.0416259765625
(4415029248, 23710007296)
Train Epoch: 15 [27500/33236 (83%)], loss_enc: 0.3144952058792114, loss 6.8235979080200195, loss_qv_penalty: 0.0, loss_qv_quant: 4.4024603407244456e-11, loss_f0: 82.09197998046875, loss_uv: 314.4131164550781
(4415029248, 23710007296)
Train Epoch: 15 [28000/33236 (84%)], loss_enc: 0.4171425700187683, loss 5.979235649108887, loss_qv_penalty: 0.0, loss_qv_quant: 5.233786667946383e-11, loss_f0: 80.03402709960938, loss_uv: 417.0625
(4415029248, 23710007296)
Train Epoch: 15 [28500/33236 (86%)], loss_enc: 0.39311739802360535, loss 5.497886657714844, loss_qv_penalty: 0.0, loss_qv_quant: 1.2135736859875124e-10, loss_f0: 83.85539245605469, loss_uv: 393.0335388183594
(4415029248, 23710007296)
Train Epoch: 15 [29000/33236 (87%)], loss_enc: 0.32916104793548584, loss 6.731711387634277, loss_qv_penalty: 0.0, loss_qv_quant: 4.747217202671905e-11, loss_f0: 83.18911743164062, loss_uv: 329.07781982421875
(4415029248, 23710007296)
Train Epoch: 15 [29500/33236 (89%)], loss_enc: 0.43409332633018494, loss 6.632291793823242, loss_qv_penalty: 0.0, loss_qv_quant: 4.268970940635164e-11, loss_f0: 79.63656616210938, loss_uv: 434.013671875
(4415029248, 23710007296)
Train Epoch: 15 [30000/33236 (90%)], loss_enc: 0.3705357611179352, loss 5.32573938369751, loss_qv_penalty: 0.0, loss_qv_quant: 5.4980169722496086e-11, loss_f0: 83.11174774169922, loss_uv: 370.45263671875
(4415029248, 23710007296)
Train Epoch: 15 [30500/33236 (92%)], loss_enc: 0.37165358662605286, loss 6.346762657165527, loss_qv_penalty: 0.0, loss_qv_quant: 9.015661134315067e-11, loss_f0: 83.42523193359375, loss_uv: 371.57012939453125
(4415029248, 23710007296)
Train Epoch: 15 [31000/33236 (93%)], loss_enc: 0.3506653904914856, loss 6.758222579956055, loss_qv_penalty: 0.0, loss_qv_quant: 5.44224734722043e-11, loss_f0: 82.48454284667969, loss_uv: 350.5828857421875
(4415029248, 23710007296)
Train Epoch: 15 [31500/33236 (95%)], loss_enc: 0.3566783666610718, loss 6.526534080505371, loss_qv_penalty: 0.0, loss_qv_quant: 1.0643837894397379e-10, loss_f0: 85.53079223632812, loss_uv: 356.5928039550781
(4415029248, 23710007296)
Train Epoch: 15 [32000/33236 (96%)], loss_enc: 0.408203125, loss 6.708053112030029, loss_qv_penalty: 0.0, loss_qv_quant: 2.9530777129194163e-11, loss_f0: 82.84228515625, loss_uv: 408.1202392578125
(4415029248, 23710007296)
Train Epoch: 15 [32500/33236 (98%)], loss_enc: 0.3629623055458069, loss 6.464195251464844, loss_qv_penalty: 0.0, loss_qv_quant: 3.698595943402161e-11, loss_f0: 84.88691711425781, loss_uv: 362.8774108886719
(4415029248, 23710007296)
Train Epoch: 15 [33000/33236 (99%)], loss_enc: 0.35683542490005493, loss 6.547718048095703, loss_qv_penalty: 0.0, loss_qv_quant: 6.904939814367239e-11, loss_f0: 85.04461669921875, loss_uv: 356.7503967285156
----------------------------------------Epoch: 16----------------------------------------
(4415029248, 23710007296)
Train Epoch: 16 [0/33236 (0%)], loss_enc: 0.3585568070411682, loss 7.353005409240723, loss_qv_penalty: 0.0, loss_qv_quant: 1.0892384216809603e-10, loss_f0: 83.53356170654297, loss_uv: 358.4732666015625
(4415029248, 23710007296)
Train Epoch: 16 [500/33236 (2%)], loss_enc: 0.4413759112358093, loss 6.660094261169434, loss_qv_penalty: 0.0, loss_qv_quant: 1.8336944462848948e-10, loss_f0: 82.55670166015625, loss_uv: 441.2933349609375
(4415029248, 23710007296)
Train Epoch: 16 [1000/33236 (3%)], loss_enc: 0.37869495153427124, loss 6.008391380310059, loss_qv_penalty: 0.0, loss_qv_quant: 5.591400675797331e-10, loss_f0: 82.1297607421875, loss_uv: 378.61279296875
(4415029248, 23710007296)
Train Epoch: 16 [1500/33236 (5%)], loss_enc: 0.37806618213653564, loss 5.820785999298096, loss_qv_penalty: 0.0, loss_qv_quant: 2.676668608980748e-10, loss_f0: 80.44405364990234, loss_uv: 377.9857177734375
(4415029248, 23710007296)
Train Epoch: 16 [2000/33236 (6%)], loss_enc: 0.37012621760368347, loss 6.546815872192383, loss_qv_penalty: 0.0, loss_qv_quant: 6.523347140241498e-11, loss_f0: 86.0758056640625, loss_uv: 370.0401611328125
(4415029248, 23710007296)
Train Epoch: 16 [2500/33236 (8%)], loss_enc: 0.4063454568386078, loss 6.045381546020508, loss_qv_penalty: 0.0, loss_qv_quant: 5.48382970977368e-11, loss_f0: 84.95138549804688, loss_uv: 406.2604675292969
(4415029248, 23710007296)
Train Epoch: 16 [3000/33236 (9%)], loss_enc: 0.38300883769989014, loss 5.637363910675049, loss_qv_penalty: 0.0, loss_qv_quant: 5.672302211268132e-11, loss_f0: 86.50469207763672, loss_uv: 382.9223327636719
(4415029248, 23710007296)
Train Epoch: 16 [3500/33236 (11%)], loss_enc: 0.4206013083457947, loss 6.702268123626709, loss_qv_penalty: 0.0, loss_qv_quant: 2.7464528914999953e-11, loss_f0: 88.78408813476562, loss_uv: 420.5124816894531
(4415029248, 23710007296)
Train Epoch: 16 [4000/33236 (12%)], loss_enc: 0.4075844883918762, loss 6.272304534912109, loss_qv_penalty: 0.0, loss_qv_quant: 1.2998856158130678e-10, loss_f0: 77.03775024414062, loss_uv: 407.5074462890625
(4415029248, 23710007296)
Train Epoch: 16 [4500/33236 (14%)], loss_enc: 0.42142170667648315, loss 5.52957820892334, loss_qv_penalty: 0.0, loss_qv_quant: 6.071012442765422e-11, loss_f0: 86.03327941894531, loss_uv: 421.33563232421875
(4415029248, 23710007296)
Train Epoch: 16 [5000/33236 (15%)], loss_enc: 0.42189469933509827, loss 6.8467864990234375, loss_qv_penalty: 0.0, loss_qv_quant: 4.794019001219674e-11, loss_f0: 82.44659423828125, loss_uv: 421.812255859375
(4415029248, 23710007296)
Train Epoch: 16 [5500/33236 (17%)], loss_enc: 0.35990437865257263, loss 6.282424449920654, loss_qv_penalty: 0.0, loss_qv_quant: 2.38151220965932e-10, loss_f0: 85.63754272460938, loss_uv: 359.8187255859375
(4415029248, 23710007296)
Train Epoch: 16 [6000/33236 (18%)], loss_enc: 0.45426690578460693, loss 7.500743865966797, loss_qv_penalty: 0.0, loss_qv_quant: 3.987490546086825e-11, loss_f0: 82.73077392578125, loss_uv: 454.18414306640625
(4415029248, 23710007296)
Train Epoch: 16 [6500/33236 (20%)], loss_enc: 0.45201393961906433, loss 6.463539123535156, loss_qv_penalty: 0.0, loss_qv_quant: 3.1479100576214947e-11, loss_f0: 86.37664794921875, loss_uv: 451.9275207519531
(4415029248, 23710007296)
Train Epoch: 16 [7000/33236 (21%)], loss_enc: 0.433454692363739, loss 7.154808044433594, loss_qv_penalty: 0.0, loss_qv_quant: 1.6596499174958979e-10, loss_f0: 82.39270782470703, loss_uv: 433.3722839355469
(4415029248, 23710007296)
Train Epoch: 16 [7500/33236 (23%)], loss_enc: 0.3761880397796631, loss 6.285083293914795, loss_qv_penalty: 0.0, loss_qv_quant: 3.130511475046838e-11, loss_f0: 85.26393127441406, loss_uv: 376.10272216796875
(4415029248, 23710007296)
Train Epoch: 16 [8000/33236 (24%)], loss_enc: 0.4119582176208496, loss 6.637761116027832, loss_qv_penalty: 0.0, loss_qv_quant: 1.7914597583157388e-10, loss_f0: 85.9167251586914, loss_uv: 411.8722839355469
(4415029248, 23710007296)
Train Epoch: 16 [8500/33236 (26%)], loss_enc: 0.39283841848373413, loss 6.950425148010254, loss_qv_penalty: 0.0, loss_qv_quant: 6.735201979468641e-11, loss_f0: 86.11046600341797, loss_uv: 392.7523193359375
(4415029248, 23710007296)
Train Epoch: 16 [9000/33236 (27%)], loss_enc: 0.41783297061920166, loss 5.936867713928223, loss_qv_penalty: 0.0, loss_qv_quant: 3.0093351421900394e-11, loss_f0: 88.67822265625, loss_uv: 417.7442626953125
(4415029248, 23710007296)
Train Epoch: 16 [9500/33236 (29%)], loss_enc: 0.37036097049713135, loss 6.984740734100342, loss_qv_penalty: 0.0, loss_qv_quant: 4.486195095965151e-11, loss_f0: 85.64173889160156, loss_uv: 370.2752990722656
(4415029248, 23710007296)
Train Epoch: 16 [10000/33236 (30%)], loss_enc: 0.42679882049560547, loss 6.612534999847412, loss_qv_penalty: 0.0, loss_qv_quant: 7.885850999977961e-11, loss_f0: 85.52598571777344, loss_uv: 426.7132568359375
(4415029248, 23710007296)
Train Epoch: 16 [10500/33236 (32%)], loss_enc: 0.3981955051422119, loss 6.815112590789795, loss_qv_penalty: 0.0, loss_qv_quant: 7.337060126122452e-11, loss_f0: 85.10648345947266, loss_uv: 398.1103515625
(4415029248, 23710007296)
Train Epoch: 16 [11000/33236 (33%)], loss_enc: 0.42737025022506714, loss 6.753902435302734, loss_qv_penalty: 0.0, loss_qv_quant: 7.16660480959419e-11, loss_f0: 86.9053726196289, loss_uv: 427.2832946777344
(4415029248, 23710007296)
Train Epoch: 16 [11500/33236 (35%)], loss_enc: 0.38103288412094116, loss 6.491623878479004, loss_qv_penalty: 0.0, loss_qv_quant: 3.666084102960099e-11, loss_f0: 85.43557739257812, loss_uv: 380.9473876953125
(4415029248, 23710007296)
Train Epoch: 16 [12000/33236 (36%)], loss_enc: 0.40186452865600586, loss 6.546453952789307, loss_qv_penalty: 0.0, loss_qv_quant: 2.389260456148179e-10, loss_f0: 84.3765640258789, loss_uv: 401.7801513671875
(4415029248, 23710007296)
Train Epoch: 16 [12500/33236 (38%)], loss_enc: 0.402019202709198, loss 7.772363185882568, loss_qv_penalty: 0.0, loss_qv_quant: 8.890405078787467e-11, loss_f0: 86.2257080078125, loss_uv: 401.9329833984375
(4415029248, 23710007296)
Train Epoch: 16 [13000/33236 (39%)], loss_enc: 0.4216044843196869, loss 5.74203634262085, loss_qv_penalty: 0.0, loss_qv_quant: 3.5482412147347375e-11, loss_f0: 85.58100128173828, loss_uv: 421.5189208984375
(4415029248, 23710007296)
Train Epoch: 16 [13500/33236 (41%)], loss_enc: 0.3595542907714844, loss 6.419212818145752, loss_qv_penalty: 0.0, loss_qv_quant: 1.5572099165694908e-10, loss_f0: 84.30825805664062, loss_uv: 359.4699401855469
(4415029248, 23710007296)
Train Epoch: 16 [14000/33236 (42%)], loss_enc: 0.3612716794013977, loss 7.371474742889404, loss_qv_penalty: 0.0, loss_qv_quant: 9.463790862085375e-11, loss_f0: 81.00042724609375, loss_uv: 361.190673828125
(4415029248, 23710007296)
Train Epoch: 16 [14500/33236 (44%)], loss_enc: 0.43337467312812805, loss 5.703073024749756, loss_qv_penalty: 0.0, loss_qv_quant: 6.986256712027128e-11, loss_f0: 86.04257202148438, loss_uv: 433.28857421875
(4415029248, 23710007296)
Train Epoch: 16 [15000/33236 (45%)], loss_enc: 0.41974738240242004, loss 6.0808258056640625, loss_qv_penalty: 0.0, loss_qv_quant: 5.7051093016458054e-11, loss_f0: 82.44552612304688, loss_uv: 419.6649169921875
(4415029248, 23710007296)
Train Epoch: 16 [15500/33236 (47%)], loss_enc: 0.4495541453361511, loss 6.573641300201416, loss_qv_penalty: 0.0, loss_qv_quant: 6.66600941112705e-11, loss_f0: 84.94203186035156, loss_uv: 449.46917724609375
(4415029248, 23710007296)
Train Epoch: 16 [16000/33236 (48%)], loss_enc: 0.4007662236690521, loss 5.903589248657227, loss_qv_penalty: 0.0, loss_qv_quant: 2.0711640735804338e-11, loss_f0: 88.50473022460938, loss_uv: 400.6777038574219
(4415029248, 23710007296)
Train Epoch: 16 [16500/33236 (50%)], loss_enc: 0.39087334275245667, loss 5.634690761566162, loss_qv_penalty: 0.0, loss_qv_quant: 7.126305101579078e-11, loss_f0: 81.22648620605469, loss_uv: 390.7921142578125
(4415029248, 23710007296)
Train Epoch: 16 [17000/33236 (51%)], loss_enc: 0.397835373878479, loss 6.833349227905273, loss_qv_penalty: 0.0, loss_qv_quant: 6.60456273005039e-11, loss_f0: 86.44379425048828, loss_uv: 397.7488708496094
(4415029248, 23710007296)
Train Epoch: 16 [17500/33236 (53%)], loss_enc: 0.3648611903190613, loss 6.4436469078063965, loss_qv_penalty: 0.0, loss_qv_quant: 1.8866821438479064e-09, loss_f0: 83.57142639160156, loss_uv: 364.7776184082031
(4415029248, 23710007296)
Train Epoch: 16 [18000/33236 (54%)], loss_enc: 0.39975684881210327, loss 5.340291976928711, loss_qv_penalty: 0.0, loss_qv_quant: 7.776258803549041e-11, loss_f0: 86.48165130615234, loss_uv: 399.67034912109375
(4415029248, 23710007296)
Train Epoch: 16 [18500/33236 (56%)], loss_enc: 0.3873332738876343, loss 6.6810526847839355, loss_qv_penalty: 0.0, loss_qv_quant: 5.782944956234104e-11, loss_f0: 86.01415252685547, loss_uv: 387.2472229003906
(4415029248, 23710007296)
Train Epoch: 16 [19000/33236 (57%)], loss_enc: 0.40449440479278564, loss 8.095261573791504, loss_qv_penalty: 0.0, loss_qv_quant: 8.356222658267853e-11, loss_f0: 84.81341552734375, loss_uv: 404.40960693359375
(4415029248, 23710007296)
Train Epoch: 16 [19500/33236 (59%)], loss_enc: 0.4139252305030823, loss 6.578111171722412, loss_qv_penalty: 0.0, loss_qv_quant: 1.072283303815702e-10, loss_f0: 88.23033142089844, loss_uv: 413.83697509765625
(4415029248, 23710007296)
Train Epoch: 16 [20000/33236 (60%)], loss_enc: 0.4059888422489166, loss 5.906830310821533, loss_qv_penalty: 0.0, loss_qv_quant: 2.6333785846377467e-11, loss_f0: 88.58753967285156, loss_uv: 405.90020751953125
(4415029248, 23710007296)
Train Epoch: 16 [20500/33236 (62%)], loss_enc: 0.43985965847969055, loss 6.782991886138916, loss_qv_penalty: 0.0, loss_qv_quant: 4.735774966624362e-11, loss_f0: 88.66642761230469, loss_uv: 439.77099609375
(4415029248, 23710007296)
Train Epoch: 16 [21000/33236 (63%)], loss_enc: 0.4383700489997864, loss 6.254504680633545, loss_qv_penalty: 0.0, loss_qv_quant: 1.0131911282185158e-10, loss_f0: 88.66243743896484, loss_uv: 438.2813720703125
(4415029248, 23710007296)
Train Epoch: 16 [21500/33236 (65%)], loss_enc: 0.3836888074874878, loss 6.375823497772217, loss_qv_penalty: 0.0, loss_qv_quant: 3.00064528779842e-10, loss_f0: 87.17855834960938, loss_uv: 383.6015625
(4415029248, 23710007296)
Train Epoch: 16 [22000/33236 (66%)], loss_enc: 0.3897306025028229, loss 5.569778919219971, loss_qv_penalty: 0.0, loss_qv_quant: 1.777211988684968e-10, loss_f0: 90.24313354492188, loss_uv: 389.6403503417969
(4415029248, 23710007296)
Train Epoch: 16 [22500/33236 (68%)], loss_enc: 0.42484909296035767, loss 5.510631561279297, loss_qv_penalty: 0.0, loss_qv_quant: 4.151306381983133e-11, loss_f0: 85.3185806274414, loss_uv: 424.76373291015625
(4415029248, 23710007296)
Train Epoch: 16 [23000/33236 (69%)], loss_enc: 0.3002455234527588, loss 6.876762390136719, loss_qv_penalty: 0.0, loss_qv_quant: 8.132052670140055e-11, loss_f0: 85.42658996582031, loss_uv: 300.16009521484375
(4415029248, 23710007296)
Train Epoch: 16 [23500/33236 (71%)], loss_enc: 0.38204291462898254, loss 6.735528469085693, loss_qv_penalty: 0.0, loss_qv_quant: 1.4351878574458965e-09, loss_f0: 87.06254577636719, loss_uv: 381.955810546875
(4415029248, 23710007296)
Train Epoch: 16 [24000/33236 (72%)], loss_enc: 0.3692767024040222, loss 6.075922966003418, loss_qv_penalty: 0.0, loss_qv_quant: 5.64140067993435e-10, loss_f0: 85.12959289550781, loss_uv: 369.1915588378906
(4415029248, 23710007296)
Train Epoch: 16 [24500/33236 (74%)], loss_enc: 0.3872721791267395, loss 6.759302616119385, loss_qv_penalty: 0.0, loss_qv_quant: 3.1923824694857217e-10, loss_f0: 86.67530059814453, loss_uv: 387.18548583984375
(4415029248, 23710007296)
Train Epoch: 16 [25000/33236 (75%)], loss_enc: 0.4592336416244507, loss 5.150034427642822, loss_qv_penalty: 0.0, loss_qv_quant: 1.627584456098674e-10, loss_f0: 88.9384994506836, loss_uv: 459.1446533203125
(4415029248, 23710007296)
Train Epoch: 16 [25500/33236 (77%)], loss_enc: 0.41262757778167725, loss 5.794449329376221, loss_qv_penalty: 0.0, loss_qv_quant: 3.2223290702404483e-10, loss_f0: 83.78315734863281, loss_uv: 412.5437927246094
(4415029248, 23710007296)
Train Epoch: 16 [26000/33236 (78%)], loss_enc: 0.4453697204589844, loss 6.609140396118164, loss_qv_penalty: 0.0, loss_qv_quant: 1.1155339846302681e-10, loss_f0: 89.90132141113281, loss_uv: 445.2798156738281
(4415029248, 23710007296)
Train Epoch: 16 [26500/33236 (80%)], loss_enc: 0.4808686375617981, loss 4.489239692687988, loss_qv_penalty: 0.0, loss_qv_quant: 7.055717815562801e-11, loss_f0: 89.05982208251953, loss_uv: 480.77960205078125
(4415029248, 23710007296)
Train Epoch: 16 [27000/33236 (81%)], loss_enc: 0.3934352397918701, loss 6.435193061828613, loss_qv_penalty: 0.0, loss_qv_quant: 3.968227413331249e-10, loss_f0: 86.39015197753906, loss_uv: 393.34881591796875
(4415029248, 23710007296)
Train Epoch: 16 [27500/33236 (83%)], loss_enc: 0.35312700271606445, loss 6.3986310958862305, loss_qv_penalty: 0.0, loss_qv_quant: 8.402645940153164e-11, loss_f0: 88.2913589477539, loss_uv: 353.0386962890625
(4415029248, 23710007296)
Train Epoch: 16 [28000/33236 (84%)], loss_enc: 0.44754278659820557, loss 6.632736682891846, loss_qv_penalty: 0.0, loss_qv_quant: 1.2396617066201543e-10, loss_f0: 83.54794311523438, loss_uv: 447.459228515625
(4415029248, 23710007296)
Train Epoch: 16 [28500/33236 (86%)], loss_enc: 0.3696240782737732, loss 5.988813877105713, loss_qv_penalty: 0.0, loss_qv_quant: 1.2527714976506843e-10, loss_f0: 87.55651092529297, loss_uv: 369.5365295410156
(4415029248, 23710007296)
Train Epoch: 16 [29000/33236 (87%)], loss_enc: 0.4440644383430481, loss 6.1099114418029785, loss_qv_penalty: 0.0, loss_qv_quant: 3.0469793355081265e-11, loss_f0: 87.508056640625, loss_uv: 443.9769287109375
(4415029248, 23710007296)
Train Epoch: 16 [29500/33236 (89%)], loss_enc: 0.4258684515953064, loss 6.423221588134766, loss_qv_penalty: 0.0, loss_qv_quant: 6.135329050360738e-11, loss_f0: 84.90121459960938, loss_uv: 425.7835693359375
(4415029248, 23710007296)
Train Epoch: 16 [30000/33236 (90%)], loss_enc: 0.45436328649520874, loss 6.10227632522583, loss_qv_penalty: 0.0, loss_qv_quant: 5.273572203923216e-11, loss_f0: 89.354248046875, loss_uv: 454.27386474609375
(4415029248, 23710007296)
Train Epoch: 16 [30500/33236 (92%)], loss_enc: 0.46649760007858276, loss 5.485030651092529, loss_qv_penalty: 0.0, loss_qv_quant: 4.431366384949342e-11, loss_f0: 88.9033203125, loss_uv: 466.40863037109375
(4415029248, 23710007296)
Train Epoch: 16 [31000/33236 (93%)], loss_enc: 0.44115573167800903, loss 6.510026454925537, loss_qv_penalty: 0.0, loss_qv_quant: 7.868407314592929e-11, loss_f0: 87.84413146972656, loss_uv: 441.06787109375
(4415029248, 23710007296)
Train Epoch: 16 [31500/33236 (95%)], loss_enc: 0.37469422817230225, loss 7.151754379272461, loss_qv_penalty: 0.0, loss_qv_quant: 4.480488896563273e-11, loss_f0: 86.4834213256836, loss_uv: 374.60772705078125
(4415029248, 23710007296)
Train Epoch: 16 [32000/33236 (96%)], loss_enc: 0.4635562300682068, loss 6.590383052825928, loss_qv_penalty: 0.0, loss_qv_quant: 6.420465548107046e-11, loss_f0: 88.23721313476562, loss_uv: 463.46795654296875
(4415029248, 23710007296)
Train Epoch: 16 [32500/33236 (98%)], loss_enc: 0.4377526342868805, loss 5.684844493865967, loss_qv_penalty: 0.0, loss_qv_quant: 6.878292380108064e-11, loss_f0: 87.78681945800781, loss_uv: 437.664794921875
(4415029248, 23710007296)
Train Epoch: 16 [33000/33236 (99%)], loss_enc: 0.4349285364151001, loss 6.102228164672852, loss_qv_penalty: 0.0, loss_qv_quant: 6.142486519422619e-11, loss_f0: 88.2612075805664, loss_uv: 434.84027099609375
----------------------------------------Epoch: 17----------------------------------------
(4415029248, 23710007296)
Train Epoch: 17 [0/33236 (0%)], loss_enc: 0.4646756649017334, loss 5.963856220245361, loss_qv_penalty: 0.0, loss_qv_quant: 4.046004850599694e-11, loss_f0: 87.62721252441406, loss_uv: 464.5880126953125
(4415029248, 23710007296)
Train Epoch: 17 [500/33236 (2%)], loss_enc: 0.4478963613510132, loss 6.99247407913208, loss_qv_penalty: 0.0, loss_qv_quant: 8.180968402715649e-11, loss_f0: 90.28433227539062, loss_uv: 447.80609130859375
(4415029248, 23710007296)
Train Epoch: 17 [1000/33236 (3%)], loss_enc: 0.41804713010787964, loss 6.190182209014893, loss_qv_penalty: 0.0, loss_qv_quant: 5.364239608063315e-11, loss_f0: 87.15496063232422, loss_uv: 417.9599609375
(4415029248, 23710007296)
Train Epoch: 17 [1500/33236 (5%)], loss_enc: 0.43487948179244995, loss 6.157976150512695, loss_qv_penalty: 0.0, loss_qv_quant: 1.401100624409679e-10, loss_f0: 89.32010650634766, loss_uv: 434.79010009765625
(4415029248, 23710007296)
Train Epoch: 17 [2000/33236 (6%)], loss_enc: 0.4547809660434723, loss 6.89616060256958, loss_qv_penalty: 0.0, loss_qv_quant: 3.2624420526206066e-11, loss_f0: 89.86177825927734, loss_uv: 454.6910705566406
(4415029248, 23710007296)
Train Epoch: 17 [2500/33236 (8%)], loss_enc: 0.3608357906341553, loss 6.691503524780273, loss_qv_penalty: 0.0, loss_qv_quant: 3.735575390684254e-11, loss_f0: 90.8577880859375, loss_uv: 360.7449035644531
(4415029248, 23710007296)
Train Epoch: 17 [3000/33236 (9%)], loss_enc: 0.4353443384170532, loss 6.944249153137207, loss_qv_penalty: 0.0, loss_qv_quant: 5.000460462367684e-11, loss_f0: 86.74978637695312, loss_uv: 435.2575988769531
(4415029248, 23710007296)
Train Epoch: 17 [3500/33236 (11%)], loss_enc: 0.41724640130996704, loss 6.346086025238037, loss_qv_penalty: 0.0, loss_qv_quant: 5.883853126942284e-11, loss_f0: 88.47845458984375, loss_uv: 417.15789794921875
(4415029248, 23710007296)
Train Epoch: 17 [4000/33236 (12%)], loss_enc: 0.3758816421031952, loss 6.134801387786865, loss_qv_penalty: 0.0, loss_qv_quant: 4.821226196050077e-10, loss_f0: 86.5140380859375, loss_uv: 375.79510498046875
(4415029248, 23710007296)
Train Epoch: 17 [4500/33236 (14%)], loss_enc: 0.3602391183376312, loss 6.491732597351074, loss_qv_penalty: 0.0, loss_qv_quant: 1.0130164068700154e-10, loss_f0: 88.34390258789062, loss_uv: 360.1507568359375
(4415029248, 23710007296)
Train Epoch: 17 [5000/33236 (15%)], loss_enc: 0.4517849087715149, loss 6.782187461853027, loss_qv_penalty: 0.0, loss_qv_quant: 7.127172463317066e-11, loss_f0: 89.82099914550781, loss_uv: 451.695068359375
(4415029248, 23710007296)
Train Epoch: 17 [5500/33236 (17%)], loss_enc: 0.4254915416240692, loss 6.699498653411865, loss_qv_penalty: 0.0, loss_qv_quant: 1.4791505520417303e-10, loss_f0: 91.3604736328125, loss_uv: 425.400146484375
(4415029248, 23710007296)
Train Epoch: 17 [6000/33236 (18%)], loss_enc: 0.3980722725391388, loss 6.733827590942383, loss_qv_penalty: 0.0, loss_qv_quant: 4.4024832390743285e-11, loss_f0: 90.8077392578125, loss_uv: 397.9814453125
(4415029248, 23710007296)
Train Epoch: 17 [6500/33236 (20%)], loss_enc: 0.37492823600769043, loss 6.687791347503662, loss_qv_penalty: 0.0, loss_qv_quant: 6.404633767775891e-11, loss_f0: 93.41716766357422, loss_uv: 374.8348388671875
(4415029248, 23710007296)
Train Epoch: 17 [7000/33236 (21%)], loss_enc: 0.4359918236732483, loss 6.950106143951416, loss_qv_penalty: 0.0, loss_qv_quant: 8.111160354484781e-11, loss_f0: 86.9461669921875, loss_uv: 435.90484619140625
(4415029248, 23710007296)
Train Epoch: 17 [7500/33236 (23%)], loss_enc: 0.40765121579170227, loss 7.156764507293701, loss_qv_penalty: 0.0, loss_qv_quant: 7.321882683486436e-11, loss_f0: 85.84782409667969, loss_uv: 407.5653381347656
(4415029248, 23710007296)
Train Epoch: 17 [8000/33236 (24%)], loss_enc: 0.4320182204246521, loss 6.788625240325928, loss_qv_penalty: 0.0, loss_qv_quant: 3.6364099231800395e-11, loss_f0: 91.55271911621094, loss_uv: 431.92669677734375
(4415029248, 23710007296)
Train Epoch: 17 [8500/33236 (26%)], loss_enc: 0.43966829776763916, loss 6.122982501983643, loss_qv_penalty: 0.0, loss_qv_quant: 1.568329216494746e-10, loss_f0: 89.44613647460938, loss_uv: 439.5788269042969
(4415029248, 23710007296)
Train Epoch: 17 [9000/33236 (27%)], loss_enc: 0.4384268522262573, loss 6.056267261505127, loss_qv_penalty: 0.0, loss_qv_quant: 8.477610280444026e-11, loss_f0: 87.24752044677734, loss_uv: 438.339599609375
(4415029248, 23710007296)
Train Epoch: 17 [9500/33236 (29%)], loss_enc: 0.442404568195343, loss 6.726623058319092, loss_qv_penalty: 0.0, loss_qv_quant: 1.0052557397610684e-10, loss_f0: 86.48478698730469, loss_uv: 442.31805419921875
(4415029248, 23710007296)
Train Epoch: 17 [10000/33236 (30%)], loss_enc: 0.4025244414806366, loss 6.56893253326416, loss_qv_penalty: 0.0, loss_qv_quant: 2.7781506262147815e-11, loss_f0: 89.09130859375, loss_uv: 402.4353332519531
(4415029248, 23710007296)
Train Epoch: 17 [10500/33236 (32%)], loss_enc: 0.382781982421875, loss 6.5708208084106445, loss_qv_penalty: 0.0, loss_qv_quant: 4.2796911847720054e-11, loss_f0: 89.80814361572266, loss_uv: 382.6921691894531
(4415029248, 23710007296)
Train Epoch: 17 [11000/33236 (33%)], loss_enc: 0.4237386882305145, loss 6.3570237159729, loss_qv_penalty: 0.0, loss_qv_quant: 3.312441987368686e-11, loss_f0: 89.55357360839844, loss_uv: 423.64910888671875
(4415029248, 23710007296)
Train Epoch: 17 [11500/33236 (35%)], loss_enc: 0.42900022864341736, loss 6.149558067321777, loss_qv_penalty: 0.0, loss_qv_quant: 9.282924429143691e-11, loss_f0: 89.53984832763672, loss_uv: 428.91064453125
(4415029248, 23710007296)
Train Epoch: 17 [12000/33236 (36%)], loss_enc: 0.4112809896469116, loss 6.5736083984375, loss_qv_penalty: 0.0, loss_qv_quant: 3.6027937966309764e-08, loss_f0: 88.61392211914062, loss_uv: 411.1922912597656
(4415029248, 23710007296)
Train Epoch: 17 [12500/33236 (38%)], loss_enc: 0.47464168071746826, loss 5.511511325836182, loss_qv_penalty: 0.0, loss_qv_quant: 8.415126928618122e-10, loss_f0: 92.49835968017578, loss_uv: 474.54913330078125
(4415029248, 23710007296)
Train Epoch: 17 [13000/33236 (39%)], loss_enc: 0.46758610010147095, loss 7.056176662445068, loss_qv_penalty: 0.0, loss_qv_quant: 4.5675616067164526e-10, loss_f0: 86.69450378417969, loss_uv: 467.4993896484375
(4415029248, 23710007296)
Train Epoch: 17 [13500/33236 (41%)], loss_enc: 0.4470709562301636, loss 5.449822902679443, loss_qv_penalty: 0.0, loss_qv_quant: 3.14462123007786e-10, loss_f0: 91.793701171875, loss_uv: 446.9791259765625
(4415029248, 23710007296)
Train Epoch: 17 [14000/33236 (42%)], loss_enc: 0.4629010558128357, loss 7.263774871826172, loss_qv_penalty: 0.0, loss_qv_quant: 2.5521679214435267e-10, loss_f0: 88.74435424804688, loss_uv: 462.812255859375
(4415029248, 23710007296)
Train Epoch: 17 [14500/33236 (44%)], loss_enc: 0.44071438908576965, loss 6.337375640869141, loss_qv_penalty: 0.0, loss_qv_quant: 2.543648069952553e-10, loss_f0: 92.33486938476562, loss_uv: 440.62200927734375
(4415029248, 23710007296)
Train Epoch: 17 [15000/33236 (45%)], loss_enc: 0.4501558244228363, loss 6.348540782928467, loss_qv_penalty: 0.0, loss_qv_quant: 6.988739448265946e-11, loss_f0: 90.21798706054688, loss_uv: 450.0655822753906
(4415029248, 23710007296)
Train Epoch: 17 [15500/33236 (47%)], loss_enc: 0.4571443200111389, loss 7.358565807342529, loss_qv_penalty: 0.0, loss_qv_quant: 6.008468028673164e-11, loss_f0: 86.90702819824219, loss_uv: 457.0574035644531
(4415029248, 23710007296)
Train Epoch: 17 [16000/33236 (48%)], loss_enc: 0.44120311737060547, loss 6.15693473815918, loss_qv_penalty: 0.0, loss_qv_quant: 5.21917439821884e-11, loss_f0: 94.91407775878906, loss_uv: 441.10821533203125
(4415029248, 23710007296)
Train Epoch: 17 [16500/33236 (50%)], loss_enc: 0.42284536361694336, loss 5.75462007522583, loss_qv_penalty: 0.0, loss_qv_quant: 8.63050603205906e-11, loss_f0: 91.9658203125, loss_uv: 422.75341796875
(4415029248, 23710007296)
Train Epoch: 17 [17000/33236 (51%)], loss_enc: 0.42241793870925903, loss 6.47391414642334, loss_qv_penalty: 0.0, loss_qv_quant: 4.855481641752313e-11, loss_f0: 91.21015930175781, loss_uv: 422.32672119140625
(4415029248, 23710007296)
Train Epoch: 17 [17500/33236 (53%)], loss_enc: 0.4413398802280426, loss 6.440929889678955, loss_qv_penalty: 0.0, loss_qv_quant: 3.996242226023128e-11, loss_f0: 90.09612274169922, loss_uv: 441.2497253417969
(4415029248, 23710007296)
Train Epoch: 17 [18000/33236 (54%)], loss_enc: 0.3782117962837219, loss 6.967431545257568, loss_qv_penalty: 0.0, loss_qv_quant: 3.8881613206864785e-11, loss_f0: 90.04600524902344, loss_uv: 378.1217346191406
(4415029248, 23710007296)
Train Epoch: 17 [18500/33236 (56%)], loss_enc: 0.4396052360534668, loss 5.9810285568237305, loss_qv_penalty: 0.0, loss_qv_quant: 3.366848813635137e-11, loss_f0: 91.81919860839844, loss_uv: 439.5133972167969
(4415029248, 23710007296)
Train Epoch: 17 [19000/33236 (57%)], loss_enc: 0.4084670841693878, loss 5.017903804779053, loss_qv_penalty: 0.0, loss_qv_quant: 8.684972185868389e-11, loss_f0: 91.9643783569336, loss_uv: 408.3750915527344
(4415029248, 23710007296)
Train Epoch: 17 [19500/33236 (59%)], loss_enc: 0.4285524785518646, loss 7.291441917419434, loss_qv_penalty: 0.0, loss_qv_quant: 6.595801682607316e-11, loss_f0: 93.94110870361328, loss_uv: 428.45849609375
(4415029248, 23710007296)
Train Epoch: 17 [20000/33236 (60%)], loss_enc: 0.4864429235458374, loss 6.542807102203369, loss_qv_penalty: 0.0, loss_qv_quant: 6.128492158197218e-11, loss_f0: 89.0973129272461, loss_uv: 486.3537902832031
(4415029248, 23710007296)
Train Epoch: 17 [20500/33236 (62%)], loss_enc: 0.4545024633407593, loss 5.049482345581055, loss_qv_penalty: 0.0, loss_qv_quant: 3.2573929664714285e-11, loss_f0: 91.59239959716797, loss_uv: 454.4108581542969
(4415029248, 23710007296)
Train Epoch: 17 [21000/33236 (63%)], loss_enc: 0.4246412515640259, loss 5.700544834136963, loss_qv_penalty: 0.0, loss_qv_quant: 2.8711501925959837e-11, loss_f0: 91.58676147460938, loss_uv: 424.5496520996094
(4415029248, 23710007296)
Train Epoch: 17 [21500/33236 (65%)], loss_enc: 0.45996570587158203, loss 5.855302810668945, loss_qv_penalty: 0.0, loss_qv_quant: 8.279891355877922e-11, loss_f0: 90.34861755371094, loss_uv: 459.8753662109375
(4415029248, 23710007296)
Train Epoch: 17 [22000/33236 (66%)], loss_enc: 0.42914101481437683, loss 5.810877323150635, loss_qv_penalty: 0.0, loss_qv_quant: 4.156106361841161e-11, loss_f0: 97.14407348632812, loss_uv: 429.0438537597656
(4415029248, 23710007296)
Train Epoch: 17 [22500/33236 (68%)], loss_enc: 0.46179425716400146, loss 7.008028507232666, loss_qv_penalty: 0.0, loss_qv_quant: 3.733627296220732e-11, loss_f0: 93.13671875, loss_uv: 461.70111083984375
(4415029248, 23710007296)
Train Epoch: 17 [23000/33236 (69%)], loss_enc: 0.39142313599586487, loss 7.230380535125732, loss_qv_penalty: 0.0, loss_qv_quant: 1.853608377899718e-10, loss_f0: 91.99505615234375, loss_uv: 391.3311462402344
(4415029248, 23710007296)
Train Epoch: 17 [23500/33236 (71%)], loss_enc: 0.4146827757358551, loss 7.0954766273498535, loss_qv_penalty: 0.0, loss_qv_quant: 3.0116353855191846e-10, loss_f0: 90.02777099609375, loss_uv: 414.5927429199219
(4415029248, 23710007296)
Train Epoch: 17 [24000/33236 (72%)], loss_enc: 0.41374409198760986, loss 7.854923725128174, loss_qv_penalty: 0.0, loss_qv_quant: 1.5079101856052546e-10, loss_f0: 89.69725799560547, loss_uv: 413.6543273925781
(4415029248, 23710007296)
Train Epoch: 17 [24500/33236 (74%)], loss_enc: 0.48489701747894287, loss 6.142191410064697, loss_qv_penalty: 0.0, loss_qv_quant: 3.1833424785077113e-11, loss_f0: 93.49917602539062, loss_uv: 484.803466796875
(4415029248, 23710007296)
Train Epoch: 17 [25000/33236 (75%)], loss_enc: 0.43655288219451904, loss 5.01373291015625, loss_qv_penalty: 0.0, loss_qv_quant: 2.9447663751902553e-10, loss_f0: 91.58399200439453, loss_uv: 436.4613037109375
(4415029248, 23710007296)
Train Epoch: 17 [25500/33236 (77%)], loss_enc: 0.459651380777359, loss 6.858983516693115, loss_qv_penalty: 0.0, loss_qv_quant: 4.7236783928816806e-11, loss_f0: 89.14408111572266, loss_uv: 459.56219482421875
(4415029248, 23710007296)
Train Epoch: 17 [26000/33236 (78%)], loss_enc: 0.45339906215667725, loss 6.372889518737793, loss_qv_penalty: 0.0, loss_qv_quant: 6.064332369604131e-11, loss_f0: 94.689697265625, loss_uv: 453.30438232421875
(4415029248, 23710007296)
Train Epoch: 17 [26500/33236 (80%)], loss_enc: 0.4760563373565674, loss 6.549010276794434, loss_qv_penalty: 0.0, loss_qv_quant: 3.856403738011771e-11, loss_f0: 91.21998596191406, loss_uv: 475.9651184082031
(4415029248, 23710007296)
Train Epoch: 17 [27000/33236 (81%)], loss_enc: 0.4593362808227539, loss 5.898506164550781, loss_qv_penalty: 0.0, loss_qv_quant: 1.172742791766268e-09, loss_f0: 93.4681396484375, loss_uv: 459.2427978515625
(4415029248, 23710007296)
Train Epoch: 17 [27500/33236 (83%)], loss_enc: 0.48965293169021606, loss 7.385303497314453, loss_qv_penalty: 0.0, loss_qv_quant: 5.009430648073021e-10, loss_f0: 94.79031372070312, loss_uv: 489.55810546875
(4415029248, 23710007296)
Train Epoch: 17 [28000/33236 (84%)], loss_enc: 0.4149065613746643, loss 6.5237860679626465, loss_qv_penalty: 0.0, loss_qv_quant: 4.5579251484184624e-10, loss_f0: 95.92871856689453, loss_uv: 414.81060791015625
(4415029248, 23710007296)
Train Epoch: 17 [28500/33236 (86%)], loss_enc: 0.4817841053009033, loss 5.201076984405518, loss_qv_penalty: 0.0, loss_qv_quant: 9.51972611851204e-10, loss_f0: 94.1402359008789, loss_uv: 481.68994140625
(4415029248, 23710007296)
Train Epoch: 17 [29000/33236 (87%)], loss_enc: 0.3605002760887146, loss 6.255989074707031, loss_qv_penalty: 0.0, loss_qv_quant: 3.1719804560736975e-10, loss_f0: 91.46049499511719, loss_uv: 360.4087829589844
(4415029248, 23710007296)
Train Epoch: 17 [29500/33236 (89%)], loss_enc: 0.49561983346939087, loss 5.398362159729004, loss_qv_penalty: 0.0, loss_qv_quant: 1.480226219374714e-10, loss_f0: 94.45332336425781, loss_uv: 495.52532958984375
(4415029248, 23710007296)
Train Epoch: 17 [30000/33236 (90%)], loss_enc: 0.36036550998687744, loss 6.183374881744385, loss_qv_penalty: 0.0, loss_qv_quant: 1.6216249176803643e-10, loss_f0: 89.9228744506836, loss_uv: 360.2755432128906
(4415029248, 23710007296)
Train Epoch: 17 [30500/33236 (92%)], loss_enc: 0.45167872309684753, loss 5.275054931640625, loss_qv_penalty: 0.0, loss_qv_quant: 1.353598483300189e-10, loss_f0: 89.62874603271484, loss_uv: 451.589111328125
(4415029248, 23710007296)
Train Epoch: 17 [31000/33236 (93%)], loss_enc: 0.436647891998291, loss 5.145528316497803, loss_qv_penalty: 0.0, loss_qv_quant: 6.846094524615154e-11, loss_f0: 91.87953186035156, loss_uv: 436.5559997558594
(4415029248, 23710007296)
Train Epoch: 17 [31500/33236 (95%)], loss_enc: 0.4767147898674011, loss 5.281881332397461, loss_qv_penalty: 0.0, loss_qv_quant: 5.072542386130863e-11, loss_f0: 90.80587768554688, loss_uv: 476.62396240234375
(4415029248, 23710007296)
Train Epoch: 17 [32000/33236 (96%)], loss_enc: 0.4186066687107086, loss 5.675601482391357, loss_qv_penalty: 0.0, loss_qv_quant: 4.3417058143147e-11, loss_f0: 91.27369689941406, loss_uv: 418.5153503417969
(4415029248, 23710007296)
Train Epoch: 17 [32500/33236 (98%)], loss_enc: 0.4235876798629761, loss 5.980210781097412, loss_qv_penalty: 0.0, loss_qv_quant: 8.350874852736112e-11, loss_f0: 93.30005645751953, loss_uv: 423.4943542480469
(4415029248, 23710007296)
Train Epoch: 17 [33000/33236 (99%)], loss_enc: 0.45393994450569153, loss 6.379175186157227, loss_qv_penalty: 0.0, loss_qv_quant: 5.290665822110796e-11, loss_f0: 88.41104125976562, loss_uv: 453.85150146484375
----------------------------------------Epoch: 18----------------------------------------
(4415029248, 23710007296)
Train Epoch: 18 [0/33236 (0%)], loss_enc: 0.4977337121963501, loss 6.084100723266602, loss_qv_penalty: 0.0, loss_qv_quant: 3.3773362578815025e-11, loss_f0: 94.61886596679688, loss_uv: 497.6390380859375
(4415029248, 23710007296)
Train Epoch: 18 [500/33236 (2%)], loss_enc: 0.4841736853122711, loss 6.993030071258545, loss_qv_penalty: 0.0, loss_qv_quant: 6.670496793814706e-11, loss_f0: 91.36528015136719, loss_uv: 484.08233642578125
(4415029248, 23710007296)
Train Epoch: 18 [1000/33236 (3%)], loss_enc: 0.4535074830055237, loss 6.933746337890625, loss_qv_penalty: 0.0, loss_qv_quant: 5.571664657422204e-11, loss_f0: 95.57688903808594, loss_uv: 453.41192626953125
(4415029248, 23710007296)
Train Epoch: 18 [1500/33236 (5%)], loss_enc: 0.4638533592224121, loss 6.336262226104736, loss_qv_penalty: 0.0, loss_qv_quant: 6.228989546386288e-11, loss_f0: 94.50492858886719, loss_uv: 463.75885009765625
(4415029248, 23710007296)
Train Epoch: 18 [2000/33236 (6%)], loss_enc: 0.45099741220474243, loss 5.956028938293457, loss_qv_penalty: 0.0, loss_qv_quant: 2.9324190298218866e-10, loss_f0: 92.08203887939453, loss_uv: 450.90533447265625
(4415029248, 23710007296)
Train Epoch: 18 [2500/33236 (8%)], loss_enc: 0.4912711977958679, loss 6.367977619171143, loss_qv_penalty: 0.0, loss_qv_quant: 1.100882648930046e-10, loss_f0: 96.61994934082031, loss_uv: 491.174560546875
(4415029248, 23710007296)
Train Epoch: 18 [3000/33236 (9%)], loss_enc: 0.415657639503479, loss 6.783203601837158, loss_qv_penalty: 0.0, loss_qv_quant: 2.43545406064527e-10, loss_f0: 94.79039001464844, loss_uv: 415.5628662109375
(4415029248, 23710007296)
Train Epoch: 18 [3500/33236 (11%)], loss_enc: 0.4241952896118164, loss 6.67686128616333, loss_qv_penalty: 0.0, loss_qv_quant: 1.289239548452059e-10, loss_f0: 90.21051788330078, loss_uv: 424.1050109863281
(4415029248, 23710007296)
Train Epoch: 18 [4000/33236 (12%)], loss_enc: 0.4189240336418152, loss 5.365643501281738, loss_qv_penalty: 0.0, loss_qv_quant: 6.77444628172097e-11, loss_f0: 95.31253814697266, loss_uv: 418.8287353515625
(4415029248, 23710007296)
Train Epoch: 18 [4500/33236 (14%)], loss_enc: 0.4493221044540405, loss 7.7106757164001465, loss_qv_penalty: 0.0, loss_qv_quant: 8.478588664484477e-11, loss_f0: 97.37823486328125, loss_uv: 449.2247314453125
(4415029248, 23710007296)
Train Epoch: 18 [5000/33236 (15%)], loss_enc: 0.4083924889564514, loss 6.535278797149658, loss_qv_penalty: 0.0, loss_qv_quant: 1.054733661520757e-10, loss_f0: 90.9219970703125, loss_uv: 408.30157470703125
(4415029248, 23710007296)
Train Epoch: 18 [5500/33236 (17%)], loss_enc: 0.4481636881828308, loss 5.620179653167725, loss_qv_penalty: 0.0, loss_qv_quant: 3.505744305964953e-10, loss_f0: 95.59941864013672, loss_uv: 448.06805419921875
(4415029248, 23710007296)
Train Epoch: 18 [6000/33236 (18%)], loss_enc: 0.4665405750274658, loss 6.298450469970703, loss_qv_penalty: 0.0, loss_qv_quant: 9.163932390698903e-10, loss_f0: 90.23295593261719, loss_uv: 466.4502868652344
(4415029248, 23710007296)
Train Epoch: 18 [6500/33236 (20%)], loss_enc: 0.43025290966033936, loss 5.511794090270996, loss_qv_penalty: 0.0, loss_qv_quant: 5.859242258043906e-11, loss_f0: 95.30830383300781, loss_uv: 430.1575927734375
(4415029248, 23710007296)
Train Epoch: 18 [7000/33236 (21%)], loss_enc: 0.40463125705718994, loss 6.39792537689209, loss_qv_penalty: 0.0, loss_qv_quant: 6.157571674769713e-11, loss_f0: 95.24479675292969, loss_uv: 404.5360107421875
(4415029248, 23710007296)
Train Epoch: 18 [7500/33236 (23%)], loss_enc: 0.41493546962738037, loss 6.043521404266357, loss_qv_penalty: 0.0, loss_qv_quant: 2.8395168161221562e-11, loss_f0: 99.97575378417969, loss_uv: 414.8354797363281
(4415029248, 23710007296)
Train Epoch: 18 [8000/33236 (24%)], loss_enc: 0.4580979347229004, loss 5.399374008178711, loss_qv_penalty: 0.0, loss_qv_quant: 1.4729976960392577e-10, loss_f0: 95.05465698242188, loss_uv: 458.00286865234375
(4415029248, 23710007296)
Train Epoch: 18 [8500/33236 (26%)], loss_enc: 0.4923095703125, loss 6.759063243865967, loss_qv_penalty: 0.0, loss_qv_quant: 2.0538276634951558e-10, loss_f0: 91.95626831054688, loss_uv: 492.21759033203125
(4415029248, 23710007296)
Train Epoch: 18 [9000/33236 (27%)], loss_enc: 0.4438644349575043, loss 5.593195915222168, loss_qv_penalty: 0.0, loss_qv_quant: 5.6662948638708244e-11, loss_f0: 92.75078582763672, loss_uv: 443.77166748046875
(4415029248, 23710007296)
Train Epoch: 18 [9500/33236 (29%)], loss_enc: 0.5175809860229492, loss 6.927854061126709, loss_qv_penalty: 0.0, loss_qv_quant: 2.0917378940055187e-11, loss_f0: 96.6544418334961, loss_uv: 517.484375
(4415029248, 23710007296)
Train Epoch: 18 [10000/33236 (30%)], loss_enc: 0.4134753346443176, loss 6.789252281188965, loss_qv_penalty: 0.0, loss_qv_quant: 4.2324074800426104e-11, loss_f0: 99.08251953125, loss_uv: 413.37628173828125
(4415029248, 23710007296)
Train Epoch: 18 [10500/33236 (32%)], loss_enc: 0.38466668128967285, loss 6.232173442840576, loss_qv_penalty: 0.0, loss_qv_quant: 4.7599601343817355e-11, loss_f0: 95.68095397949219, loss_uv: 384.57098388671875
(4415029248, 23710007296)
Train Epoch: 18 [11000/33236 (33%)], loss_enc: 0.4958740174770355, loss 5.879055500030518, loss_qv_penalty: 0.0, loss_qv_quant: 4.8051961715200875e-11, loss_f0: 95.58169555664062, loss_uv: 495.7784423828125
(4415029248, 23710007296)
Train Epoch: 18 [11500/33236 (35%)], loss_enc: 0.44159600138664246, loss 6.64789342880249, loss_qv_penalty: 0.0, loss_qv_quant: 6.377554734315893e-11, loss_f0: 93.6103515625, loss_uv: 441.5023193359375
(4415029248, 23710007296)
Train Epoch: 18 [12000/33236 (36%)], loss_enc: 0.4297600984573364, loss 5.935496807098389, loss_qv_penalty: 0.0, loss_qv_quant: 3.473085360972128e-11, loss_f0: 97.04447937011719, loss_uv: 429.66302490234375
(4415029248, 23710007296)
Train Epoch: 18 [12500/33236 (38%)], loss_enc: 0.4337348937988281, loss 6.383832931518555, loss_qv_penalty: 0.0, loss_qv_quant: 2.3763685463862316e-11, loss_f0: 98.65217590332031, loss_uv: 433.6361999511719
(4415029248, 23710007296)
Train Epoch: 18 [13000/33236 (39%)], loss_enc: 0.5069154500961304, loss 5.339608669281006, loss_qv_penalty: 0.0, loss_qv_quant: 2.411578228778133e-11, loss_f0: 92.58153533935547, loss_uv: 506.8228759765625
(4415029248, 23710007296)
Train Epoch: 18 [13500/33236 (41%)], loss_enc: 0.4066559970378876, loss 6.131490230560303, loss_qv_penalty: 0.0, loss_qv_quant: 4.9960341419463816e-11, loss_f0: 91.03309631347656, loss_uv: 406.56494140625
(4415029248, 23710007296)
Train Epoch: 18 [14000/33236 (42%)], loss_enc: 0.5182136297225952, loss 7.157503604888916, loss_qv_penalty: 0.0, loss_qv_quant: 4.163853636884873e-11, loss_f0: 98.15965270996094, loss_uv: 518.115478515625
(4415029248, 23710007296)
Train Epoch: 18 [14500/33236 (44%)], loss_enc: 0.4901154935359955, loss 5.855998992919922, loss_qv_penalty: 0.0, loss_qv_quant: 3.017913349778745e-11, loss_f0: 95.0730209350586, loss_uv: 490.0203857421875
(4415029248, 23710007296)
Train Epoch: 18 [15000/33236 (45%)], loss_enc: 0.4967140555381775, loss 6.963326930999756, loss_qv_penalty: 0.0, loss_qv_quant: 5.8134275171539684e-11, loss_f0: 95.95989990234375, loss_uv: 496.6180419921875
(4415029248, 23710007296)
Train Epoch: 18 [15500/33236 (47%)], loss_enc: 0.46466994285583496, loss 5.522128105163574, loss_qv_penalty: 0.0, loss_qv_quant: 1.326845994187309e-10, loss_f0: 92.41403198242188, loss_uv: 464.5775146484375
(4415029248, 23710007296)
Train Epoch: 18 [16000/33236 (48%)], loss_enc: 0.4555344581604004, loss 6.165414810180664, loss_qv_penalty: 0.0, loss_qv_quant: 1.285218459434745e-10, loss_f0: 93.43136596679688, loss_uv: 455.4410400390625
(4415029248, 23710007296)
Train Epoch: 18 [16500/33236 (50%)], loss_enc: 0.47647422552108765, loss 6.2355546951293945, loss_qv_penalty: 0.0, loss_qv_quant: 5.416928017254463e-11, loss_f0: 96.81419372558594, loss_uv: 476.37738037109375
(4415029248, 23710007296)
Train Epoch: 18 [17000/33236 (51%)], loss_enc: 0.40563133358955383, loss 6.640758991241455, loss_qv_penalty: 0.0, loss_qv_quant: 4.475363482581152e-11, loss_f0: 93.68930053710938, loss_uv: 405.53765869140625
(4415029248, 23710007296)
Train Epoch: 18 [17500/33236 (53%)], loss_enc: 0.4845218062400818, loss 6.206239700317383, loss_qv_penalty: 0.0, loss_qv_quant: 1.7766534771146425e-11, loss_f0: 100.71935272216797, loss_uv: 484.42108154296875
(4415029248, 23710007296)
Train Epoch: 18 [18000/33236 (54%)], loss_enc: 0.46223184466362, loss 6.171336650848389, loss_qv_penalty: 0.0, loss_qv_quant: 4.667393208035442e-11, loss_f0: 100.20691680908203, loss_uv: 462.131591796875
(4415029248, 23710007296)
Train Epoch: 18 [18500/33236 (56%)], loss_enc: 0.4325193762779236, loss 5.031711578369141, loss_qv_penalty: 0.0, loss_qv_quant: 7.434745180612268e-11, loss_f0: 94.69662475585938, loss_uv: 432.4246520996094
(4415029248, 23710007296)
Train Epoch: 18 [19000/33236 (57%)], loss_enc: 0.4242175817489624, loss 5.972518444061279, loss_qv_penalty: 0.0, loss_qv_quant: 1.1823513001996133e-10, loss_f0: 93.560791015625, loss_uv: 424.1240234375
(4415029248, 23710007296)
Train Epoch: 18 [19500/33236 (59%)], loss_enc: 0.4233960509300232, loss 4.937958240509033, loss_qv_penalty: 0.0, loss_qv_quant: 1.1029867991174669e-10, loss_f0: 96.06790161132812, loss_uv: 423.2999267578125
(4415029248, 23710007296)
Train Epoch: 18 [20000/33236 (60%)], loss_enc: 0.4041459560394287, loss 7.121694564819336, loss_qv_penalty: 0.0, loss_qv_quant: 4.510143647440401e-11, loss_f0: 95.39106750488281, loss_uv: 404.0505065917969
(4415029248, 23710007296)
Train Epoch: 18 [20500/33236 (62%)], loss_enc: 0.39985981583595276, loss 6.2863264083862305, loss_qv_penalty: 0.0, loss_qv_quant: 2.188703385197499e-11, loss_f0: 96.96707153320312, loss_uv: 399.76287841796875
(4415029248, 23710007296)
Train Epoch: 18 [21000/33236 (63%)], loss_enc: 0.4130672216415405, loss 6.891727447509766, loss_qv_penalty: 0.0, loss_qv_quant: 5.486531021170471e-11, loss_f0: 100.86869812011719, loss_uv: 412.96636962890625
(4415029248, 23710007296)
Train Epoch: 18 [21500/33236 (65%)], loss_enc: 0.46468573808670044, loss 5.077544689178467, loss_qv_penalty: 0.0, loss_qv_quant: 3.6888522791933553e-10, loss_f0: 95.39141845703125, loss_uv: 464.59033203125
(4415029248, 23710007296)
Train Epoch: 18 [22000/33236 (66%)], loss_enc: 0.434775173664093, loss 7.038630485534668, loss_qv_penalty: 0.0, loss_qv_quant: 7.65110891309817e-11, loss_f0: 92.20458984375, loss_uv: 434.6829833984375
(4415029248, 23710007296)
Train Epoch: 18 [22500/33236 (68%)], loss_enc: 0.3704911172389984, loss 5.612886905670166, loss_qv_penalty: 0.0, loss_qv_quant: 5.631562577379512e-11, loss_f0: 95.05894470214844, loss_uv: 370.3960266113281
(4415029248, 23710007296)
Train Epoch: 18 [23000/33236 (69%)], loss_enc: 0.4810411334037781, loss 5.548978805541992, loss_qv_penalty: 0.0, loss_qv_quant: 4.5342257726233015e-11, loss_f0: 96.69488525390625, loss_uv: 480.9444274902344
(4415029248, 23710007296)
Train Epoch: 18 [23500/33236 (71%)], loss_enc: 0.5082420110702515, loss 7.050790309906006, loss_qv_penalty: 0.0, loss_qv_quant: 4.028414754553289e-11, loss_f0: 98.23859405517578, loss_uv: 508.14373779296875
(4415029248, 23710007296)
Train Epoch: 18 [24000/33236 (72%)], loss_enc: 0.5115396976470947, loss 6.227591514587402, loss_qv_penalty: 0.0, loss_qv_quant: 8.424026753939273e-11, loss_f0: 93.26166534423828, loss_uv: 511.4464111328125
(4415029248, 23710007296)
Train Epoch: 18 [24500/33236 (74%)], loss_enc: 0.481627494096756, loss 6.426751613616943, loss_qv_penalty: 0.0, loss_qv_quant: 6.570904237390707e-11, loss_f0: 96.34254455566406, loss_uv: 481.5311279296875
(4415029248, 23710007296)
Train Epoch: 18 [25000/33236 (75%)], loss_enc: 0.4336090385913849, loss 6.725284576416016, loss_qv_penalty: 0.0, loss_qv_quant: 7.837453602776989e-11, loss_f0: 98.29499053955078, loss_uv: 433.51068115234375
(4415029248, 23710007296)
Train Epoch: 18 [25500/33236 (77%)], loss_enc: 0.47260957956314087, loss 6.365627288818359, loss_qv_penalty: 0.0, loss_qv_quant: 3.470116208270646e-11, loss_f0: 97.867431640625, loss_uv: 472.51171875
(4415029248, 23710007296)
Train Epoch: 18 [26000/33236 (78%)], loss_enc: 0.38533270359039307, loss 5.944587230682373, loss_qv_penalty: 0.0, loss_qv_quant: 2.1378326192644792e-11, loss_f0: 97.46847534179688, loss_uv: 385.2351989746094
(4415029248, 23710007296)
Train Epoch: 18 [26500/33236 (80%)], loss_enc: 0.5071776509284973, loss 6.353542327880859, loss_qv_penalty: 0.0, loss_qv_quant: 7.918522781924509e-11, loss_f0: 96.71105194091797, loss_uv: 507.0809020996094
(4415029248, 23710007296)
Train Epoch: 18 [27000/33236 (81%)], loss_enc: 0.43603038787841797, loss 6.524489879608154, loss_qv_penalty: 0.0, loss_qv_quant: 4.5102664658625e-11, loss_f0: 97.64588928222656, loss_uv: 435.93267822265625
(4415029248, 23710007296)
Train Epoch: 18 [27500/33236 (83%)], loss_enc: 0.4899224042892456, loss 6.496216297149658, loss_qv_penalty: 0.0, loss_qv_quant: 6.798994700574212e-11, loss_f0: 101.5715560913086, loss_uv: 489.82086181640625
(4415029248, 23710007296)
Train Epoch: 18 [28000/33236 (84%)], loss_enc: 0.43961092829704285, loss 6.495033264160156, loss_qv_penalty: 0.0, loss_qv_quant: 2.9104649246214365e-11, loss_f0: 102.61990356445312, loss_uv: 439.5082702636719
(4415029248, 23710007296)
Train Epoch: 18 [28500/33236 (86%)], loss_enc: 0.3983505070209503, loss 5.470452785491943, loss_qv_penalty: 0.0, loss_qv_quant: 8.250843064327995e-11, loss_f0: 99.20852661132812, loss_uv: 398.25128173828125
(4415029248, 23710007296)
Train Epoch: 18 [29000/33236 (87%)], loss_enc: 0.4592363238334656, loss 6.2851996421813965, loss_qv_penalty: 0.0, loss_qv_quant: 2.9798660067248406e-11, loss_f0: 96.97823333740234, loss_uv: 459.1393127441406
(4415029248, 23710007296)
Train Epoch: 18 [29500/33236 (89%)], loss_enc: 0.4319104552268982, loss 5.80473518371582, loss_qv_penalty: 0.0, loss_qv_quant: 6.07408012776034e-11, loss_f0: 96.1693115234375, loss_uv: 431.81427001953125
(4415029248, 23710007296)
Train Epoch: 18 [30000/33236 (90%)], loss_enc: 0.517551064491272, loss 7.905118942260742, loss_qv_penalty: 0.0, loss_qv_quant: 2.988565644956864e-11, loss_f0: 96.38042449951172, loss_uv: 517.4547119140625
(4415029248, 23710007296)
Train Epoch: 18 [30500/33236 (92%)], loss_enc: 0.49088799953460693, loss 5.422114372253418, loss_qv_penalty: 0.0, loss_qv_quant: 3.705534490361373e-11, loss_f0: 100.14630889892578, loss_uv: 490.787841796875
(4415029248, 23710007296)
Train Epoch: 18 [31000/33236 (93%)], loss_enc: 0.4390444755554199, loss 6.067129135131836, loss_qv_penalty: 0.0, loss_qv_quant: 5.3033466507201865e-11, loss_f0: 97.1973876953125, loss_uv: 438.9472351074219
(4415029248, 23710007296)
Train Epoch: 18 [31500/33236 (95%)], loss_enc: 0.4306871294975281, loss 7.034710884094238, loss_qv_penalty: 0.0, loss_qv_quant: 3.2897885804406e-11, loss_f0: 99.20647430419922, loss_uv: 430.587890625
(4415029248, 23710007296)
Train Epoch: 18 [32000/33236 (96%)], loss_enc: 0.42590758204460144, loss 5.8604207038879395, loss_qv_penalty: 0.0, loss_qv_quant: 3.6024083022168085e-11, loss_f0: 95.39181518554688, loss_uv: 425.8121643066406
(4415029248, 23710007296)
Train Epoch: 18 [32500/33236 (98%)], loss_enc: 0.43011367321014404, loss 5.524625301361084, loss_qv_penalty: 0.0, loss_qv_quant: 3.3386144543401386e-11, loss_f0: 97.74386596679688, loss_uv: 430.0159606933594
(4415029248, 23710007296)
Train Epoch: 18 [33000/33236 (99%)], loss_enc: 0.4603833556175232, loss 7.492415428161621, loss_qv_penalty: 0.0, loss_qv_quant: 4.153336008450026e-11, loss_f0: 98.77454376220703, loss_uv: 460.2845458984375
----------------------------------------Epoch: 19----------------------------------------
(4415029248, 23710007296)
Train Epoch: 19 [0/33236 (0%)], loss_enc: 0.5282804369926453, loss 6.384022235870361, loss_qv_penalty: 0.0, loss_qv_quant: 2.230879370124228e-11, loss_f0: 100.41349029541016, loss_uv: 528.179931640625
(4415029248, 23710007296)
Train Epoch: 19 [500/33236 (2%)], loss_enc: 0.3977837562561035, loss 5.554227352142334, loss_qv_penalty: 0.0, loss_qv_quant: 6.757976123150655e-11, loss_f0: 96.68597412109375, loss_uv: 397.68701171875
(4415029248, 23710007296)
Train Epoch: 19 [1000/33236 (3%)], loss_enc: 0.47293418645858765, loss 6.785783290863037, loss_qv_penalty: 0.0, loss_qv_quant: 3.38697507540342e-11, loss_f0: 101.17691802978516, loss_uv: 472.8329772949219
(4415029248, 23710007296)
Train Epoch: 19 [1500/33236 (5%)], loss_enc: 0.5249103307723999, loss 6.351953506469727, loss_qv_penalty: 0.0, loss_qv_quant: 7.003834318064506e-11, loss_f0: 99.92578125, loss_uv: 524.8103637695312
(4415029248, 23710007296)
Train Epoch: 19 [2000/33236 (6%)], loss_enc: 0.5132991671562195, loss 6.049427509307861, loss_qv_penalty: 0.0, loss_qv_quant: 3.7844838374212486e-11, loss_f0: 93.66281127929688, loss_uv: 513.2054443359375
(4415029248, 23710007296)
Train Epoch: 19 [2500/33236 (8%)], loss_enc: 0.4216631054878235, loss 4.827419281005859, loss_qv_penalty: 0.0, loss_qv_quant: 2.7674591784876412e-11, loss_f0: 104.58763122558594, loss_uv: 421.5584716796875
(4415029248, 23710007296)
Train Epoch: 19 [3000/33236 (9%)], loss_enc: 0.4890059232711792, loss 5.611881732940674, loss_qv_penalty: 0.0, loss_qv_quant: 6.587742851227318e-11, loss_f0: 102.04731750488281, loss_uv: 488.90380859375
(4415029248, 23710007296)
Train Epoch: 19 [3500/33236 (11%)], loss_enc: 0.4697065055370331, loss 5.271937847137451, loss_qv_penalty: 0.0, loss_qv_quant: 2.9973655502057994e-11, loss_f0: 98.20025634765625, loss_uv: 469.6083068847656
(4415029248, 23710007296)
Train Epoch: 19 [4000/33236 (12%)], loss_enc: 0.4910680651664734, loss 6.446808338165283, loss_qv_penalty: 0.0, loss_qv_quant: 3.120602734552058e-11, loss_f0: 100.98562622070312, loss_uv: 490.9670104980469
(4415029248, 23710007296)
Train Epoch: 19 [4500/33236 (14%)], loss_enc: 0.4524226188659668, loss 5.552148342132568, loss_qv_penalty: 0.0, loss_qv_quant: 1.212406147699241e-10, loss_f0: 98.40205383300781, loss_uv: 452.3241882324219
(4415029248, 23710007296)
Train Epoch: 19 [5000/33236 (15%)], loss_enc: 0.4276861548423767, loss 6.554916858673096, loss_qv_penalty: 0.0, loss_qv_quant: 1.8322137210202705e-11, loss_f0: 100.36621856689453, loss_uv: 427.5857238769531
(4415029248, 23710007296)
Train Epoch: 19 [5500/33236 (17%)], loss_enc: 0.48610273003578186, loss 7.253149032592773, loss_qv_penalty: 0.0, loss_qv_quant: 2.426226233809281e-11, loss_f0: 97.83018493652344, loss_uv: 486.0048828125
(4415029248, 23710007296)
Train Epoch: 19 [6000/33236 (18%)], loss_enc: 0.4437543451786041, loss 6.198766708374023, loss_qv_penalty: 0.0, loss_qv_quant: 2.978847724044442e-11, loss_f0: 97.93366241455078, loss_uv: 443.65643310546875
(4415029248, 23710007296)
Train Epoch: 19 [6500/33236 (20%)], loss_enc: 0.4900200366973877, loss 6.31229305267334, loss_qv_penalty: 0.0, loss_qv_quant: 5.272988642945897e-11, loss_f0: 99.67635345458984, loss_uv: 489.92034912109375
(4415029248, 23710007296)
Train Epoch: 19 [7000/33236 (21%)], loss_enc: 0.396960973739624, loss 7.338571548461914, loss_qv_penalty: 0.0, loss_qv_quant: 8.875634255334219e-11, loss_f0: 96.46867370605469, loss_uv: 396.864501953125
(4415029248, 23710007296)
Train Epoch: 19 [7500/33236 (23%)], loss_enc: 0.47729378938674927, loss 6.302984714508057, loss_qv_penalty: 0.0, loss_qv_quant: 2.6850095063979396e-11, loss_f0: 98.23089599609375, loss_uv: 477.195556640625
(4415029248, 23710007296)
Train Epoch: 19 [8000/33236 (24%)], loss_enc: 0.4815102219581604, loss 6.168595790863037, loss_qv_penalty: 0.0, loss_qv_quant: 2.346101611594431e-11, loss_f0: 103.33580780029297, loss_uv: 481.40692138671875
(4415029248, 23710007296)
Train Epoch: 19 [8500/33236 (26%)], loss_enc: 0.5204324722290039, loss 5.060297966003418, loss_qv_penalty: 0.0, loss_qv_quant: 1.9627102026964494e-11, loss_f0: 104.6306381225586, loss_uv: 520.3277587890625
(4415029248, 23710007296)
Train Epoch: 19 [9000/33236 (27%)], loss_enc: 0.4913102388381958, loss 6.83489465713501, loss_qv_penalty: 0.0, loss_qv_quant: 2.680554667122692e-10, loss_f0: 99.2504653930664, loss_uv: 491.21099853515625
(4415029248, 23710007296)
Train Epoch: 19 [9500/33236 (29%)], loss_enc: 0.47871047258377075, loss 6.167415618896484, loss_qv_penalty: 0.0, loss_qv_quant: 2.125516949946782e-11, loss_f0: 96.3447265625, loss_uv: 478.61407470703125
(4415029248, 23710007296)
Train Epoch: 19 [10000/33236 (30%)], loss_enc: 0.4974094033241272, loss 6.63370943069458, loss_qv_penalty: 0.0, loss_qv_quant: 3.9671359947091034e-11, loss_f0: 98.74549865722656, loss_uv: 497.31060791015625
(4415029248, 23710007296)
Train Epoch: 19 [10500/33236 (32%)], loss_enc: 0.45527559518814087, loss 6.064278602600098, loss_qv_penalty: 0.0, loss_qv_quant: 1.5467035985317068e-10, loss_f0: 97.82188415527344, loss_uv: 455.177734375
(4415029248, 23710007296)
Train Epoch: 19 [11000/33236 (33%)], loss_enc: 0.5420319437980652, loss 4.336520195007324, loss_qv_penalty: 0.0, loss_qv_quant: 2.347960888215983e-11, loss_f0: 106.44757080078125, loss_uv: 541.9254760742188
(4415029248, 23710007296)
Train Epoch: 19 [11500/33236 (35%)], loss_enc: 0.43456020951271057, loss 6.342020034790039, loss_qv_penalty: 0.0, loss_qv_quant: 4.255397770269731e-11, loss_f0: 102.1234130859375, loss_uv: 434.4580383300781
(4415029248, 23710007296)
Train Epoch: 19 [12000/33236 (36%)], loss_enc: 0.5014123916625977, loss 5.7467732429504395, loss_qv_penalty: 0.0, loss_qv_quant: 1.7270272018032884e-11, loss_f0: 102.82038879394531, loss_uv: 501.30950927734375
(4415029248, 23710007296)
Train Epoch: 19 [12500/33236 (38%)], loss_enc: 0.49130576848983765, loss 5.731278896331787, loss_qv_penalty: 0.0, loss_qv_quant: 6.353441661666182e-10, loss_f0: 100.48959350585938, loss_uv: 491.2052307128906
(4415029248, 23710007296)
Train Epoch: 19 [13000/33236 (39%)], loss_enc: 0.4498431980609894, loss 5.906872749328613, loss_qv_penalty: 0.0, loss_qv_quant: 4.0358161257358915e-11, loss_f0: 97.66224670410156, loss_uv: 449.7455139160156
(4415029248, 23710007296)
Train Epoch: 19 [13500/33236 (41%)], loss_enc: 0.44915449619293213, loss 6.053886890411377, loss_qv_penalty: 0.0, loss_qv_quant: 4.6488042582115696e-11, loss_f0: 99.52411651611328, loss_uv: 449.05499267578125
(4415029248, 23710007296)
Train Epoch: 19 [14000/33236 (42%)], loss_enc: 0.39348065853118896, loss 6.942812442779541, loss_qv_penalty: 0.0, loss_qv_quant: 8.000365647742314e-11, loss_f0: 98.88789367675781, loss_uv: 393.38177490234375
(4415029248, 23710007296)
Train Epoch: 19 [14500/33236 (44%)], loss_enc: 0.5196064710617065, loss 6.48220157623291, loss_qv_penalty: 0.0, loss_qv_quant: 2.3788051389805887e-11, loss_f0: 101.98960876464844, loss_uv: 519.5044555664062
(4415029248, 23710007296)
Train Epoch: 19 [15000/33236 (45%)], loss_enc: 0.43703529238700867, loss 7.565001964569092, loss_qv_penalty: 0.0, loss_qv_quant: 4.706868228510075e-11, loss_f0: 104.40848541259766, loss_uv: 436.93084716796875
(4415029248, 23710007296)
Train Epoch: 19 [15500/33236 (47%)], loss_enc: 0.3707793653011322, loss 6.873581886291504, loss_qv_penalty: 0.0, loss_qv_quant: 2.3006156008031908e-11, loss_f0: 100.31849670410156, loss_uv: 370.6790466308594
(4415029248, 23710007296)
Train Epoch: 19 [16000/33236 (48%)], loss_enc: 0.4547021985054016, loss 5.947182655334473, loss_qv_penalty: 0.0, loss_qv_quant: 3.9704392551520584e-11, loss_f0: 99.14334869384766, loss_uv: 454.60302734375
(4415029248, 23710007296)
Train Epoch: 19 [16500/33236 (50%)], loss_enc: 0.4320440888404846, loss 8.17880916595459, loss_qv_penalty: 0.0, loss_qv_quant: 5.2463360045162943e-11, loss_f0: 98.64717102050781, loss_uv: 431.9454345703125
(4415029248, 23710007296)
Train Epoch: 19 [17000/33236 (51%)], loss_enc: 0.5154780745506287, loss 5.938377380371094, loss_qv_penalty: 0.0, loss_qv_quant: 4.887357879512777e-11, loss_f0: 99.14974212646484, loss_uv: 515.37890625
(4415029248, 23710007296)
Train Epoch: 19 [17500/33236 (53%)], loss_enc: 0.4691259264945984, loss 7.367425441741943, loss_qv_penalty: 0.0, loss_qv_quant: 6.159135701455654e-11, loss_f0: 100.68415832519531, loss_uv: 469.0252380371094
(4415029248, 23710007296)
Train Epoch: 19 [18000/33236 (54%)], loss_enc: 0.5043937563896179, loss 5.393221378326416, loss_qv_penalty: 0.0, loss_qv_quant: 1.1237463737323594e-10, loss_f0: 101.10552978515625, loss_uv: 504.2926330566406
(4415029248, 23710007296)
Train Epoch: 19 [18500/33236 (56%)], loss_enc: 0.5406239032745361, loss 6.141345024108887, loss_qv_penalty: 0.0, loss_qv_quant: 2.0778660042575225e-11, loss_f0: 104.74313354492188, loss_uv: 540.5191650390625
(4415029248, 23710007296)
Train Epoch: 19 [19000/33236 (57%)], loss_enc: 0.5415070652961731, loss 6.53742790222168, loss_qv_penalty: 0.0, loss_qv_quant: 1.47398464961368e-11, loss_f0: 104.18521118164062, loss_uv: 541.40283203125
(4415029248, 23710007296)
Train Epoch: 19 [19500/33236 (59%)], loss_enc: 0.5210787057876587, loss 4.5799641609191895, loss_qv_penalty: 0.0, loss_qv_quant: 3.352934596634327e-11, loss_f0: 102.67025756835938, loss_uv: 520.9760131835938
(4415029248, 23710007296)
Train Epoch: 19 [20000/33236 (60%)], loss_enc: 0.5245429873466492, loss 6.760343551635742, loss_qv_penalty: 0.0, loss_qv_quant: 2.364996393167118e-11, loss_f0: 101.11227416992188, loss_uv: 524.44189453125
(4415029248, 23710007296)
Train Epoch: 19 [20500/33236 (62%)], loss_enc: 0.40014415979385376, loss 6.6495513916015625, loss_qv_penalty: 0.0, loss_qv_quant: 8.32204860579111e-11, loss_f0: 99.41300201416016, loss_uv: 400.04473876953125
(4415029248, 23710007296)
Train Epoch: 19 [21000/33236 (63%)], loss_enc: 0.4715883433818817, loss 6.752922058105469, loss_qv_penalty: 0.0, loss_qv_quant: 4.068411926794191e-11, loss_f0: 100.89965057373047, loss_uv: 471.4873962402344
(4415029248, 23710007296)
Train Epoch: 19 [21500/33236 (65%)], loss_enc: 0.47197425365448, loss 6.059385299682617, loss_qv_penalty: 0.0, loss_qv_quant: 3.924406979938233e-11, loss_f0: 104.35746002197266, loss_uv: 471.8698425292969
(4415029248, 23710007296)
Train Epoch: 19 [22000/33236 (66%)], loss_enc: 0.42305418848991394, loss 5.451308250427246, loss_qv_penalty: 0.0, loss_qv_quant: 1.3161448320087032e-10, loss_f0: 100.90564727783203, loss_uv: 422.9532470703125
(4415029248, 23710007296)
Train Epoch: 19 [22500/33236 (68%)], loss_enc: 0.4410209357738495, loss 6.191897392272949, loss_qv_penalty: 0.0, loss_qv_quant: 2.945662463949006e-11, loss_f0: 101.83403015136719, loss_uv: 440.9190673828125
(4415029248, 23710007296)
Train Epoch: 19 [23000/33236 (69%)], loss_enc: 0.5225418210029602, loss 7.01760196685791, loss_qv_penalty: 0.0, loss_qv_quant: 4.364159728043049e-11, loss_f0: 100.13359069824219, loss_uv: 522.441650390625
(4415029248, 23710007296)
Train Epoch: 19 [23500/33236 (71%)], loss_enc: 0.501154363155365, loss 5.818779468536377, loss_qv_penalty: 0.0, loss_qv_quant: 4.051130264581815e-11, loss_f0: 99.3311767578125, loss_uv: 501.05499267578125
(4415029248, 23710007296)
Train Epoch: 19 [24000/33236 (72%)], loss_enc: 0.49349305033683777, loss 5.624581813812256, loss_qv_penalty: 0.0, loss_qv_quant: 3.375354856727242e-11, loss_f0: 103.01033020019531, loss_uv: 493.3900146484375
(4415029248, 23710007296)
Train Epoch: 19 [24500/33236 (74%)], loss_enc: 0.42770394682884216, loss 5.289261817932129, loss_qv_penalty: 0.0, loss_qv_quant: 5.8077716247328937e-11, loss_f0: 102.09354400634766, loss_uv: 427.601806640625
(4415029248, 23710007296)
Train Epoch: 19 [25000/33236 (75%)], loss_enc: 0.4152378439903259, loss 5.8683881759643555, loss_qv_penalty: 0.0, loss_qv_quant: 5.65702554244929e-11, loss_f0: 96.08209991455078, loss_uv: 415.1417236328125
(4415029248, 23710007296)
Train Epoch: 19 [25500/33236 (77%)], loss_enc: 0.4811924397945404, loss 6.677211284637451, loss_qv_penalty: 0.0, loss_qv_quant: 2.1492590693283908e-11, loss_f0: 103.52137756347656, loss_uv: 481.0888671875
(4415029248, 23710007296)
Train Epoch: 19 [26000/33236 (78%)], loss_enc: 0.550238311290741, loss 7.661741256713867, loss_qv_penalty: 0.0, loss_qv_quant: 2.4562137046491017e-11, loss_f0: 98.80252838134766, loss_uv: 550.1394653320312
(4415029248, 23710007296)
Train Epoch: 19 [26500/33236 (80%)], loss_enc: 0.5076561570167542, loss 6.097002029418945, loss_qv_penalty: 0.0, loss_qv_quant: 4.093908545499403e-11, loss_f0: 93.41352844238281, loss_uv: 507.562744140625
(4415029248, 23710007296)
Train Epoch: 19 [27000/33236 (81%)], loss_enc: 0.4951976537704468, loss 5.863945007324219, loss_qv_penalty: 0.0, loss_qv_quant: 7.370185017840925e-11, loss_f0: 100.02095031738281, loss_uv: 495.09765625
(4415029248, 23710007296)
Train Epoch: 19 [27500/33236 (83%)], loss_enc: 0.3708013892173767, loss 5.574202537536621, loss_qv_penalty: 0.0, loss_qv_quant: 1.1052461029725791e-11, loss_f0: 103.26278686523438, loss_uv: 370.6980895996094
(4415029248, 23710007296)
Train Epoch: 19 [28000/33236 (84%)], loss_enc: 0.4623250365257263, loss 6.407376289367676, loss_qv_penalty: 0.0, loss_qv_quant: 1.9132619100137305e-11, loss_f0: 103.14628601074219, loss_uv: 462.22186279296875
(4415029248, 23710007296)
Train Epoch: 19 [28500/33236 (86%)], loss_enc: 0.4439319372177124, loss 6.694655418395996, loss_qv_penalty: 0.0, loss_qv_quant: 6.188827922359863e-11, loss_f0: 104.0633544921875, loss_uv: 443.8278503417969
(4415029248, 23710007296)
Train Epoch: 19 [29000/33236 (87%)], loss_enc: 0.4999274015426636, loss 5.768373012542725, loss_qv_penalty: 0.0, loss_qv_quant: 2.2859811266151553e-11, loss_f0: 105.37213134765625, loss_uv: 499.822021484375
(4415029248, 23710007296)
Train Epoch: 19 [29500/33236 (89%)], loss_enc: 0.49126434326171875, loss 7.019839763641357, loss_qv_penalty: 0.0, loss_qv_quant: 2.370825584463443e-11, loss_f0: 101.87570190429688, loss_uv: 491.16241455078125
(4415029248, 23710007296)
Train Epoch: 19 [30000/33236 (90%)], loss_enc: 0.5300600528717041, loss 7.159887790679932, loss_qv_penalty: 0.0, loss_qv_quant: 3.502917400588501e-11, loss_f0: 101.84065246582031, loss_uv: 529.9581909179688
(4415029248, 23710007296)
Train Epoch: 19 [30500/33236 (92%)], loss_enc: 0.5273544192314148, loss 5.646552562713623, loss_qv_penalty: 0.0, loss_qv_quant: 4.8589333945248114e-11, loss_f0: 102.13424682617188, loss_uv: 527.2522583007812
(4415029248, 23710007296)
Train Epoch: 19 [31000/33236 (93%)], loss_enc: 0.4935218095779419, loss 6.198548793792725, loss_qv_penalty: 0.0, loss_qv_quant: 1.9073189208573815e-11, loss_f0: 100.35172271728516, loss_uv: 493.42144775390625
(4415029248, 23710007296)
Train Epoch: 19 [31500/33236 (95%)], loss_enc: 0.5218290090560913, loss 7.015203952789307, loss_qv_penalty: 0.0, loss_qv_quant: 3.036737181161264e-11, loss_f0: 105.08201599121094, loss_uv: 521.723876953125
(4415029248, 23710007296)
Train Epoch: 19 [32000/33236 (96%)], loss_enc: 0.5342947244644165, loss 6.823769569396973, loss_qv_penalty: 0.0, loss_qv_quant: 3.241783230745199e-11, loss_f0: 99.54910278320312, loss_uv: 534.1951904296875
(4415029248, 23710007296)
Train Epoch: 19 [32500/33236 (98%)], loss_enc: 0.39928150177001953, loss 5.712503433227539, loss_qv_penalty: 0.0, loss_qv_quant: 2.8476613428418673e-11, loss_f0: 108.85418701171875, loss_uv: 399.172607421875
(4415029248, 23710007296)
Train Epoch: 19 [33000/33236 (99%)], loss_enc: 0.44115614891052246, loss 5.978147029876709, loss_qv_penalty: 0.0, loss_qv_quant: 3.843071694209499e-11, loss_f0: 104.93667602539062, loss_uv: 441.05120849609375
----------------------------------------Epoch: 20----------------------------------------
(4415029248, 23710007296)
Train Epoch: 20 [0/33236 (0%)], loss_enc: 0.5420181751251221, loss 5.090214729309082, loss_qv_penalty: 0.0, loss_qv_quant: 2.7593243662193956e-11, loss_f0: 102.84834289550781, loss_uv: 541.915283203125
(4415029248, 23710007296)
Train Epoch: 20 [500/33236 (2%)], loss_enc: 0.5078320503234863, loss 4.915351390838623, loss_qv_penalty: 0.0, loss_qv_quant: 4.223564206706776e-11, loss_f0: 101.05615997314453, loss_uv: 507.73095703125
(4415029248, 23710007296)
Train Epoch: 20 [1000/33236 (3%)], loss_enc: 0.4559684693813324, loss 5.7973127365112305, loss_qv_penalty: 0.0, loss_qv_quant: 1.4395807462763699e-11, loss_f0: 102.09124755859375, loss_uv: 455.8663330078125
(4415029248, 23710007296)
Train Epoch: 20 [1500/33236 (5%)], loss_enc: 0.4868939220905304, loss 6.232632637023926, loss_qv_penalty: 0.0, loss_qv_quant: 1.1494080687235453e-10, loss_f0: 103.025634765625, loss_uv: 486.7908935546875
(4415029248, 23710007296)
Train Epoch: 20 [2000/33236 (6%)], loss_enc: 0.46768656373023987, loss 6.624640464782715, loss_qv_penalty: 0.0, loss_qv_quant: 1.6785491399606833e-11, loss_f0: 100.80560302734375, loss_uv: 467.58575439453125
(4415029248, 23710007296)
Train Epoch: 20 [2500/33236 (8%)], loss_enc: 0.4240025281906128, loss 5.827737331390381, loss_qv_penalty: 0.0, loss_qv_quant: 2.7108955705235083e-11, loss_f0: 104.40636444091797, loss_uv: 423.89813232421875
(4415029248, 23710007296)
Train Epoch: 20 [3000/33236 (9%)], loss_enc: 0.5318693518638611, loss 6.262909412384033, loss_qv_penalty: 0.0, loss_qv_quant: 3.967791026293632e-11, loss_f0: 101.75326538085938, loss_uv: 531.767578125
(4415029248, 23710007296)
Train Epoch: 20 [3500/33236 (11%)], loss_enc: 0.485758900642395, loss 5.889740467071533, loss_qv_penalty: 0.0, loss_qv_quant: 6.395801249725608e-11, loss_f0: 97.00382232666016, loss_uv: 485.661865234375
(4415029248, 23710007296)
Train Epoch: 20 [4000/33236 (12%)], loss_enc: 0.4469788074493408, loss 7.2287983894348145, loss_qv_penalty: 0.0, loss_qv_quant: 3.654557212406928e-11, loss_f0: 101.96280670166016, loss_uv: 446.8768310546875
(4415029248, 23710007296)
Train Epoch: 20 [4500/33236 (14%)], loss_enc: 0.42091336846351624, loss 6.897782325744629, loss_qv_penalty: 0.0, loss_qv_quant: 1.1045851733282319e-10, loss_f0: 104.52279663085938, loss_uv: 420.8088073730469
(4415029248, 23710007296)
Train Epoch: 20 [5000/33236 (15%)], loss_enc: 0.48320794105529785, loss 5.871273994445801, loss_qv_penalty: 0.0, loss_qv_quant: 5.735281000118775e-11, loss_f0: 100.03543090820312, loss_uv: 483.10784912109375
(4415029248, 23710007296)
Train Epoch: 20 [5500/33236 (17%)], loss_enc: 0.5358496904373169, loss 6.202404022216797, loss_qv_penalty: 0.0, loss_qv_quant: 1.5959952109900755e-11, loss_f0: 104.43939208984375, loss_uv: 535.7452392578125
(4415029248, 23710007296)
Train Epoch: 20 [6000/33236 (18%)], loss_enc: 0.5684272646903992, loss 7.429724216461182, loss_qv_penalty: 0.0, loss_qv_quant: 1.691705109330144e-11, loss_f0: 110.41679382324219, loss_uv: 568.3168334960938
(4415029248, 23710007296)
Train Epoch: 20 [6500/33236 (20%)], loss_enc: 0.45139193534851074, loss 6.31643533706665, loss_qv_penalty: 0.0, loss_qv_quant: 4.507552317511987e-11, loss_f0: 103.669921875, loss_uv: 451.2882080078125
(4415029248, 23710007296)
Train Epoch: 20 [7000/33236 (21%)], loss_enc: 0.49121546745300293, loss 7.675884246826172, loss_qv_penalty: 0.0, loss_qv_quant: 1.2058898324340817e-10, loss_f0: 100.03744506835938, loss_uv: 491.11541748046875
(4415029248, 23710007296)
Train Epoch: 20 [7500/33236 (23%)], loss_enc: 0.4462376832962036, loss 7.044897556304932, loss_qv_penalty: 0.0, loss_qv_quant: 4.935356984203665e-11, loss_f0: 104.27442932128906, loss_uv: 446.13336181640625
(4415029248, 23710007296)
Train Epoch: 20 [8000/33236 (24%)], loss_enc: 0.48758935928344727, loss 6.022702217102051, loss_qv_penalty: 0.0, loss_qv_quant: 1.1877729355624922e-10, loss_f0: 100.87327575683594, loss_uv: 487.4884338378906
(4415029248, 23710007296)
Train Epoch: 20 [8500/33236 (26%)], loss_enc: 0.47956669330596924, loss 6.158811092376709, loss_qv_penalty: 0.0, loss_qv_quant: 4.433271805215355e-11, loss_f0: 101.84199523925781, loss_uv: 479.46478271484375
(4415029248, 23710007296)
Train Epoch: 20 [9000/33236 (27%)], loss_enc: 0.5143883228302002, loss 6.724260330200195, loss_qv_penalty: 0.0, loss_qv_quant: 2.3312490826654653e-11, loss_f0: 109.66253662109375, loss_uv: 514.2786865234375
