Missing keys: ['scale', 'bias']
----------------------------------------Epoch: 1----------------------------------------
(13153861632, 23710007296)
Train Epoch: 1 [0/33236 (0%)], loss_tgt 1524.2535400390625
(13153861632, 23710007296)
Train Epoch: 1 [500/33236 (2%)], loss_tgt 1736.884033203125
(13153861632, 23710007296)
Train Epoch: 1 [1000/33236 (3%)], loss_tgt 1437.36328125
(13153861632, 23710007296)
Train Epoch: 1 [1500/33236 (5%)], loss_tgt 1770.6024169921875
(13153861632, 23710007296)
Train Epoch: 1 [2000/33236 (6%)], loss_tgt 1298.208251953125
(13153861632, 23710007296)
Train Epoch: 1 [2500/33236 (8%)], loss_tgt 1648.70068359375
(13153861632, 23710007296)
Train Epoch: 1 [3000/33236 (9%)], loss_tgt 1727.5849609375
(13153861632, 23710007296)
Train Epoch: 1 [3500/33236 (11%)], loss_tgt 1437.26708984375
(13153861632, 23710007296)
Train Epoch: 1 [4000/33236 (12%)], loss_tgt 1383.7579345703125
(13153861632, 23710007296)
Train Epoch: 1 [4500/33236 (14%)], loss_tgt 1533.6556396484375
(13153861632, 23710007296)
Train Epoch: 1 [5000/33236 (15%)], loss_tgt 1340.6556396484375
(13153861632, 23710007296)
Train Epoch: 1 [5500/33236 (17%)], loss_tgt 1448.876220703125
(13153861632, 23710007296)
Train Epoch: 1 [6000/33236 (18%)], loss_tgt 1816.533935546875
(13153861632, 23710007296)
Train Epoch: 1 [6500/33236 (20%)], loss_tgt 1454.3704833984375
(13153861632, 23710007296)
Train Epoch: 1 [7000/33236 (21%)], loss_tgt 1662.2513427734375
(13153861632, 23710007296)
Train Epoch: 1 [7500/33236 (23%)], loss_tgt 1669.254638671875
(13153861632, 23710007296)
Train Epoch: 1 [8000/33236 (24%)], loss_tgt 1587.739013671875
(13153861632, 23710007296)
Train Epoch: 1 [8500/33236 (26%)], loss_tgt 1707.125732421875
(13153861632, 23710007296)
Train Epoch: 1 [9000/33236 (27%)], loss_tgt 1419.16064453125
(13153861632, 23710007296)
Train Epoch: 1 [9500/33236 (29%)], loss_tgt 1434.896484375
(13153861632, 23710007296)
Train Epoch: 1 [10000/33236 (30%)], loss_tgt 1782.7099609375
(13153861632, 23710007296)
Train Epoch: 1 [10500/33236 (32%)], loss_tgt 1746.3515625
(13153861632, 23710007296)
Train Epoch: 1 [11000/33236 (33%)], loss_tgt 1775.920166015625
(13153861632, 23710007296)
Train Epoch: 1 [11500/33236 (35%)], loss_tgt 1698.225341796875
(13153861632, 23710007296)
Train Epoch: 1 [12000/33236 (36%)], loss_tgt 1514.0145263671875
(13153861632, 23710007296)
Train Epoch: 1 [12500/33236 (38%)], loss_tgt 1617.716552734375
(13153861632, 23710007296)
Train Epoch: 1 [13000/33236 (39%)], loss_tgt 1680.887451171875
(13153861632, 23710007296)
Train Epoch: 1 [13500/33236 (41%)], loss_tgt 1762.042236328125
(13153861632, 23710007296)
Train Epoch: 1 [14000/33236 (42%)], loss_tgt 1823.85107421875
(13153861632, 23710007296)
Train Epoch: 1 [14500/33236 (44%)], loss_tgt 1376.8023681640625
(13153861632, 23710007296)
Train Epoch: 1 [15000/33236 (45%)], loss_tgt 1486.9071044921875
(13153861632, 23710007296)
Train Epoch: 1 [15500/33236 (47%)], loss_tgt 1470.34765625
(13153861632, 23710007296)
Train Epoch: 1 [16000/33236 (48%)], loss_tgt 1566.69921875
(13153861632, 23710007296)
Train Epoch: 1 [16500/33236 (50%)], loss_tgt 1536.235595703125
(13153861632, 23710007296)
Train Epoch: 1 [17000/33236 (51%)], loss_tgt 1247.1416015625
(13153861632, 23710007296)
Train Epoch: 1 [17500/33236 (53%)], loss_tgt 1610.446533203125
(13153861632, 23710007296)
Train Epoch: 1 [18000/33236 (54%)], loss_tgt 1296.4066162109375
(13153861632, 23710007296)
Train Epoch: 1 [18500/33236 (56%)], loss_tgt 1716.415283203125
(13153861632, 23710007296)
Train Epoch: 1 [19000/33236 (57%)], loss_tgt 1316.3974609375
(13153861632, 23710007296)
Train Epoch: 1 [19500/33236 (59%)], loss_tgt 1484.4599609375
(13153861632, 23710007296)
Train Epoch: 1 [20000/33236 (60%)], loss_tgt 1722.7684326171875
(13153861632, 23710007296)
Train Epoch: 1 [20500/33236 (62%)], loss_tgt 1144.15283203125
(13153861632, 23710007296)
Train Epoch: 1 [21000/33236 (63%)], loss_tgt 1520.9935302734375
(13153861632, 23710007296)
Train Epoch: 1 [21500/33236 (65%)], loss_tgt 1626.2864990234375
(13153861632, 23710007296)
Train Epoch: 1 [22000/33236 (66%)], loss_tgt 1578.8994140625
(13153861632, 23710007296)
Train Epoch: 1 [22500/33236 (68%)], loss_tgt 1489.38134765625
(13153861632, 23710007296)
Train Epoch: 1 [23000/33236 (69%)], loss_tgt 1689.416259765625
(13153861632, 23710007296)
Train Epoch: 1 [23500/33236 (71%)], loss_tgt 1857.6484375
(13153861632, 23710007296)
Train Epoch: 1 [24000/33236 (72%)], loss_tgt 1770.86962890625
(13153861632, 23710007296)
Train Epoch: 1 [24500/33236 (74%)], loss_tgt 1732.272216796875
(13153861632, 23710007296)
Train Epoch: 1 [25000/33236 (75%)], loss_tgt 1710.663330078125
(13153861632, 23710007296)
Train Epoch: 1 [25500/33236 (77%)], loss_tgt 1703.8349609375
(13153861632, 23710007296)
Train Epoch: 1 [26000/33236 (78%)], loss_tgt 1361.1435546875
(13153861632, 23710007296)
Train Epoch: 1 [26500/33236 (80%)], loss_tgt 1823.3126220703125
(13153861632, 23710007296)
Train Epoch: 1 [27000/33236 (81%)], loss_tgt 1802.550048828125
(13153861632, 23710007296)
Train Epoch: 1 [27500/33236 (83%)], loss_tgt 1675.3759765625
(13153861632, 23710007296)
Train Epoch: 1 [28000/33236 (84%)], loss_tgt 1198.85791015625
(13153861632, 23710007296)
Train Epoch: 1 [28500/33236 (86%)], loss_tgt 1729.941650390625
(13153861632, 23710007296)
Train Epoch: 1 [29000/33236 (87%)], loss_tgt 1748.452880859375
(13153861632, 23710007296)
Train Epoch: 1 [29500/33236 (89%)], loss_tgt 1596.2926025390625
(13153861632, 23710007296)
Train Epoch: 1 [30000/33236 (90%)], loss_tgt 1758.4990234375
(13153861632, 23710007296)
Train Epoch: 1 [30500/33236 (92%)], loss_tgt 1719.053955078125
(13153861632, 23710007296)
Train Epoch: 1 [31000/33236 (93%)], loss_tgt 1727.815673828125
(13153861632, 23710007296)
Train Epoch: 1 [31500/33236 (95%)], loss_tgt 1620.432861328125
(13153861632, 23710007296)
Train Epoch: 1 [32000/33236 (96%)], loss_tgt 1363.2110595703125
(13153861632, 23710007296)
Train Epoch: 1 [32500/33236 (98%)], loss_tgt 1708.7071533203125
(13153861632, 23710007296)
Train Epoch: 1 [33000/33236 (99%)], loss_tgt 1609.919189453125
----------------------------------------Epoch: 2----------------------------------------
(13902544896, 23710007296)
Train Epoch: 2 [0/33236 (0%)], loss_tgt 1628.4342041015625
(13902544896, 23710007296)
Train Epoch: 2 [500/33236 (2%)], loss_tgt 1424.3773193359375
(13902544896, 23710007296)
Train Epoch: 2 [1000/33236 (3%)], loss_tgt 1655.659423828125
(13902544896, 23710007296)
Train Epoch: 2 [1500/33236 (5%)], loss_tgt 1408.689453125
(13902544896, 23710007296)
Train Epoch: 2 [2000/33236 (6%)], loss_tgt 1482.9195556640625
(13902544896, 23710007296)
Train Epoch: 2 [2500/33236 (8%)], loss_tgt 1402.1983642578125
(13902544896, 23710007296)
Train Epoch: 2 [3000/33236 (9%)], loss_tgt 1461.171630859375
(13902544896, 23710007296)
Train Epoch: 2 [3500/33236 (11%)], loss_tgt 1706.966064453125
(13902544896, 23710007296)
Train Epoch: 2 [4000/33236 (12%)], loss_tgt 1682.346923828125
(13902544896, 23710007296)
Train Epoch: 2 [4500/33236 (14%)], loss_tgt 1271.2906494140625
(13902544896, 23710007296)
Train Epoch: 2 [5000/33236 (15%)], loss_tgt 1623.14111328125
(13902544896, 23710007296)
Train Epoch: 2 [5500/33236 (17%)], loss_tgt 1668.6669921875
(13902544896, 23710007296)
Train Epoch: 2 [6000/33236 (18%)], loss_tgt 1527.418212890625
(13902544896, 23710007296)
Train Epoch: 2 [6500/33236 (20%)], loss_tgt 1205.459228515625
(13902544896, 23710007296)
Train Epoch: 2 [7000/33236 (21%)], loss_tgt 1626.1951904296875
(13902544896, 23710007296)
Train Epoch: 2 [7500/33236 (23%)], loss_tgt 1712.1015625
(13902544896, 23710007296)
Train Epoch: 2 [8000/33236 (24%)], loss_tgt 1807.422119140625
(13902544896, 23710007296)
Train Epoch: 2 [8500/33236 (26%)], loss_tgt 1700.1429443359375
(13902544896, 23710007296)
Train Epoch: 2 [9000/33236 (27%)], loss_tgt 1293.1529541015625
(13902544896, 23710007296)
Train Epoch: 2 [9500/33236 (29%)], loss_tgt 1498.275146484375
(13902544896, 23710007296)
Train Epoch: 2 [10000/33236 (30%)], loss_tgt 1717.5439453125
(13902544896, 23710007296)
Train Epoch: 2 [10500/33236 (32%)], loss_tgt 1371.8265380859375
(13902544896, 23710007296)
Train Epoch: 2 [11000/33236 (33%)], loss_tgt 1699.776611328125
(13902544896, 23710007296)
Train Epoch: 2 [11500/33236 (35%)], loss_tgt 1722.0390625
(13902544896, 23710007296)
Train Epoch: 2 [12000/33236 (36%)], loss_tgt 1324.444580078125
(13902544896, 23710007296)
Train Epoch: 2 [12500/33236 (38%)], loss_tgt 1556.622314453125
(13902544896, 23710007296)
Train Epoch: 2 [13000/33236 (39%)], loss_tgt 1615.7470703125
(13902544896, 23710007296)
Train Epoch: 2 [13500/33236 (41%)], loss_tgt 1453.3189697265625
(13902544896, 23710007296)
Train Epoch: 2 [14000/33236 (42%)], loss_tgt 1758.744873046875
(13902544896, 23710007296)
Train Epoch: 2 [14500/33236 (44%)], loss_tgt 1753.583740234375
(13902544896, 23710007296)
Train Epoch: 2 [15000/33236 (45%)], loss_tgt 1608.4776611328125
(13902544896, 23710007296)
Train Epoch: 2 [15500/33236 (47%)], loss_tgt 1553.529052734375
(13902544896, 23710007296)
Train Epoch: 2 [16000/33236 (48%)], loss_tgt 1075.7879638671875
(13902544896, 23710007296)
Train Epoch: 2 [16500/33236 (50%)], loss_tgt 1759.7196044921875
(13902544896, 23710007296)
Train Epoch: 2 [17000/33236 (51%)], loss_tgt 1525.8885498046875
(13902544896, 23710007296)
Train Epoch: 2 [17500/33236 (53%)], loss_tgt 1575.3328857421875
(13902544896, 23710007296)
Train Epoch: 2 [18000/33236 (54%)], loss_tgt 1350.8399658203125
(13902544896, 23710007296)
Train Epoch: 2 [18500/33236 (56%)], loss_tgt 1622.845458984375
(13902544896, 23710007296)
Train Epoch: 2 [19000/33236 (57%)], loss_tgt 1744.48974609375
(13902544896, 23710007296)
Train Epoch: 2 [19500/33236 (59%)], loss_tgt 1513.1072998046875
(13902544896, 23710007296)
Train Epoch: 2 [20000/33236 (60%)], loss_tgt 1782.69140625
(13902544896, 23710007296)
Train Epoch: 2 [20500/33236 (62%)], loss_tgt 1762.16650390625
(13902544896, 23710007296)
Train Epoch: 2 [21000/33236 (63%)], loss_tgt 1794.7486572265625
(13902544896, 23710007296)
Train Epoch: 2 [21500/33236 (65%)], loss_tgt 1636.13037109375
(13902544896, 23710007296)
Train Epoch: 2 [22000/33236 (66%)], loss_tgt 1766.965087890625
(13902544896, 23710007296)
Train Epoch: 2 [22500/33236 (68%)], loss_tgt 1294.327880859375
(13902544896, 23710007296)
Train Epoch: 2 [23000/33236 (69%)], loss_tgt 1726.22314453125
(13902544896, 23710007296)
Train Epoch: 2 [23500/33236 (71%)], loss_tgt 1749.40625
(13902544896, 23710007296)
Train Epoch: 2 [24000/33236 (72%)], loss_tgt 1534.6929931640625
(13902544896, 23710007296)
Train Epoch: 2 [24500/33236 (74%)], loss_tgt 1328.958251953125
(13902544896, 23710007296)
Train Epoch: 2 [25000/33236 (75%)], loss_tgt 1150.142822265625
(13902544896, 23710007296)
Train Epoch: 2 [25500/33236 (77%)], loss_tgt 1682.0816650390625
(13902544896, 23710007296)
Train Epoch: 2 [26000/33236 (78%)], loss_tgt 1549.5799560546875
(13902544896, 23710007296)
Train Epoch: 2 [26500/33236 (80%)], loss_tgt 1730.454345703125
(13902544896, 23710007296)
Train Epoch: 2 [27000/33236 (81%)], loss_tgt 1523.740966796875
(13902544896, 23710007296)
Train Epoch: 2 [27500/33236 (83%)], loss_tgt 1502.66748046875
(13902544896, 23710007296)
Train Epoch: 2 [28000/33236 (84%)], loss_tgt 1584.106201171875
(13902544896, 23710007296)
Train Epoch: 2 [28500/33236 (86%)], loss_tgt 1606.110107421875
(13902544896, 23710007296)
Train Epoch: 2 [29000/33236 (87%)], loss_tgt 1074.4576416015625
(13902544896, 23710007296)
Train Epoch: 2 [29500/33236 (89%)], loss_tgt 1750.699462890625
(13902544896, 23710007296)
Train Epoch: 2 [30000/33236 (90%)], loss_tgt 1508.439208984375
(13902544896, 23710007296)
Train Epoch: 2 [30500/33236 (92%)], loss_tgt 1337.29833984375
(13902544896, 23710007296)
Train Epoch: 2 [31000/33236 (93%)], loss_tgt 1482.940185546875
(13902544896, 23710007296)
Train Epoch: 2 [31500/33236 (95%)], loss_tgt 1716.3800048828125
(13902544896, 23710007296)
Train Epoch: 2 [32000/33236 (96%)], loss_tgt 1877.541259765625
(13902544896, 23710007296)
Train Epoch: 2 [32500/33236 (98%)], loss_tgt 1512.5146484375
(13902544896, 23710007296)
Train Epoch: 2 [33000/33236 (99%)], loss_tgt 1537.691650390625
----------------------------------------Epoch: 3----------------------------------------
(13902544896, 23710007296)
Train Epoch: 3 [0/33236 (0%)], loss_tgt 1559.7706298828125
(13902544896, 23710007296)
Train Epoch: 3 [500/33236 (2%)], loss_tgt 1436.3826904296875
(13902544896, 23710007296)
Train Epoch: 3 [1000/33236 (3%)], loss_tgt 1608.7474365234375
(13902544896, 23710007296)
Train Epoch: 3 [1500/33236 (5%)], loss_tgt 1194.072265625
(13902544896, 23710007296)
Train Epoch: 3 [2000/33236 (6%)], loss_tgt 1786.257568359375
(13902544896, 23710007296)
Train Epoch: 3 [2500/33236 (8%)], loss_tgt 1597.3443603515625
(13902544896, 23710007296)
Train Epoch: 3 [3000/33236 (9%)], loss_tgt 1411.201171875
(13902544896, 23710007296)
Train Epoch: 3 [3500/33236 (11%)], loss_tgt 1377.0653076171875
(13902544896, 23710007296)
Train Epoch: 3 [4000/33236 (12%)], loss_tgt 1394.7261962890625
(13902544896, 23710007296)
Train Epoch: 3 [4500/33236 (14%)], loss_tgt 1550.900146484375
(13902544896, 23710007296)
Train Epoch: 3 [5000/33236 (15%)], loss_tgt 1581.5379638671875
(13902544896, 23710007296)
Train Epoch: 3 [5500/33236 (17%)], loss_tgt 1721.1259765625
(13902544896, 23710007296)
Train Epoch: 3 [6000/33236 (18%)], loss_tgt 1095.110107421875
(13902544896, 23710007296)
Train Epoch: 3 [6500/33236 (20%)], loss_tgt 1602.996337890625
(13902544896, 23710007296)
Train Epoch: 3 [7000/33236 (21%)], loss_tgt 1561.592041015625
(13902544896, 23710007296)
Train Epoch: 3 [7500/33236 (23%)], loss_tgt 1547.124755859375
(13902544896, 23710007296)
Train Epoch: 3 [8000/33236 (24%)], loss_tgt 1779.553955078125
(13902544896, 23710007296)
Train Epoch: 3 [8500/33236 (26%)], loss_tgt 1772.107421875
(13902544896, 23710007296)
Train Epoch: 3 [9000/33236 (27%)], loss_tgt 1720.818603515625
(13902544896, 23710007296)
Train Epoch: 3 [9500/33236 (29%)], loss_tgt 1374.058837890625
(13902544896, 23710007296)
Train Epoch: 3 [10000/33236 (30%)], loss_tgt 1474.60595703125
(13902544896, 23710007296)
Train Epoch: 3 [10500/33236 (32%)], loss_tgt 1445.591552734375
(13902544896, 23710007296)
Train Epoch: 3 [11000/33236 (33%)], loss_tgt 1030.3228759765625
(13902544896, 23710007296)
Train Epoch: 3 [11500/33236 (35%)], loss_tgt 1258.6563720703125
(13902544896, 23710007296)
Train Epoch: 3 [12000/33236 (36%)], loss_tgt 1335.864501953125
(13902544896, 23710007296)
Train Epoch: 3 [12500/33236 (38%)], loss_tgt 1493.9664306640625
(13902544896, 23710007296)
Train Epoch: 3 [13000/33236 (39%)], loss_tgt 1321.580322265625
(13902544896, 23710007296)
Train Epoch: 3 [13500/33236 (41%)], loss_tgt 1545.008544921875
(13902544896, 23710007296)
Train Epoch: 3 [14000/33236 (42%)], loss_tgt 1790.521484375
(13902544896, 23710007296)
Train Epoch: 3 [14500/33236 (44%)], loss_tgt 1468.0550537109375
(13902544896, 23710007296)
Train Epoch: 3 [15000/33236 (45%)], loss_tgt 1504.639892578125
(13902544896, 23710007296)
Train Epoch: 3 [15500/33236 (47%)], loss_tgt 1496.6190185546875
(13902544896, 23710007296)
Train Epoch: 3 [16000/33236 (48%)], loss_tgt 1495.0228271484375
(13902544896, 23710007296)
Train Epoch: 3 [16500/33236 (50%)], loss_tgt 1594.1641845703125
(13902544896, 23710007296)
Train Epoch: 3 [17000/33236 (51%)], loss_tgt 1284.3438720703125
(13902544896, 23710007296)
Train Epoch: 3 [17500/33236 (53%)], loss_tgt 1473.6610107421875
(13902544896, 23710007296)
Train Epoch: 3 [18000/33236 (54%)], loss_tgt 1628.3636474609375
(13902544896, 23710007296)
Train Epoch: 3 [18500/33236 (56%)], loss_tgt 1529.8299560546875
(13902544896, 23710007296)
Train Epoch: 3 [19000/33236 (57%)], loss_tgt 1309.97119140625
(13902544896, 23710007296)
Train Epoch: 3 [19500/33236 (59%)], loss_tgt 1498.6917724609375
(13902544896, 23710007296)
Train Epoch: 3 [20000/33236 (60%)], loss_tgt 1405.5435791015625
(13902544896, 23710007296)
Train Epoch: 3 [20500/33236 (62%)], loss_tgt 1405.019775390625
(13902544896, 23710007296)
Train Epoch: 3 [21000/33236 (63%)], loss_tgt 1157.2607421875
(13902544896, 23710007296)
Train Epoch: 3 [21500/33236 (65%)], loss_tgt 1672.581787109375
(13902544896, 23710007296)
Train Epoch: 3 [22000/33236 (66%)], loss_tgt 1333.202880859375
(13902544896, 23710007296)
Train Epoch: 3 [22500/33236 (68%)], loss_tgt 1643.4443359375
(13902544896, 23710007296)
Train Epoch: 3 [23000/33236 (69%)], loss_tgt 1586.2344970703125
(13902544896, 23710007296)
Train Epoch: 3 [23500/33236 (71%)], loss_tgt 1547.545654296875
(13902544896, 23710007296)
Train Epoch: 3 [24000/33236 (72%)], loss_tgt 1048.9879150390625
(13902544896, 23710007296)
Train Epoch: 3 [24500/33236 (74%)], loss_tgt 1787.8017578125
(13902544896, 23710007296)
Train Epoch: 3 [25000/33236 (75%)], loss_tgt 1764.243408203125
(13902544896, 23710007296)
Train Epoch: 3 [25500/33236 (77%)], loss_tgt 1222.521240234375
(13902544896, 23710007296)
Train Epoch: 3 [26000/33236 (78%)], loss_tgt 1247.2813720703125
(13902544896, 23710007296)
Train Epoch: 3 [26500/33236 (80%)], loss_tgt 1529.7891845703125
(13902544896, 23710007296)
Train Epoch: 3 [27000/33236 (81%)], loss_tgt 1066.15625
(13902544896, 23710007296)
Train Epoch: 3 [27500/33236 (83%)], loss_tgt 1574.5867919921875
(13902544896, 23710007296)
Train Epoch: 3 [28000/33236 (84%)], loss_tgt 1609.524169921875
(13902544896, 23710007296)
Train Epoch: 3 [28500/33236 (86%)], loss_tgt 1206.8941650390625
(13902544896, 23710007296)
Train Epoch: 3 [29000/33236 (87%)], loss_tgt 1769.563232421875
(13902544896, 23710007296)
Train Epoch: 3 [29500/33236 (89%)], loss_tgt 1630.11865234375
(13902544896, 23710007296)
Train Epoch: 3 [30000/33236 (90%)], loss_tgt 1368.3052978515625
(13902544896, 23710007296)
Train Epoch: 3 [30500/33236 (92%)], loss_tgt 1362.1107177734375
(13902544896, 23710007296)
Train Epoch: 3 [31000/33236 (93%)], loss_tgt 1330.05419921875
(13902544896, 23710007296)
Train Epoch: 3 [31500/33236 (95%)], loss_tgt 1524.4525146484375
(13902544896, 23710007296)
Train Epoch: 3 [32000/33236 (96%)], loss_tgt 1791.0888671875
(13902544896, 23710007296)
Train Epoch: 3 [32500/33236 (98%)], loss_tgt 1220.6953125
(13902544896, 23710007296)
Train Epoch: 3 [33000/33236 (99%)], loss_tgt 1569.223388671875
----------------------------------------Epoch: 4----------------------------------------
(13902544896, 23710007296)
Train Epoch: 4 [0/33236 (0%)], loss_tgt 1666.0091552734375
(13902544896, 23710007296)
Train Epoch: 4 [500/33236 (2%)], loss_tgt 1595.4364013671875
(13902544896, 23710007296)
Train Epoch: 4 [1000/33236 (3%)], loss_tgt 1761.48388671875
(13902544896, 23710007296)
Train Epoch: 4 [1500/33236 (5%)], loss_tgt 1715.3291015625
(13902544896, 23710007296)
Train Epoch: 4 [2000/33236 (6%)], loss_tgt 1789.2886962890625
(13902544896, 23710007296)
Train Epoch: 4 [2500/33236 (8%)], loss_tgt 1736.208251953125
(13902544896, 23710007296)
Train Epoch: 4 [3000/33236 (9%)], loss_tgt 1392.391357421875
(13902544896, 23710007296)
Train Epoch: 4 [3500/33236 (11%)], loss_tgt 1507.5062255859375
(13902544896, 23710007296)
Train Epoch: 4 [4000/33236 (12%)], loss_tgt 1410.02001953125
(13902544896, 23710007296)
Train Epoch: 4 [4500/33236 (14%)], loss_tgt 1255.5875244140625
(13902544896, 23710007296)
Train Epoch: 4 [5000/33236 (15%)], loss_tgt 1515.475830078125
(13902544896, 23710007296)
Train Epoch: 4 [5500/33236 (17%)], loss_tgt 1534.9349365234375
(13902544896, 23710007296)
Train Epoch: 4 [6000/33236 (18%)], loss_tgt 1746.8372802734375
(13902544896, 23710007296)
Train Epoch: 4 [6500/33236 (20%)], loss_tgt 1707.0242919921875
(13902544896, 23710007296)
Train Epoch: 4 [7000/33236 (21%)], loss_tgt 1436.807861328125
(13902544896, 23710007296)
Train Epoch: 4 [7500/33236 (23%)], loss_tgt 1354.36083984375
(13902544896, 23710007296)
Train Epoch: 4 [8000/33236 (24%)], loss_tgt 1766.9619140625
(13902544896, 23710007296)
Train Epoch: 4 [8500/33236 (26%)], loss_tgt 1500.19775390625
(13902544896, 23710007296)
Train Epoch: 4 [9000/33236 (27%)], loss_tgt 1479.2840576171875
(13902544896, 23710007296)
Train Epoch: 4 [9500/33236 (29%)], loss_tgt 1674.7021484375
(13902544896, 23710007296)
Train Epoch: 4 [10000/33236 (30%)], loss_tgt 1470.3096923828125
(13902544896, 23710007296)
Train Epoch: 4 [10500/33236 (32%)], loss_tgt 1765.89794921875
(13902544896, 23710007296)
Train Epoch: 4 [11000/33236 (33%)], loss_tgt 1785.81884765625
(13902544896, 23710007296)
Train Epoch: 4 [11500/33236 (35%)], loss_tgt 1169.61181640625
(13902544896, 23710007296)
Train Epoch: 4 [12000/33236 (36%)], loss_tgt 1372.21240234375
(13902544896, 23710007296)
Train Epoch: 4 [12500/33236 (38%)], loss_tgt 1812.263427734375
(13902544896, 23710007296)
Train Epoch: 4 [13000/33236 (39%)], loss_tgt 1675.9833984375
(13902544896, 23710007296)
Train Epoch: 4 [13500/33236 (41%)], loss_tgt 1531.482421875
(13902544896, 23710007296)
Train Epoch: 4 [14000/33236 (42%)], loss_tgt 1652.773193359375
(13902544896, 23710007296)
Train Epoch: 4 [14500/33236 (44%)], loss_tgt 1773.3115234375
(13902544896, 23710007296)
Train Epoch: 4 [15000/33236 (45%)], loss_tgt 1546.14599609375
(13902544896, 23710007296)
Train Epoch: 4 [15500/33236 (47%)], loss_tgt 1462.05078125
(13902544896, 23710007296)
Train Epoch: 4 [16000/33236 (48%)], loss_tgt 1332.973388671875
(13902544896, 23710007296)
Train Epoch: 4 [16500/33236 (50%)], loss_tgt 1735.4970703125
(13902544896, 23710007296)
Train Epoch: 4 [17000/33236 (51%)], loss_tgt 1722.751953125
(13902544896, 23710007296)
Train Epoch: 4 [17500/33236 (53%)], loss_tgt 1524.4327392578125
(13902544896, 23710007296)
Train Epoch: 4 [18000/33236 (54%)], loss_tgt 1583.9029541015625
(13902544896, 23710007296)
Train Epoch: 4 [18500/33236 (56%)], loss_tgt 1715.06640625
(13902544896, 23710007296)
Train Epoch: 4 [19000/33236 (57%)], loss_tgt 1441.771484375
(13902544896, 23710007296)
Train Epoch: 4 [19500/33236 (59%)], loss_tgt 1337.4541015625
(13902544896, 23710007296)
Train Epoch: 4 [20000/33236 (60%)], loss_tgt 1556.02587890625
(13902544896, 23710007296)
Train Epoch: 4 [20500/33236 (62%)], loss_tgt 1644.204345703125
(13902544896, 23710007296)
Train Epoch: 4 [21000/33236 (63%)], loss_tgt 1665.8907470703125
(13902544896, 23710007296)
Train Epoch: 4 [21500/33236 (65%)], loss_tgt 1517.827880859375
(13902544896, 23710007296)
Train Epoch: 4 [22000/33236 (66%)], loss_tgt 1375.76806640625
(13902544896, 23710007296)
Train Epoch: 4 [22500/33236 (68%)], loss_tgt 1186.046875
(13902544896, 23710007296)
Train Epoch: 4 [23000/33236 (69%)], loss_tgt 1668.94873046875
(13902544896, 23710007296)
Train Epoch: 4 [23500/33236 (71%)], loss_tgt 1564.8349609375
(13902544896, 23710007296)
Train Epoch: 4 [24000/33236 (72%)], loss_tgt 1348.77685546875
(13902544896, 23710007296)
Train Epoch: 4 [24500/33236 (74%)], loss_tgt 1738.8104248046875
(13902544896, 23710007296)
Train Epoch: 4 [25000/33236 (75%)], loss_tgt 1787.6494140625
(13902544896, 23710007296)
Train Epoch: 4 [25500/33236 (77%)], loss_tgt 1508.37890625
(13902544896, 23710007296)
Train Epoch: 4 [26000/33236 (78%)], loss_tgt 1376.506591796875
(13902544896, 23710007296)
Train Epoch: 4 [26500/33236 (80%)], loss_tgt 1412.787841796875
(13902544896, 23710007296)
Train Epoch: 4 [27000/33236 (81%)], loss_tgt 1764.53857421875
(13902544896, 23710007296)
Train Epoch: 4 [27500/33236 (83%)], loss_tgt 1595.31982421875
(13902544896, 23710007296)
Train Epoch: 4 [28000/33236 (84%)], loss_tgt 1562.41015625
(13902544896, 23710007296)
Train Epoch: 4 [28500/33236 (86%)], loss_tgt 1485.2724609375
(13902544896, 23710007296)
Train Epoch: 4 [29000/33236 (87%)], loss_tgt 1716.799560546875
(13902544896, 23710007296)
Train Epoch: 4 [29500/33236 (89%)], loss_tgt 1688.713134765625
(13902544896, 23710007296)
Train Epoch: 4 [30000/33236 (90%)], loss_tgt 1388.7550048828125
(13902544896, 23710007296)
Train Epoch: 4 [30500/33236 (92%)], loss_tgt 1021.4749755859375
(13902544896, 23710007296)
Train Epoch: 4 [31000/33236 (93%)], loss_tgt 1548.6663818359375
(13902544896, 23710007296)
Train Epoch: 4 [31500/33236 (95%)], loss_tgt 1537.2115478515625
(13902544896, 23710007296)
Train Epoch: 4 [32000/33236 (96%)], loss_tgt 1742.0467529296875
(13902544896, 23710007296)
Train Epoch: 4 [32500/33236 (98%)], loss_tgt 1598.465087890625
(13902544896, 23710007296)
Train Epoch: 4 [33000/33236 (99%)], loss_tgt 1547.5614013671875
----------------------------------------Epoch: 5----------------------------------------
(13902544896, 23710007296)
Train Epoch: 5 [0/33236 (0%)], loss_tgt 1562.899169921875
(13902544896, 23710007296)
Train Epoch: 5 [500/33236 (2%)], loss_tgt 1821.515869140625
(13902544896, 23710007296)
Train Epoch: 5 [1000/33236 (3%)], loss_tgt 1605.826904296875
(13902544896, 23710007296)
Train Epoch: 5 [1500/33236 (5%)], loss_tgt 1667.858642578125
(13902544896, 23710007296)
Train Epoch: 5 [2000/33236 (6%)], loss_tgt 1835.7579345703125
(13902544896, 23710007296)
Train Epoch: 5 [2500/33236 (8%)], loss_tgt 1766.3251953125
(13902544896, 23710007296)
Train Epoch: 5 [3000/33236 (9%)], loss_tgt 1280.079833984375
(13902544896, 23710007296)
Train Epoch: 5 [3500/33236 (11%)], loss_tgt 1394.3055419921875
(13902544896, 23710007296)
Train Epoch: 5 [4000/33236 (12%)], loss_tgt 1812.3497314453125
(13902544896, 23710007296)
Train Epoch: 5 [4500/33236 (14%)], loss_tgt 1667.157958984375
(13902544896, 23710007296)
Train Epoch: 5 [5000/33236 (15%)], loss_tgt 1742.27783203125
(13902544896, 23710007296)
Train Epoch: 5 [5500/33236 (17%)], loss_tgt 1722.377197265625
(13902544896, 23710007296)
Train Epoch: 5 [6000/33236 (18%)], loss_tgt 1626.345703125
(13902544896, 23710007296)
Train Epoch: 5 [6500/33236 (20%)], loss_tgt 1679.913818359375
(13902544896, 23710007296)
Train Epoch: 5 [7000/33236 (21%)], loss_tgt 1717.482177734375
(13902544896, 23710007296)
Train Epoch: 5 [7500/33236 (23%)], loss_tgt 1290.3099365234375
(13902544896, 23710007296)
Train Epoch: 5 [8000/33236 (24%)], loss_tgt 1728.70556640625
(13902544896, 23710007296)
Train Epoch: 5 [8500/33236 (26%)], loss_tgt 1523.7587890625
(13902544896, 23710007296)
Train Epoch: 5 [9000/33236 (27%)], loss_tgt 1739.998779296875
(13902544896, 23710007296)
Train Epoch: 5 [9500/33236 (29%)], loss_tgt 1422.04541015625
(13902544896, 23710007296)
Train Epoch: 5 [10000/33236 (30%)], loss_tgt 1464.75537109375
(13902544896, 23710007296)
Train Epoch: 5 [10500/33236 (32%)], loss_tgt 1614.65869140625
(13902544896, 23710007296)
Train Epoch: 5 [11000/33236 (33%)], loss_tgt 1726.2628173828125
(13902544896, 23710007296)
Train Epoch: 5 [11500/33236 (35%)], loss_tgt 1576.0328369140625
(13902544896, 23710007296)
Train Epoch: 5 [12000/33236 (36%)], loss_tgt 1551.42529296875
(13902544896, 23710007296)
Train Epoch: 5 [12500/33236 (38%)], loss_tgt 1486.4573974609375
(13902544896, 23710007296)
Train Epoch: 5 [13000/33236 (39%)], loss_tgt 1782.248046875
(13902544896, 23710007296)
Train Epoch: 5 [13500/33236 (41%)], loss_tgt 1599.1744384765625
(13902544896, 23710007296)
Train Epoch: 5 [14000/33236 (42%)], loss_tgt 1342.5816650390625
(13902544896, 23710007296)
Train Epoch: 5 [14500/33236 (44%)], loss_tgt 1320.6336669921875
(13902544896, 23710007296)
Train Epoch: 5 [15000/33236 (45%)], loss_tgt 1416.162841796875
(13902544896, 23710007296)
Train Epoch: 5 [15500/33236 (47%)], loss_tgt 1574.103515625
(13902544896, 23710007296)
Train Epoch: 5 [16000/33236 (48%)], loss_tgt 1501.74462890625
(13902544896, 23710007296)
Train Epoch: 5 [16500/33236 (50%)], loss_tgt 1788.28369140625
(13902544896, 23710007296)
Train Epoch: 5 [17000/33236 (51%)], loss_tgt 1738.51611328125
(13902544896, 23710007296)
Train Epoch: 5 [17500/33236 (53%)], loss_tgt 1230.2642822265625
(13902544896, 23710007296)
Train Epoch: 5 [18000/33236 (54%)], loss_tgt 1290.68603515625
(13902544896, 23710007296)
Train Epoch: 5 [18500/33236 (56%)], loss_tgt 1610.7288818359375
(13902544896, 23710007296)
Train Epoch: 5 [19000/33236 (57%)], loss_tgt 1790.0421142578125
(13902544896, 23710007296)
Train Epoch: 5 [19500/33236 (59%)], loss_tgt 1308.222412109375
(13902544896, 23710007296)
Train Epoch: 5 [20000/33236 (60%)], loss_tgt 1747.845458984375
(13902544896, 23710007296)
Train Epoch: 5 [20500/33236 (62%)], loss_tgt 1747.715087890625
(13902544896, 23710007296)
Train Epoch: 5 [21000/33236 (63%)], loss_tgt 1311.747314453125
(13902544896, 23710007296)
Train Epoch: 5 [21500/33236 (65%)], loss_tgt 1646.2684326171875
(13902544896, 23710007296)
Train Epoch: 5 [22000/33236 (66%)], loss_tgt 1301.338623046875
(13902544896, 23710007296)
Train Epoch: 5 [22500/33236 (68%)], loss_tgt 1805.572998046875
(13902544896, 23710007296)
Train Epoch: 5 [23000/33236 (69%)], loss_tgt 1521.5584716796875
(13902544896, 23710007296)
Train Epoch: 5 [23500/33236 (71%)], loss_tgt 1554.1710205078125
(13902544896, 23710007296)
Train Epoch: 5 [24000/33236 (72%)], loss_tgt 1314.6185302734375
(13902544896, 23710007296)
Train Epoch: 5 [24500/33236 (74%)], loss_tgt 1090.7861328125
(13902544896, 23710007296)
Train Epoch: 5 [25000/33236 (75%)], loss_tgt 1523.436767578125
(13902544896, 23710007296)
Train Epoch: 5 [25500/33236 (77%)], loss_tgt 1278.8740234375
(13902544896, 23710007296)
Train Epoch: 5 [26000/33236 (78%)], loss_tgt 1562.819580078125
(13902544896, 23710007296)
Train Epoch: 5 [26500/33236 (80%)], loss_tgt 1687.479736328125
(13902544896, 23710007296)
Train Epoch: 5 [27000/33236 (81%)], loss_tgt 1559.9781494140625
(13902544896, 23710007296)
Train Epoch: 5 [27500/33236 (83%)], loss_tgt 1368.80908203125
(13902544896, 23710007296)
Train Epoch: 5 [28000/33236 (84%)], loss_tgt 1426.751953125
(13902544896, 23710007296)
Train Epoch: 5 [28500/33236 (86%)], loss_tgt 1372.767822265625
(13902544896, 23710007296)
Train Epoch: 5 [29000/33236 (87%)], loss_tgt 1753.6943359375
(13902544896, 23710007296)
Train Epoch: 5 [29500/33236 (89%)], loss_tgt 1237.993408203125
(13902544896, 23710007296)
Train Epoch: 5 [30000/33236 (90%)], loss_tgt 1535.00830078125
(13902544896, 23710007296)
Train Epoch: 5 [30500/33236 (92%)], loss_tgt 1193.80224609375
(13902544896, 23710007296)
Train Epoch: 5 [31000/33236 (93%)], loss_tgt 1670.702880859375
(13902544896, 23710007296)
Train Epoch: 5 [31500/33236 (95%)], loss_tgt 1671.64306640625
(13902544896, 23710007296)
Train Epoch: 5 [32000/33236 (96%)], loss_tgt 1581.277099609375
(13902544896, 23710007296)
Train Epoch: 5 [32500/33236 (98%)], loss_tgt 1762.647216796875
(13902544896, 23710007296)
Train Epoch: 5 [33000/33236 (99%)], loss_tgt 1472.4339599609375
----------------------------------------Epoch: 6----------------------------------------
(13902544896, 23710007296)
Train Epoch: 6 [0/33236 (0%)], loss_tgt 1749.193603515625
(13902544896, 23710007296)
Train Epoch: 6 [500/33236 (2%)], loss_tgt 1797.5810546875
(13902544896, 23710007296)
Train Epoch: 6 [1000/33236 (3%)], loss_tgt 1623.3822021484375
(13902544896, 23710007296)
Train Epoch: 6 [1500/33236 (5%)], loss_tgt 1787.226806640625
(13902544896, 23710007296)
Train Epoch: 6 [2000/33236 (6%)], loss_tgt 1316.36865234375
(13902544896, 23710007296)
Train Epoch: 6 [2500/33236 (8%)], loss_tgt 1320.1259765625
(13902544896, 23710007296)
Train Epoch: 6 [3000/33236 (9%)], loss_tgt 1417.616455078125
(13902544896, 23710007296)
Train Epoch: 6 [3500/33236 (11%)], loss_tgt 1774.8946533203125
(13902544896, 23710007296)
Train Epoch: 6 [4000/33236 (12%)], loss_tgt 1685.934814453125
(13902544896, 23710007296)
Train Epoch: 6 [4500/33236 (14%)], loss_tgt 1808.6868896484375
(13902544896, 23710007296)
Train Epoch: 6 [5000/33236 (15%)], loss_tgt 997.8846435546875
(13902544896, 23710007296)
Train Epoch: 6 [5500/33236 (17%)], loss_tgt 1461.5321044921875
(13902544896, 23710007296)
Train Epoch: 6 [6000/33236 (18%)], loss_tgt 1409.8619384765625
(13902544896, 23710007296)
Train Epoch: 6 [6500/33236 (20%)], loss_tgt 1330.56494140625
(13902544896, 23710007296)
Train Epoch: 6 [7000/33236 (21%)], loss_tgt 1570.9005126953125
(13902544896, 23710007296)
Train Epoch: 6 [7500/33236 (23%)], loss_tgt 1741.2686767578125
(13902544896, 23710007296)
Train Epoch: 6 [8000/33236 (24%)], loss_tgt 1472.5181884765625
(13902544896, 23710007296)
Train Epoch: 6 [8500/33236 (26%)], loss_tgt 1699.038818359375
(13902544896, 23710007296)
Train Epoch: 6 [9000/33236 (27%)], loss_tgt 1633.2564697265625
(13902544896, 23710007296)
Train Epoch: 6 [9500/33236 (29%)], loss_tgt 1597.2174072265625
(13902544896, 23710007296)
Train Epoch: 6 [10000/33236 (30%)], loss_tgt 1545.2044677734375
(13902544896, 23710007296)
Train Epoch: 6 [10500/33236 (32%)], loss_tgt 1714.8114013671875
(13902544896, 23710007296)
Train Epoch: 6 [11000/33236 (33%)], loss_tgt 1473.725341796875
(13902544896, 23710007296)
Train Epoch: 6 [11500/33236 (35%)], loss_tgt 1751.2637939453125
(13902544896, 23710007296)
Train Epoch: 6 [12000/33236 (36%)], loss_tgt 993.1836547851562
(13902544896, 23710007296)
Train Epoch: 6 [12500/33236 (38%)], loss_tgt 1484.570556640625
(13902544896, 23710007296)
Train Epoch: 6 [13000/33236 (39%)], loss_tgt 1671.974609375
(13902544896, 23710007296)
Train Epoch: 6 [13500/33236 (41%)], loss_tgt 1720.755615234375
(13902544896, 23710007296)
Train Epoch: 6 [14000/33236 (42%)], loss_tgt 1749.570068359375
(13902544896, 23710007296)
Train Epoch: 6 [14500/33236 (44%)], loss_tgt 1588.83154296875
(13902544896, 23710007296)
Train Epoch: 6 [15000/33236 (45%)], loss_tgt 1740.3271484375
(13902544896, 23710007296)
Train Epoch: 6 [15500/33236 (47%)], loss_tgt 1841.880859375
(13902544896, 23710007296)
Train Epoch: 6 [16000/33236 (48%)], loss_tgt 1666.2647705078125
(13902544896, 23710007296)
Train Epoch: 6 [16500/33236 (50%)], loss_tgt 1146.9814453125
(13902544896, 23710007296)
Train Epoch: 6 [17000/33236 (51%)], loss_tgt 1057.7105712890625
(13902544896, 23710007296)
Train Epoch: 6 [17500/33236 (53%)], loss_tgt 1621.4244384765625
(13902544896, 23710007296)
Train Epoch: 6 [18000/33236 (54%)], loss_tgt 1624.3653564453125
(13902544896, 23710007296)
Train Epoch: 6 [18500/33236 (56%)], loss_tgt 1397.506591796875
(13902544896, 23710007296)
Train Epoch: 6 [19000/33236 (57%)], loss_tgt 1737.38525390625
(13902544896, 23710007296)
Train Epoch: 6 [19500/33236 (59%)], loss_tgt 1130.303955078125
(13902544896, 23710007296)
Train Epoch: 6 [20000/33236 (60%)], loss_tgt 1730.2216796875
(13902544896, 23710007296)
Train Epoch: 6 [20500/33236 (62%)], loss_tgt 1256.5372314453125
(13902544896, 23710007296)
Train Epoch: 6 [21000/33236 (63%)], loss_tgt 1760.3798828125
(13902544896, 23710007296)
Train Epoch: 6 [21500/33236 (65%)], loss_tgt 1788.788818359375
(13902544896, 23710007296)
Train Epoch: 6 [22000/33236 (66%)], loss_tgt 1757.591552734375
(13902544896, 23710007296)
Train Epoch: 6 [22500/33236 (68%)], loss_tgt 1582.849853515625
(13902544896, 23710007296)
Train Epoch: 6 [23000/33236 (69%)], loss_tgt 1425.3179931640625
(13902544896, 23710007296)
Train Epoch: 6 [23500/33236 (71%)], loss_tgt 1287.35498046875
(13902544896, 23710007296)
Train Epoch: 6 [24000/33236 (72%)], loss_tgt 1612.11474609375
(13902544896, 23710007296)
Train Epoch: 6 [24500/33236 (74%)], loss_tgt 1397.6552734375
(13902544896, 23710007296)
Train Epoch: 6 [25000/33236 (75%)], loss_tgt 1768.531494140625
(13902544896, 23710007296)
Train Epoch: 6 [25500/33236 (77%)], loss_tgt 1758.866455078125
(13902544896, 23710007296)
Train Epoch: 6 [26000/33236 (78%)], loss_tgt 1452.488037109375
(13902544896, 23710007296)
Train Epoch: 6 [26500/33236 (80%)], loss_tgt 1559.6810302734375
(13902544896, 23710007296)
Train Epoch: 6 [27000/33236 (81%)], loss_tgt 1709.545654296875
(13902544896, 23710007296)
Train Epoch: 6 [27500/33236 (83%)], loss_tgt 1450.552001953125
(13902544896, 23710007296)
Train Epoch: 6 [28000/33236 (84%)], loss_tgt 1450.87939453125
(13902544896, 23710007296)
Train Epoch: 6 [28500/33236 (86%)], loss_tgt 1025.614990234375
(13902544896, 23710007296)
Train Epoch: 6 [29000/33236 (87%)], loss_tgt 1698.15283203125
(13902544896, 23710007296)
Train Epoch: 6 [29500/33236 (89%)], loss_tgt 1688.468505859375
(13902544896, 23710007296)
Train Epoch: 6 [30000/33236 (90%)], loss_tgt 1570.833984375
(13902544896, 23710007296)
Train Epoch: 6 [30500/33236 (92%)], loss_tgt 1635.766357421875
(13902544896, 23710007296)
Train Epoch: 6 [31000/33236 (93%)], loss_tgt 1827.293701171875
(13902544896, 23710007296)
Train Epoch: 6 [31500/33236 (95%)], loss_tgt 1333.0860595703125
(13902544896, 23710007296)
Train Epoch: 6 [32000/33236 (96%)], loss_tgt 1615.44677734375
(13902544896, 23710007296)
Train Epoch: 6 [32500/33236 (98%)], loss_tgt 1401.2076416015625
(13902544896, 23710007296)
Train Epoch: 6 [33000/33236 (99%)], loss_tgt 1266.3603515625
----------------------------------------Epoch: 7----------------------------------------
(13902544896, 23710007296)
Train Epoch: 7 [0/33236 (0%)], loss_tgt 1594.267822265625
(13902544896, 23710007296)
Train Epoch: 7 [500/33236 (2%)], loss_tgt 1392.3260498046875
(13902544896, 23710007296)
Train Epoch: 7 [1000/33236 (3%)], loss_tgt 1563.1470947265625
(13902544896, 23710007296)
Train Epoch: 7 [1500/33236 (5%)], loss_tgt 1848.692138671875
(13902544896, 23710007296)
Train Epoch: 7 [2000/33236 (6%)], loss_tgt 1419.88037109375
(13902544896, 23710007296)
Train Epoch: 7 [2500/33236 (8%)], loss_tgt 1762.147216796875
(13902544896, 23710007296)
Train Epoch: 7 [3000/33236 (9%)], loss_tgt 1659.9658203125
(13902544896, 23710007296)
Train Epoch: 7 [3500/33236 (11%)], loss_tgt 1561.6182861328125
(13902544896, 23710007296)
Train Epoch: 7 [4000/33236 (12%)], loss_tgt 1772.533447265625
(13902544896, 23710007296)
Train Epoch: 7 [4500/33236 (14%)], loss_tgt 1740.56591796875
(13902544896, 23710007296)
Train Epoch: 7 [5000/33236 (15%)], loss_tgt 1243.423095703125
(13902544896, 23710007296)
Train Epoch: 7 [5500/33236 (17%)], loss_tgt 1443.52001953125
(13902544896, 23710007296)
Train Epoch: 7 [6000/33236 (18%)], loss_tgt 1517.6124267578125
(13902544896, 23710007296)
Train Epoch: 7 [6500/33236 (20%)], loss_tgt 1648.58935546875
(13902544896, 23710007296)
Train Epoch: 7 [7000/33236 (21%)], loss_tgt 1748.281494140625
(13902544896, 23710007296)
Train Epoch: 7 [7500/33236 (23%)], loss_tgt 1258.88818359375
(13902544896, 23710007296)
Train Epoch: 7 [8000/33236 (24%)], loss_tgt 1331.93701171875
(13902544896, 23710007296)
Train Epoch: 7 [8500/33236 (26%)], loss_tgt 1456.0609130859375
(13902544896, 23710007296)
Train Epoch: 7 [9000/33236 (27%)], loss_tgt 1613.614990234375
(13902544896, 23710007296)
Train Epoch: 7 [9500/33236 (29%)], loss_tgt 1423.8585205078125
(13902544896, 23710007296)
Train Epoch: 7 [10000/33236 (30%)], loss_tgt 1466.206787109375
(13902544896, 23710007296)
Train Epoch: 7 [10500/33236 (32%)], loss_tgt 1611.892333984375
(13902544896, 23710007296)
Train Epoch: 7 [11000/33236 (33%)], loss_tgt 1546.2108154296875
(13902544896, 23710007296)
Train Epoch: 7 [11500/33236 (35%)], loss_tgt 1147.1241455078125
(13902544896, 23710007296)
Train Epoch: 7 [12000/33236 (36%)], loss_tgt 1529.1573486328125
(13902544896, 23710007296)
Train Epoch: 7 [12500/33236 (38%)], loss_tgt 1780.637939453125
(13902544896, 23710007296)
Train Epoch: 7 [13000/33236 (39%)], loss_tgt 1637.7080078125
(13902544896, 23710007296)
Train Epoch: 7 [13500/33236 (41%)], loss_tgt 1709.43798828125
(13902544896, 23710007296)
Train Epoch: 7 [14000/33236 (42%)], loss_tgt 1224.9398193359375
(13902544896, 23710007296)
Train Epoch: 7 [14500/33236 (44%)], loss_tgt 1137.012451171875
(13902544896, 23710007296)
Train Epoch: 7 [15000/33236 (45%)], loss_tgt 1608.73193359375
(13902544896, 23710007296)
Train Epoch: 7 [15500/33236 (47%)], loss_tgt 1794.52783203125
(13902544896, 23710007296)
Train Epoch: 7 [16000/33236 (48%)], loss_tgt 1601.978515625
(13902544896, 23710007296)
Train Epoch: 7 [16500/33236 (50%)], loss_tgt 1837.325439453125
(13902544896, 23710007296)
Train Epoch: 7 [17000/33236 (51%)], loss_tgt 1747.522705078125
(13902544896, 23710007296)
Train Epoch: 7 [17500/33236 (53%)], loss_tgt 1430.78369140625
(13902544896, 23710007296)
Train Epoch: 7 [18000/33236 (54%)], loss_tgt 1591.986572265625
(13902544896, 23710007296)
Train Epoch: 7 [18500/33236 (56%)], loss_tgt 1721.718994140625
(13902544896, 23710007296)
Train Epoch: 7 [19000/33236 (57%)], loss_tgt 1454.066162109375
(13902544896, 23710007296)
Train Epoch: 7 [19500/33236 (59%)], loss_tgt 1591.146484375
(13902544896, 23710007296)
Train Epoch: 7 [20000/33236 (60%)], loss_tgt 1686.389892578125
(13902544896, 23710007296)
Train Epoch: 7 [20500/33236 (62%)], loss_tgt 1558.5224609375
(13902544896, 23710007296)
Train Epoch: 7 [21000/33236 (63%)], loss_tgt 1547.832275390625
(13902544896, 23710007296)
Train Epoch: 7 [21500/33236 (65%)], loss_tgt 1756.103271484375
(13902544896, 23710007296)
Train Epoch: 7 [22000/33236 (66%)], loss_tgt 1698.418212890625
(13902544896, 23710007296)
Train Epoch: 7 [22500/33236 (68%)], loss_tgt 1550.804443359375
(13902544896, 23710007296)
Train Epoch: 7 [23000/33236 (69%)], loss_tgt 1395.356201171875
(13902544896, 23710007296)
Train Epoch: 7 [23500/33236 (71%)], loss_tgt 1590.5369873046875
(13902544896, 23710007296)
Train Epoch: 7 [24000/33236 (72%)], loss_tgt 1155.13427734375
(13902544896, 23710007296)
Train Epoch: 7 [24500/33236 (74%)], loss_tgt 1526.88427734375
(13902544896, 23710007296)
Train Epoch: 7 [25000/33236 (75%)], loss_tgt 1520.5997314453125
(13902544896, 23710007296)
Train Epoch: 7 [25500/33236 (77%)], loss_tgt 1570.5528564453125
(13902544896, 23710007296)
Train Epoch: 7 [26000/33236 (78%)], loss_tgt 1380.103271484375
(13902544896, 23710007296)
Train Epoch: 7 [26500/33236 (80%)], loss_tgt 1739.2252197265625
(13902544896, 23710007296)
Train Epoch: 7 [27000/33236 (81%)], loss_tgt 1622.6162109375
(13902544896, 23710007296)
Train Epoch: 7 [27500/33236 (83%)], loss_tgt 1581.03857421875
(13902544896, 23710007296)
Train Epoch: 7 [28000/33236 (84%)], loss_tgt 1520.49267578125
(13902544896, 23710007296)
Train Epoch: 7 [28500/33236 (86%)], loss_tgt 1526.34521484375
(13902544896, 23710007296)
Train Epoch: 7 [29000/33236 (87%)], loss_tgt 1768.662353515625
(13902544896, 23710007296)
Train Epoch: 7 [29500/33236 (89%)], loss_tgt 1376.156005859375
(13902544896, 23710007296)
Train Epoch: 7 [30000/33236 (90%)], loss_tgt 1551.809326171875
(13902544896, 23710007296)
Train Epoch: 7 [30500/33236 (92%)], loss_tgt 1602.2939453125
(13902544896, 23710007296)
Train Epoch: 7 [31000/33236 (93%)], loss_tgt 1815.52783203125
(13902544896, 23710007296)
Train Epoch: 7 [31500/33236 (95%)], loss_tgt 1394.408447265625
(13902544896, 23710007296)
Train Epoch: 7 [32000/33236 (96%)], loss_tgt 1512.6826171875
(13902544896, 23710007296)
Train Epoch: 7 [32500/33236 (98%)], loss_tgt 1503.9041748046875
(13902544896, 23710007296)
Train Epoch: 7 [33000/33236 (99%)], loss_tgt 1144.448974609375
----------------------------------------Epoch: 8----------------------------------------
(13902544896, 23710007296)
Train Epoch: 8 [0/33236 (0%)], loss_tgt 1163.96875
(13902544896, 23710007296)
Train Epoch: 8 [500/33236 (2%)], loss_tgt 1817.7906494140625
(13902544896, 23710007296)
Train Epoch: 8 [1000/33236 (3%)], loss_tgt 1638.397705078125
(13902544896, 23710007296)
Train Epoch: 8 [1500/33236 (5%)], loss_tgt 1289.8580322265625
(13902544896, 23710007296)
Train Epoch: 8 [2000/33236 (6%)], loss_tgt 1740.03857421875
(13902544896, 23710007296)
Train Epoch: 8 [2500/33236 (8%)], loss_tgt 1282.6260986328125
(13902544896, 23710007296)
Train Epoch: 8 [3000/33236 (9%)], loss_tgt 1728.611572265625
(13902544896, 23710007296)
Train Epoch: 8 [3500/33236 (11%)], loss_tgt 1759.373291015625
(13902544896, 23710007296)
Train Epoch: 8 [4000/33236 (12%)], loss_tgt 1738.6109619140625
(13902544896, 23710007296)
Train Epoch: 8 [4500/33236 (14%)], loss_tgt 1322.942138671875
(13902544896, 23710007296)
Train Epoch: 8 [5000/33236 (15%)], loss_tgt 1670.38916015625
(13902544896, 23710007296)
Train Epoch: 8 [5500/33236 (17%)], loss_tgt 1582.3734130859375
(13902544896, 23710007296)
Train Epoch: 8 [6000/33236 (18%)], loss_tgt 1725.4547119140625
(13902544896, 23710007296)
Train Epoch: 8 [6500/33236 (20%)], loss_tgt 1482.7960205078125
(13902544896, 23710007296)
Train Epoch: 8 [7000/33236 (21%)], loss_tgt 1655.8193359375
(13902544896, 23710007296)
Train Epoch: 8 [7500/33236 (23%)], loss_tgt 1498.5115966796875
(13902544896, 23710007296)
Train Epoch: 8 [8000/33236 (24%)], loss_tgt 1594.0958251953125
(13902544896, 23710007296)
Train Epoch: 8 [8500/33236 (26%)], loss_tgt 1294.5479736328125
(13902544896, 23710007296)
Train Epoch: 8 [9000/33236 (27%)], loss_tgt 1383.9630126953125
(13902544896, 23710007296)
Train Epoch: 8 [9500/33236 (29%)], loss_tgt 1402.242431640625
(13902544896, 23710007296)
Train Epoch: 8 [10000/33236 (30%)], loss_tgt 1466.82666015625
(13902544896, 23710007296)
Train Epoch: 8 [10500/33236 (32%)], loss_tgt 1566.3673095703125
(13902544896, 23710007296)
Train Epoch: 8 [11000/33236 (33%)], loss_tgt 1606.160400390625
(13902544896, 23710007296)
Train Epoch: 8 [11500/33236 (35%)], loss_tgt 1485.544189453125
(13902544896, 23710007296)
Train Epoch: 8 [12000/33236 (36%)], loss_tgt 1751.03076171875
(13902544896, 23710007296)
Train Epoch: 8 [12500/33236 (38%)], loss_tgt 1470.4302978515625
(13902544896, 23710007296)
Train Epoch: 8 [13000/33236 (39%)], loss_tgt 1641.259521484375
(13902544896, 23710007296)
Train Epoch: 8 [13500/33236 (41%)], loss_tgt 1790.4224853515625
(13902544896, 23710007296)
Train Epoch: 8 [14000/33236 (42%)], loss_tgt 1333.823974609375
(13902544896, 23710007296)
Train Epoch: 8 [14500/33236 (44%)], loss_tgt 1658.4320068359375
(13902544896, 23710007296)
Train Epoch: 8 [15000/33236 (45%)], loss_tgt 1441.3248291015625
(13902544896, 23710007296)
Train Epoch: 8 [15500/33236 (47%)], loss_tgt 1515.8160400390625
(13902544896, 23710007296)
Train Epoch: 8 [16000/33236 (48%)], loss_tgt 1486.308837890625
(13902544896, 23710007296)
Train Epoch: 8 [16500/33236 (50%)], loss_tgt 1764.5587158203125
(13902544896, 23710007296)
Train Epoch: 8 [17000/33236 (51%)], loss_tgt 1801.68994140625
(13902544896, 23710007296)
Train Epoch: 8 [17500/33236 (53%)], loss_tgt 1524.4678955078125
(13902544896, 23710007296)
Train Epoch: 8 [18000/33236 (54%)], loss_tgt 1508.2034912109375
(13902544896, 23710007296)
Train Epoch: 8 [18500/33236 (56%)], loss_tgt 1706.140380859375
(13902544896, 23710007296)
Train Epoch: 8 [19000/33236 (57%)], loss_tgt 1402.7379150390625
(13902544896, 23710007296)
Train Epoch: 8 [19500/33236 (59%)], loss_tgt 1342.5771484375
(13902544896, 23710007296)
Train Epoch: 8 [20000/33236 (60%)], loss_tgt 1370.788818359375
(13902544896, 23710007296)
Train Epoch: 8 [20500/33236 (62%)], loss_tgt 1550.73046875
(13902544896, 23710007296)
Train Epoch: 8 [21000/33236 (63%)], loss_tgt 1318.87841796875
(13902544896, 23710007296)
Train Epoch: 8 [21500/33236 (65%)], loss_tgt 1792.889404296875
(13902544896, 23710007296)
Train Epoch: 8 [22000/33236 (66%)], loss_tgt 1551.6363525390625
(13902544896, 23710007296)
Train Epoch: 8 [22500/33236 (68%)], loss_tgt 1696.83837890625
(13902544896, 23710007296)
Train Epoch: 8 [23000/33236 (69%)], loss_tgt 1524.00390625
(13902544896, 23710007296)
Train Epoch: 8 [23500/33236 (71%)], loss_tgt 1651.86962890625
(13902544896, 23710007296)
Train Epoch: 8 [24000/33236 (72%)], loss_tgt 1704.005859375
(13902544896, 23710007296)
Train Epoch: 8 [24500/33236 (74%)], loss_tgt 1669.9351806640625
(13902544896, 23710007296)
Train Epoch: 8 [25000/33236 (75%)], loss_tgt 1794.698974609375
(13902544896, 23710007296)
Train Epoch: 8 [25500/33236 (77%)], loss_tgt 1555.2330322265625
(13902544896, 23710007296)
Train Epoch: 8 [26000/33236 (78%)], loss_tgt 1461.637451171875
(13902544896, 23710007296)
Train Epoch: 8 [26500/33236 (80%)], loss_tgt 1556.1575927734375
(13902544896, 23710007296)
Train Epoch: 8 [27000/33236 (81%)], loss_tgt 1703.055419921875
(13902544896, 23710007296)
Train Epoch: 8 [27500/33236 (83%)], loss_tgt 1681.662109375
(13902544896, 23710007296)
Train Epoch: 8 [28000/33236 (84%)], loss_tgt 1652.2801513671875
(13902544896, 23710007296)
Train Epoch: 8 [28500/33236 (86%)], loss_tgt 1445.4630126953125
(13902544896, 23710007296)
Train Epoch: 8 [29000/33236 (87%)], loss_tgt 1286.883544921875
(13902544896, 23710007296)
Train Epoch: 8 [29500/33236 (89%)], loss_tgt 1302.9000244140625
(13902544896, 23710007296)
Train Epoch: 8 [30000/33236 (90%)], loss_tgt 1427.445068359375
(13902544896, 23710007296)
Train Epoch: 8 [30500/33236 (92%)], loss_tgt 1717.208740234375
(13902544896, 23710007296)
Train Epoch: 8 [31000/33236 (93%)], loss_tgt 1419.5635986328125
(13902544896, 23710007296)
Train Epoch: 8 [31500/33236 (95%)], loss_tgt 1438.654052734375
(13902544896, 23710007296)
Train Epoch: 8 [32000/33236 (96%)], loss_tgt 1528.5174560546875
(13902544896, 23710007296)
Train Epoch: 8 [32500/33236 (98%)], loss_tgt 1349.652587890625
(13902544896, 23710007296)
Train Epoch: 8 [33000/33236 (99%)], loss_tgt 1554.50048828125
----------------------------------------Epoch: 9----------------------------------------
(13902544896, 23710007296)
Train Epoch: 9 [0/33236 (0%)], loss_tgt 1577.3966064453125
(13902544896, 23710007296)
Train Epoch: 9 [500/33236 (2%)], loss_tgt 1681.8897705078125
(13902544896, 23710007296)
Train Epoch: 9 [1000/33236 (3%)], loss_tgt 1577.0220947265625
(13902544896, 23710007296)
Train Epoch: 9 [1500/33236 (5%)], loss_tgt 1275.3819580078125
(13902544896, 23710007296)
Train Epoch: 9 [2000/33236 (6%)], loss_tgt 1440.3826904296875
(13902544896, 23710007296)
Train Epoch: 9 [2500/33236 (8%)], loss_tgt 1735.1845703125
(13902544896, 23710007296)
Train Epoch: 9 [3000/33236 (9%)], loss_tgt 1551.0323486328125
(13902544896, 23710007296)
Train Epoch: 9 [3500/33236 (11%)], loss_tgt 1411.2425537109375
(13902544896, 23710007296)
Train Epoch: 9 [4000/33236 (12%)], loss_tgt 1704.525634765625
(13902544896, 23710007296)
Train Epoch: 9 [4500/33236 (14%)], loss_tgt 1503.8594970703125
(13902544896, 23710007296)
Train Epoch: 9 [5000/33236 (15%)], loss_tgt 1520.552734375
(13902544896, 23710007296)
Train Epoch: 9 [5500/33236 (17%)], loss_tgt 1574.465576171875
(13902544896, 23710007296)
Train Epoch: 9 [6000/33236 (18%)], loss_tgt 1701.115966796875
(13902544896, 23710007296)
Train Epoch: 9 [6500/33236 (20%)], loss_tgt 1459.24560546875
(13902544896, 23710007296)
Train Epoch: 9 [7000/33236 (21%)], loss_tgt 1492.98828125
(13902544896, 23710007296)
Train Epoch: 9 [7500/33236 (23%)], loss_tgt 1018.420654296875
(13902544896, 23710007296)
Train Epoch: 9 [8000/33236 (24%)], loss_tgt 1431.3800048828125
(13902544896, 23710007296)
Train Epoch: 9 [8500/33236 (26%)], loss_tgt 1767.881103515625
(13902544896, 23710007296)
Train Epoch: 9 [9000/33236 (27%)], loss_tgt 1342.935546875
(13902544896, 23710007296)
Train Epoch: 9 [9500/33236 (29%)], loss_tgt 1166.02294921875
(13902544896, 23710007296)
Train Epoch: 9 [10000/33236 (30%)], loss_tgt 1539.9781494140625
(13902544896, 23710007296)
Train Epoch: 9 [10500/33236 (32%)], loss_tgt 1728.39501953125
(13902544896, 23710007296)
Train Epoch: 9 [11000/33236 (33%)], loss_tgt 1532.5482177734375
(13902544896, 23710007296)
Train Epoch: 9 [11500/33236 (35%)], loss_tgt 1403.8270263671875
(13902544896, 23710007296)
Train Epoch: 9 [12000/33236 (36%)], loss_tgt 1611.4033203125
(13902544896, 23710007296)
Train Epoch: 9 [12500/33236 (38%)], loss_tgt 1713.3564453125
(13902544896, 23710007296)
Train Epoch: 9 [13000/33236 (39%)], loss_tgt 1318.1719970703125
(13902544896, 23710007296)
Train Epoch: 9 [13500/33236 (41%)], loss_tgt 1762.344970703125
(13902544896, 23710007296)
Train Epoch: 9 [14000/33236 (42%)], loss_tgt 1621.27685546875
(13902544896, 23710007296)
Train Epoch: 9 [14500/33236 (44%)], loss_tgt 1536.258544921875
(13902544896, 23710007296)
Train Epoch: 9 [15000/33236 (45%)], loss_tgt 1358.632568359375
(13902544896, 23710007296)
Train Epoch: 9 [15500/33236 (47%)], loss_tgt 1485.8955078125
(13902544896, 23710007296)
Train Epoch: 9 [16000/33236 (48%)], loss_tgt 1753.649658203125
(13902544896, 23710007296)
Train Epoch: 9 [16500/33236 (50%)], loss_tgt 1467.7333984375
(13902544896, 23710007296)
Train Epoch: 9 [17000/33236 (51%)], loss_tgt 1334.774169921875
(13902544896, 23710007296)
Train Epoch: 9 [17500/33236 (53%)], loss_tgt 1237.5321044921875
(13902544896, 23710007296)
Train Epoch: 9 [18000/33236 (54%)], loss_tgt 1419.4893798828125
(13902544896, 23710007296)
Train Epoch: 9 [18500/33236 (56%)], loss_tgt 1184.039794921875
(13902544896, 23710007296)
Train Epoch: 9 [19000/33236 (57%)], loss_tgt 1264.0670166015625
(13902544896, 23710007296)
Train Epoch: 9 [19500/33236 (59%)], loss_tgt 1449.5155029296875
(13902544896, 23710007296)
Train Epoch: 9 [20000/33236 (60%)], loss_tgt 1517.835205078125
(13902544896, 23710007296)
Train Epoch: 9 [20500/33236 (62%)], loss_tgt 1453.3974609375
(13902544896, 23710007296)
Train Epoch: 9 [21000/33236 (63%)], loss_tgt 1614.1710205078125
(13902544896, 23710007296)
Train Epoch: 9 [21500/33236 (65%)], loss_tgt 1539.7659912109375
(13902544896, 23710007296)
Train Epoch: 9 [22000/33236 (66%)], loss_tgt 1764.96533203125
(13902544896, 23710007296)
Train Epoch: 9 [22500/33236 (68%)], loss_tgt 1583.483154296875
(13902544896, 23710007296)
Train Epoch: 9 [23000/33236 (69%)], loss_tgt 1593.1453857421875
(13902544896, 23710007296)
Train Epoch: 9 [23500/33236 (71%)], loss_tgt 1781.910888671875
(13902544896, 23710007296)
Train Epoch: 9 [24000/33236 (72%)], loss_tgt 1527.50146484375
(13902544896, 23710007296)
Train Epoch: 9 [24500/33236 (74%)], loss_tgt 1472.3721923828125
(13902544896, 23710007296)
Train Epoch: 9 [25000/33236 (75%)], loss_tgt 1701.2138671875
(13902544896, 23710007296)
Train Epoch: 9 [25500/33236 (77%)], loss_tgt 1442.7396240234375
(13902544896, 23710007296)
Train Epoch: 9 [26000/33236 (78%)], loss_tgt 1710.37744140625
(13902544896, 23710007296)
Train Epoch: 9 [26500/33236 (80%)], loss_tgt 1364.319091796875
(13902544896, 23710007296)
Train Epoch: 9 [27000/33236 (81%)], loss_tgt 1530.157958984375
(13902544896, 23710007296)
Train Epoch: 9 [27500/33236 (83%)], loss_tgt 1082.9296875
(13902544896, 23710007296)
Train Epoch: 9 [28000/33236 (84%)], loss_tgt 1645.3311767578125
(13902544896, 23710007296)
Train Epoch: 9 [28500/33236 (86%)], loss_tgt 1512.9500732421875
(13902544896, 23710007296)
Train Epoch: 9 [29000/33236 (87%)], loss_tgt 1581.757568359375
(13902544896, 23710007296)
Train Epoch: 9 [29500/33236 (89%)], loss_tgt 1328.6925048828125
(13902544896, 23710007296)
Train Epoch: 9 [30000/33236 (90%)], loss_tgt 1058.707763671875
(13902544896, 23710007296)
Train Epoch: 9 [30500/33236 (92%)], loss_tgt 1796.7861328125
(13902544896, 23710007296)
Train Epoch: 9 [31000/33236 (93%)], loss_tgt 1587.1500244140625
(13902544896, 23710007296)
Train Epoch: 9 [31500/33236 (95%)], loss_tgt 1552.39892578125
(13902544896, 23710007296)
Train Epoch: 9 [32000/33236 (96%)], loss_tgt 1559.4205322265625
(13902544896, 23710007296)
Train Epoch: 9 [32500/33236 (98%)], loss_tgt 1776.587158203125
(13902544896, 23710007296)
Train Epoch: 9 [33000/33236 (99%)], loss_tgt 1545.052001953125
----------------------------------------Epoch: 10----------------------------------------
(13902544896, 23710007296)
Train Epoch: 10 [0/33236 (0%)], loss_tgt 1471.941162109375
(13902544896, 23710007296)
Train Epoch: 10 [500/33236 (2%)], loss_tgt 1513.999267578125
(13902544896, 23710007296)
Train Epoch: 10 [1000/33236 (3%)], loss_tgt 1381.240966796875
(13902544896, 23710007296)
Train Epoch: 10 [1500/33236 (5%)], loss_tgt 1745.379638671875
(13902544896, 23710007296)
Train Epoch: 10 [2000/33236 (6%)], loss_tgt 1136.440673828125
(13902544896, 23710007296)
Train Epoch: 10 [2500/33236 (8%)], loss_tgt 1404.8026123046875
(13902544896, 23710007296)
Train Epoch: 10 [3000/33236 (9%)], loss_tgt 1739.263671875
(13902544896, 23710007296)
Train Epoch: 10 [3500/33236 (11%)], loss_tgt 1761.7744140625
(13902544896, 23710007296)
Train Epoch: 10 [4000/33236 (12%)], loss_tgt 1406.00732421875
(13902544896, 23710007296)
Train Epoch: 10 [4500/33236 (14%)], loss_tgt 1333.498291015625
(13902544896, 23710007296)
Train Epoch: 10 [5000/33236 (15%)], loss_tgt 1793.7086181640625
(13902544896, 23710007296)
Train Epoch: 10 [5500/33236 (17%)], loss_tgt 1421.676513671875
(13902544896, 23710007296)
Train Epoch: 10 [6000/33236 (18%)], loss_tgt 1623.4080810546875
(13902544896, 23710007296)
Train Epoch: 10 [6500/33236 (20%)], loss_tgt 1769.154052734375
(13902544896, 23710007296)
Train Epoch: 10 [7000/33236 (21%)], loss_tgt 1503.234619140625
(13902544896, 23710007296)
Train Epoch: 10 [7500/33236 (23%)], loss_tgt 1796.078857421875
(13902544896, 23710007296)
Train Epoch: 10 [8000/33236 (24%)], loss_tgt 1146.19677734375
(13902544896, 23710007296)
Train Epoch: 10 [8500/33236 (26%)], loss_tgt 1559.271728515625
(13902544896, 23710007296)
Train Epoch: 10 [9000/33236 (27%)], loss_tgt 1483.5966796875
(13902544896, 23710007296)
Train Epoch: 10 [9500/33236 (29%)], loss_tgt 1402.40771484375
(13902544896, 23710007296)
Train Epoch: 10 [10000/33236 (30%)], loss_tgt 1059.32763671875
(13902544896, 23710007296)
Train Epoch: 10 [10500/33236 (32%)], loss_tgt 1570.2537841796875
(13902544896, 23710007296)
Train Epoch: 10 [11000/33236 (33%)], loss_tgt 673.3096313476562
(13902544896, 23710007296)
Train Epoch: 10 [11500/33236 (35%)], loss_tgt 1730.9853515625
(13902544896, 23710007296)
Train Epoch: 10 [12000/33236 (36%)], loss_tgt 1222.68310546875
(13902544896, 23710007296)
Train Epoch: 10 [12500/33236 (38%)], loss_tgt 1570.0478515625
(13902544896, 23710007296)
Train Epoch: 10 [13000/33236 (39%)], loss_tgt 1704.5880126953125
(13902544896, 23710007296)
Train Epoch: 10 [13500/33236 (41%)], loss_tgt 1290.7855224609375
(13902544896, 23710007296)
Train Epoch: 10 [14000/33236 (42%)], loss_tgt 1641.079833984375
(13902544896, 23710007296)
Train Epoch: 10 [14500/33236 (44%)], loss_tgt 1595.15576171875
(13902544896, 23710007296)
Train Epoch: 10 [15000/33236 (45%)], loss_tgt 1730.545654296875
(13902544896, 23710007296)
Train Epoch: 10 [15500/33236 (47%)], loss_tgt 1507.2060546875
(13902544896, 23710007296)
Train Epoch: 10 [16000/33236 (48%)], loss_tgt 1698.293701171875
(13902544896, 23710007296)
Train Epoch: 10 [16500/33236 (50%)], loss_tgt 1523.807373046875
(13902544896, 23710007296)
Train Epoch: 10 [17000/33236 (51%)], loss_tgt 1229.271728515625
(13902544896, 23710007296)
Train Epoch: 10 [17500/33236 (53%)], loss_tgt 1758.841552734375
(13902544896, 23710007296)
Train Epoch: 10 [18000/33236 (54%)], loss_tgt 1404.2685546875
(13902544896, 23710007296)
Train Epoch: 10 [18500/33236 (56%)], loss_tgt 1387.317138671875
(13902544896, 23710007296)
Train Epoch: 10 [19000/33236 (57%)], loss_tgt 1595.8082275390625
(13902544896, 23710007296)
Train Epoch: 10 [19500/33236 (59%)], loss_tgt 1720.97607421875
(13902544896, 23710007296)
Train Epoch: 10 [20000/33236 (60%)], loss_tgt 1495.7672119140625
(13902544896, 23710007296)
Train Epoch: 10 [20500/33236 (62%)], loss_tgt 1555.1846923828125
(13902544896, 23710007296)
Train Epoch: 10 [21000/33236 (63%)], loss_tgt 1742.660888671875
(13902544896, 23710007296)
Train Epoch: 10 [21500/33236 (65%)], loss_tgt 1542.67138671875
(13902544896, 23710007296)
Train Epoch: 10 [22000/33236 (66%)], loss_tgt 1420.72998046875
(13902544896, 23710007296)
Train Epoch: 10 [22500/33236 (68%)], loss_tgt 1818.304443359375
(13902544896, 23710007296)
Train Epoch: 10 [23000/33236 (69%)], loss_tgt 1687.935302734375
(13902544896, 23710007296)
Train Epoch: 10 [23500/33236 (71%)], loss_tgt 1622.931884765625
(13902544896, 23710007296)
Train Epoch: 10 [24000/33236 (72%)], loss_tgt 1200.1766357421875
(13902544896, 23710007296)
Train Epoch: 10 [24500/33236 (74%)], loss_tgt 1778.04296875
(13902544896, 23710007296)
Train Epoch: 10 [25000/33236 (75%)], loss_tgt 1696.3828125
(13902544896, 23710007296)
Train Epoch: 10 [25500/33236 (77%)], loss_tgt 1732.394775390625
(13902544896, 23710007296)
Train Epoch: 10 [26000/33236 (78%)], loss_tgt 1654.8433837890625
(13902544896, 23710007296)
Train Epoch: 10 [26500/33236 (80%)], loss_tgt 1162.557861328125
(13902544896, 23710007296)
Train Epoch: 10 [27000/33236 (81%)], loss_tgt 1180.6689453125
(13902544896, 23710007296)
Train Epoch: 10 [27500/33236 (83%)], loss_tgt 1436.2340087890625
(13902544896, 23710007296)
Train Epoch: 10 [28000/33236 (84%)], loss_tgt 1255.053466796875
(13902544896, 23710007296)
Train Epoch: 10 [28500/33236 (86%)], loss_tgt 1391.87939453125
(13902544896, 23710007296)
Train Epoch: 10 [29000/33236 (87%)], loss_tgt 1724.016357421875
(13902544896, 23710007296)
Train Epoch: 10 [29500/33236 (89%)], loss_tgt 1542.9525146484375
(13902544896, 23710007296)
Train Epoch: 10 [30000/33236 (90%)], loss_tgt 1488.72802734375
(13902544896, 23710007296)
Train Epoch: 10 [30500/33236 (92%)], loss_tgt 1068.78857421875
(13902544896, 23710007296)
Train Epoch: 10 [31000/33236 (93%)], loss_tgt 1487.340576171875
(13902544896, 23710007296)
Train Epoch: 10 [31500/33236 (95%)], loss_tgt 1418.6505126953125
(13902544896, 23710007296)
Train Epoch: 10 [32000/33236 (96%)], loss_tgt 1157.470947265625
(13902544896, 23710007296)
Train Epoch: 10 [32500/33236 (98%)], loss_tgt 1468.1290283203125
(13902544896, 23710007296)
Train Epoch: 10 [33000/33236 (99%)], loss_tgt 1705.615478515625
----------------------------------------Epoch: 11----------------------------------------
(13902544896, 23710007296)
Train Epoch: 11 [0/33236 (0%)], loss_tgt 1379.9173583984375
(13902544896, 23710007296)
Train Epoch: 11 [500/33236 (2%)], loss_tgt 1733.38671875
(13902544896, 23710007296)
Train Epoch: 11 [1000/33236 (3%)], loss_tgt 1040.1016845703125
(13902544896, 23710007296)
Train Epoch: 11 [1500/33236 (5%)], loss_tgt 1519.343505859375
(13902544896, 23710007296)
Train Epoch: 11 [2000/33236 (6%)], loss_tgt 1755.9349365234375
(13902544896, 23710007296)
Train Epoch: 11 [2500/33236 (8%)], loss_tgt 1437.6072998046875
(13902544896, 23710007296)
Train Epoch: 11 [3000/33236 (9%)], loss_tgt 1198.300537109375
(13902544896, 23710007296)
Train Epoch: 11 [3500/33236 (11%)], loss_tgt 1613.1348876953125
(13902544896, 23710007296)
Train Epoch: 11 [4000/33236 (12%)], loss_tgt 1546.512939453125
(13902544896, 23710007296)
Train Epoch: 11 [4500/33236 (14%)], loss_tgt 1540.3812255859375
(13902544896, 23710007296)
Train Epoch: 11 [5000/33236 (15%)], loss_tgt 1631.320068359375
(13902544896, 23710007296)
Train Epoch: 11 [5500/33236 (17%)], loss_tgt 1704.5079345703125
(13902544896, 23710007296)
Train Epoch: 11 [6000/33236 (18%)], loss_tgt 1256.6390380859375
(13902544896, 23710007296)
Train Epoch: 11 [6500/33236 (20%)], loss_tgt 1740.94677734375
(13902544896, 23710007296)
Train Epoch: 11 [7000/33236 (21%)], loss_tgt 1399.21533203125
(13902544896, 23710007296)
Train Epoch: 11 [7500/33236 (23%)], loss_tgt 1484.5504150390625
(13902544896, 23710007296)
Train Epoch: 11 [8000/33236 (24%)], loss_tgt 1373.7581787109375
(13902544896, 23710007296)
Train Epoch: 11 [8500/33236 (26%)], loss_tgt 1510.458984375
(13902544896, 23710007296)
Train Epoch: 11 [9000/33236 (27%)], loss_tgt 1633.1005859375
(13902544896, 23710007296)
Train Epoch: 11 [9500/33236 (29%)], loss_tgt 1308.2222900390625
(13902544896, 23710007296)
Train Epoch: 11 [10000/33236 (30%)], loss_tgt 1315.845458984375
(13902544896, 23710007296)
Train Epoch: 11 [10500/33236 (32%)], loss_tgt 1803.1787109375
(13902544896, 23710007296)
Train Epoch: 11 [11000/33236 (33%)], loss_tgt 1183.66259765625
(13902544896, 23710007296)
Train Epoch: 11 [11500/33236 (35%)], loss_tgt 1342.8359375
(13902544896, 23710007296)
Train Epoch: 11 [12000/33236 (36%)], loss_tgt 1734.4521484375
(13902544896, 23710007296)
Train Epoch: 11 [12500/33236 (38%)], loss_tgt 1155.84033203125
(13902544896, 23710007296)
Train Epoch: 11 [13000/33236 (39%)], loss_tgt 1505.178955078125
(13902544896, 23710007296)
Train Epoch: 11 [13500/33236 (41%)], loss_tgt 1580.8045654296875
(13902544896, 23710007296)
Train Epoch: 11 [14000/33236 (42%)], loss_tgt 1803.71826171875
(13902544896, 23710007296)
Train Epoch: 11 [14500/33236 (44%)], loss_tgt 1436.2454833984375
(13902544896, 23710007296)
Train Epoch: 11 [15000/33236 (45%)], loss_tgt 1622.205322265625
(13902544896, 23710007296)
Train Epoch: 11 [15500/33236 (47%)], loss_tgt 1667.376953125
(13902544896, 23710007296)
Train Epoch: 11 [16000/33236 (48%)], loss_tgt 1424.384521484375
(13902544896, 23710007296)
Train Epoch: 11 [16500/33236 (50%)], loss_tgt 1371.6368408203125
(13902544896, 23710007296)
Train Epoch: 11 [17000/33236 (51%)], loss_tgt 1767.342041015625
(13902544896, 23710007296)
Train Epoch: 11 [17500/33236 (53%)], loss_tgt 1606.443115234375
(13902544896, 23710007296)
Train Epoch: 11 [18000/33236 (54%)], loss_tgt 1758.407958984375
(13902544896, 23710007296)
Train Epoch: 11 [18500/33236 (56%)], loss_tgt 1754.579345703125
(13902544896, 23710007296)
Train Epoch: 11 [19000/33236 (57%)], loss_tgt 1384.1251220703125
(13902544896, 23710007296)
Train Epoch: 11 [19500/33236 (59%)], loss_tgt 1449.88330078125
(13902544896, 23710007296)
Train Epoch: 11 [20000/33236 (60%)], loss_tgt 1619.3897705078125
(13902544896, 23710007296)
Train Epoch: 11 [20500/33236 (62%)], loss_tgt 1247.950927734375
(13902544896, 23710007296)
Train Epoch: 11 [21000/33236 (63%)], loss_tgt 1808.912841796875
(13902544896, 23710007296)
Train Epoch: 11 [21500/33236 (65%)], loss_tgt 1669.24853515625
(13902544896, 23710007296)
Train Epoch: 11 [22000/33236 (66%)], loss_tgt 1646.069580078125
(13902544896, 23710007296)
Train Epoch: 11 [22500/33236 (68%)], loss_tgt 1451.9210205078125
(13902544896, 23710007296)
Train Epoch: 11 [23000/33236 (69%)], loss_tgt 1587.1697998046875
(13902544896, 23710007296)
Train Epoch: 11 [23500/33236 (71%)], loss_tgt 1190.06884765625
(13902544896, 23710007296)
Train Epoch: 11 [24000/33236 (72%)], loss_tgt 1568.208251953125
(13902544896, 23710007296)
Train Epoch: 11 [24500/33236 (74%)], loss_tgt 1714.271484375
(13902544896, 23710007296)
Train Epoch: 11 [25000/33236 (75%)], loss_tgt 1597.625732421875
(13902544896, 23710007296)
Train Epoch: 11 [25500/33236 (77%)], loss_tgt 1337.9671630859375
(13902544896, 23710007296)
Train Epoch: 11 [26000/33236 (78%)], loss_tgt 1546.513671875
(13902544896, 23710007296)
Train Epoch: 11 [26500/33236 (80%)], loss_tgt 1219.065673828125
(13902544896, 23710007296)
Train Epoch: 11 [27000/33236 (81%)], loss_tgt 1505.2412109375
(13902544896, 23710007296)
Train Epoch: 11 [27500/33236 (83%)], loss_tgt 1625.3885498046875
(13902544896, 23710007296)
Train Epoch: 11 [28000/33236 (84%)], loss_tgt 1135.7373046875
(13902544896, 23710007296)
Train Epoch: 11 [28500/33236 (86%)], loss_tgt 1528.3841552734375
(13902544896, 23710007296)
Train Epoch: 11 [29000/33236 (87%)], loss_tgt 1472.2127685546875
(13902544896, 23710007296)
Train Epoch: 11 [29500/33236 (89%)], loss_tgt 1520.3548583984375
(13902544896, 23710007296)
Train Epoch: 11 [30000/33236 (90%)], loss_tgt 1652.643798828125
(13902544896, 23710007296)
Train Epoch: 11 [30500/33236 (92%)], loss_tgt 1736.6319580078125
(13902544896, 23710007296)
Train Epoch: 11 [31000/33236 (93%)], loss_tgt 1458.755859375
(13902544896, 23710007296)
Train Epoch: 11 [31500/33236 (95%)], loss_tgt 1630.900146484375
(13902544896, 23710007296)
Train Epoch: 11 [32000/33236 (96%)], loss_tgt 1274.070068359375
(13902544896, 23710007296)
Train Epoch: 11 [32500/33236 (98%)], loss_tgt 1529.6824951171875
(13902544896, 23710007296)
Train Epoch: 11 [33000/33236 (99%)], loss_tgt 1745.295166015625
----------------------------------------Epoch: 12----------------------------------------
(13902544896, 23710007296)
Train Epoch: 12 [0/33236 (0%)], loss_tgt 1700.0384521484375
(13902544896, 23710007296)
Train Epoch: 12 [500/33236 (2%)], loss_tgt 1744.196044921875
(13902544896, 23710007296)
Train Epoch: 12 [1000/33236 (3%)], loss_tgt 1707.75927734375
(13902544896, 23710007296)
Train Epoch: 12 [1500/33236 (5%)], loss_tgt 1543.9879150390625
(13902544896, 23710007296)
Train Epoch: 12 [2000/33236 (6%)], loss_tgt 1558.9390869140625
(13902544896, 23710007296)
Train Epoch: 12 [2500/33236 (8%)], loss_tgt 1520.47607421875
(13902544896, 23710007296)
Train Epoch: 12 [3000/33236 (9%)], loss_tgt 1695.8887939453125
(13902544896, 23710007296)
Train Epoch: 12 [3500/33236 (11%)], loss_tgt 1230.140869140625
(13902544896, 23710007296)
Train Epoch: 12 [4000/33236 (12%)], loss_tgt 1768.3892822265625
(13902544896, 23710007296)
Train Epoch: 12 [4500/33236 (14%)], loss_tgt 1587.94873046875
(13902544896, 23710007296)
Train Epoch: 12 [5000/33236 (15%)], loss_tgt 1455.40185546875
(13902544896, 23710007296)
Train Epoch: 12 [5500/33236 (17%)], loss_tgt 1765.93505859375
(13902544896, 23710007296)
Train Epoch: 12 [6000/33236 (18%)], loss_tgt 1699.602294921875
(13902544896, 23710007296)
Train Epoch: 12 [6500/33236 (20%)], loss_tgt 1569.50439453125
(13902544896, 23710007296)
Train Epoch: 12 [7000/33236 (21%)], loss_tgt 1639.689208984375
(13902544896, 23710007296)
Train Epoch: 12 [7500/33236 (23%)], loss_tgt 1661.0526123046875
(13902544896, 23710007296)
Train Epoch: 12 [8000/33236 (24%)], loss_tgt 1675.1939697265625
(13902544896, 23710007296)
Train Epoch: 12 [8500/33236 (26%)], loss_tgt 1480.8966064453125
(13902544896, 23710007296)
Train Epoch: 12 [9000/33236 (27%)], loss_tgt 1502.566162109375
(13902544896, 23710007296)
Train Epoch: 12 [9500/33236 (29%)], loss_tgt 1596.739013671875
(13902544896, 23710007296)
Train Epoch: 12 [10000/33236 (30%)], loss_tgt 1473.66259765625
(13902544896, 23710007296)
Train Epoch: 12 [10500/33236 (32%)], loss_tgt 1757.423828125
(13902544896, 23710007296)
Train Epoch: 12 [11000/33236 (33%)], loss_tgt 1610.556640625
(13902544896, 23710007296)
Train Epoch: 12 [11500/33236 (35%)], loss_tgt 1767.513671875
(13902544896, 23710007296)
Train Epoch: 12 [12000/33236 (36%)], loss_tgt 1453.7559814453125
(13902544896, 23710007296)
Train Epoch: 12 [12500/33236 (38%)], loss_tgt 1804.978515625
(13902544896, 23710007296)
Train Epoch: 12 [13000/33236 (39%)], loss_tgt 1347.45166015625
(13902544896, 23710007296)
Train Epoch: 12 [13500/33236 (41%)], loss_tgt 1615.3232421875
(13902544896, 23710007296)
Train Epoch: 12 [14000/33236 (42%)], loss_tgt 1688.696044921875
(13902544896, 23710007296)
Train Epoch: 12 [14500/33236 (44%)], loss_tgt 1540.6888427734375
(13902544896, 23710007296)
Train Epoch: 12 [15000/33236 (45%)], loss_tgt 858.1275024414062
(13902544896, 23710007296)
Train Epoch: 12 [15500/33236 (47%)], loss_tgt 1561.68017578125
(13902544896, 23710007296)
Train Epoch: 12 [16000/33236 (48%)], loss_tgt 1501.972412109375
(13902544896, 23710007296)
Train Epoch: 12 [16500/33236 (50%)], loss_tgt 1438.9844970703125
(13902544896, 23710007296)
Train Epoch: 12 [17000/33236 (51%)], loss_tgt 1129.7880859375
(13902544896, 23710007296)
Train Epoch: 12 [17500/33236 (53%)], loss_tgt 1569.224609375
(13902544896, 23710007296)
Train Epoch: 12 [18000/33236 (54%)], loss_tgt 1567.9259033203125
(13902544896, 23710007296)
Train Epoch: 12 [18500/33236 (56%)], loss_tgt 1326.370849609375
(13902544896, 23710007296)
Train Epoch: 12 [19000/33236 (57%)], loss_tgt 1691.332275390625
(13902544896, 23710007296)
Train Epoch: 12 [19500/33236 (59%)], loss_tgt 1503.7816162109375
(13902544896, 23710007296)
Train Epoch: 12 [20000/33236 (60%)], loss_tgt 1551.4052734375
(13902544896, 23710007296)
Train Epoch: 12 [20500/33236 (62%)], loss_tgt 1529.4945068359375
(13902544896, 23710007296)
Train Epoch: 12 [21000/33236 (63%)], loss_tgt 1578.27685546875
(13902544896, 23710007296)
Train Epoch: 12 [21500/33236 (65%)], loss_tgt 1645.434814453125
(13902544896, 23710007296)
Train Epoch: 12 [22000/33236 (66%)], loss_tgt 1585.4456787109375
(13902544896, 23710007296)
Train Epoch: 12 [22500/33236 (68%)], loss_tgt 1265.2801513671875
(13902544896, 23710007296)
Train Epoch: 12 [23000/33236 (69%)], loss_tgt 1625.8349609375
(13902544896, 23710007296)
Train Epoch: 12 [23500/33236 (71%)], loss_tgt 1752.57568359375
(13902544896, 23710007296)
Train Epoch: 12 [24000/33236 (72%)], loss_tgt 1694.7913818359375
(13902544896, 23710007296)
Train Epoch: 12 [24500/33236 (74%)], loss_tgt 1211.3194580078125
(13902544896, 23710007296)
Train Epoch: 12 [25000/33236 (75%)], loss_tgt 1714.496337890625
(13902544896, 23710007296)
Train Epoch: 12 [25500/33236 (77%)], loss_tgt 1607.6273193359375
(13902544896, 23710007296)
Train Epoch: 12 [26000/33236 (78%)], loss_tgt 1819.0567626953125
(13902544896, 23710007296)
Train Epoch: 12 [26500/33236 (80%)], loss_tgt 1695.002197265625
(13902544896, 23710007296)
Train Epoch: 12 [27000/33236 (81%)], loss_tgt 1684.388427734375
(13902544896, 23710007296)
Train Epoch: 12 [27500/33236 (83%)], loss_tgt 1733.0477294921875
(13902544896, 23710007296)
Train Epoch: 12 [28000/33236 (84%)], loss_tgt 1714.998046875
(13902544896, 23710007296)
Train Epoch: 12 [28500/33236 (86%)], loss_tgt 1144.1607666015625
(13902544896, 23710007296)
Train Epoch: 12 [29000/33236 (87%)], loss_tgt 1293.0986328125
(13902544896, 23710007296)
Train Epoch: 12 [29500/33236 (89%)], loss_tgt 1752.7149658203125
(13902544896, 23710007296)
Train Epoch: 12 [30000/33236 (90%)], loss_tgt 1303.4835205078125
(13902544896, 23710007296)
Train Epoch: 12 [30500/33236 (92%)], loss_tgt 1764.6435546875
(13902544896, 23710007296)
Train Epoch: 12 [31000/33236 (93%)], loss_tgt 1665.61572265625
(13902544896, 23710007296)
Train Epoch: 12 [31500/33236 (95%)], loss_tgt 1512.1600341796875
(13902544896, 23710007296)
Train Epoch: 12 [32000/33236 (96%)], loss_tgt 1698.050048828125
(13902544896, 23710007296)
Train Epoch: 12 [32500/33236 (98%)], loss_tgt 1632.0919189453125
(13902544896, 23710007296)
Train Epoch: 12 [33000/33236 (99%)], loss_tgt 1810.783447265625
----------------------------------------Epoch: 13----------------------------------------
(13902544896, 23710007296)
Train Epoch: 13 [0/33236 (0%)], loss_tgt 1428.0665283203125
(13902544896, 23710007296)
Train Epoch: 13 [500/33236 (2%)], loss_tgt 1295.523193359375
(13902544896, 23710007296)
Train Epoch: 13 [1000/33236 (3%)], loss_tgt 1528.478515625
(13902544896, 23710007296)
Train Epoch: 13 [1500/33236 (5%)], loss_tgt 1567.461669921875
(13902544896, 23710007296)
Train Epoch: 13 [2000/33236 (6%)], loss_tgt 1321.093017578125
(13902544896, 23710007296)
Train Epoch: 13 [2500/33236 (8%)], loss_tgt 1190.991943359375
(13902544896, 23710007296)
Train Epoch: 13 [3000/33236 (9%)], loss_tgt 1784.0234375
(13902544896, 23710007296)
Train Epoch: 13 [3500/33236 (11%)], loss_tgt 1616.7960205078125
(13902544896, 23710007296)
Train Epoch: 13 [4000/33236 (12%)], loss_tgt 1510.8192138671875
(13902544896, 23710007296)
Train Epoch: 13 [4500/33236 (14%)], loss_tgt 1531.4190673828125
(13902544896, 23710007296)
Train Epoch: 13 [5000/33236 (15%)], loss_tgt 1731.34375
(13902544896, 23710007296)
Train Epoch: 13 [5500/33236 (17%)], loss_tgt 1509.1378173828125
(13902544896, 23710007296)
Train Epoch: 13 [6000/33236 (18%)], loss_tgt 1461.896484375
(13902544896, 23710007296)
Train Epoch: 13 [6500/33236 (20%)], loss_tgt 1455.501220703125
(13902544896, 23710007296)
Train Epoch: 13 [7000/33236 (21%)], loss_tgt 1572.89306640625
(13902544896, 23710007296)
Train Epoch: 13 [7500/33236 (23%)], loss_tgt 1759.4677734375
(13902544896, 23710007296)
Train Epoch: 13 [8000/33236 (24%)], loss_tgt 1484.0361328125
(13902544896, 23710007296)
Train Epoch: 13 [8500/33236 (26%)], loss_tgt 1842.9183349609375
(13902544896, 23710007296)
Train Epoch: 13 [9000/33236 (27%)], loss_tgt 1773.65380859375
(13902544896, 23710007296)
Train Epoch: 13 [9500/33236 (29%)], loss_tgt 1773.285400390625
(13902544896, 23710007296)
Train Epoch: 13 [10000/33236 (30%)], loss_tgt 1601.228759765625
(13902544896, 23710007296)
Train Epoch: 13 [10500/33236 (32%)], loss_tgt 1605.837890625
(13902544896, 23710007296)
Train Epoch: 13 [11000/33236 (33%)], loss_tgt 1582.390625
(13902544896, 23710007296)
Train Epoch: 13 [11500/33236 (35%)], loss_tgt 1515.056640625
(13902544896, 23710007296)
Train Epoch: 13 [12000/33236 (36%)], loss_tgt 1563.7803955078125
(13902544896, 23710007296)
Train Epoch: 13 [12500/33236 (38%)], loss_tgt 1515.0068359375
(13902544896, 23710007296)
Train Epoch: 13 [13000/33236 (39%)], loss_tgt 1688.541015625
(13902544896, 23710007296)
Train Epoch: 13 [13500/33236 (41%)], loss_tgt 1089.31201171875
(13902544896, 23710007296)
Train Epoch: 13 [14000/33236 (42%)], loss_tgt 1669.349609375
(13902544896, 23710007296)
Train Epoch: 13 [14500/33236 (44%)], loss_tgt 1414.879150390625
(13902544896, 23710007296)
Train Epoch: 13 [15000/33236 (45%)], loss_tgt 1703.78955078125
(13902544896, 23710007296)
Train Epoch: 13 [15500/33236 (47%)], loss_tgt 1768.927734375
(13902544896, 23710007296)
Train Epoch: 13 [16000/33236 (48%)], loss_tgt 1592.7205810546875
(13902544896, 23710007296)
Train Epoch: 13 [16500/33236 (50%)], loss_tgt 1536.36376953125
(13902544896, 23710007296)
Train Epoch: 13 [17000/33236 (51%)], loss_tgt 1449.4228515625
(13902544896, 23710007296)
Train Epoch: 13 [17500/33236 (53%)], loss_tgt 1247.1861572265625
(13902544896, 23710007296)
Train Epoch: 13 [18000/33236 (54%)], loss_tgt 1445.212890625
(13902544896, 23710007296)
Train Epoch: 13 [18500/33236 (56%)], loss_tgt 1701.178955078125
(13902544896, 23710007296)
Train Epoch: 13 [19000/33236 (57%)], loss_tgt 1709.310546875
(13902544896, 23710007296)
Train Epoch: 13 [19500/33236 (59%)], loss_tgt 1758.8076171875
(13902544896, 23710007296)
Train Epoch: 13 [20000/33236 (60%)], loss_tgt 1562.536376953125
(13902544896, 23710007296)
Train Epoch: 13 [20500/33236 (62%)], loss_tgt 1788.631591796875
(13902544896, 23710007296)
Train Epoch: 13 [21000/33236 (63%)], loss_tgt 1527.177978515625
(13902544896, 23710007296)
Train Epoch: 13 [21500/33236 (65%)], loss_tgt 1524.9462890625
(13902544896, 23710007296)
Train Epoch: 13 [22000/33236 (66%)], loss_tgt 1495.9732666015625
(13902544896, 23710007296)
Train Epoch: 13 [22500/33236 (68%)], loss_tgt 1788.80712890625
(13902544896, 23710007296)
Train Epoch: 13 [23000/33236 (69%)], loss_tgt 1592.1162109375
(13902544896, 23710007296)
Train Epoch: 13 [23500/33236 (71%)], loss_tgt 1727.3663330078125
(13902544896, 23710007296)
Train Epoch: 13 [24000/33236 (72%)], loss_tgt 1365.5101318359375
(13902544896, 23710007296)
Train Epoch: 13 [24500/33236 (74%)], loss_tgt 1757.507568359375
(13902544896, 23710007296)
Train Epoch: 13 [25000/33236 (75%)], loss_tgt 1475.513916015625
(13902544896, 23710007296)
Train Epoch: 13 [25500/33236 (77%)], loss_tgt 1296.9876708984375
(13902544896, 23710007296)
Train Epoch: 13 [26000/33236 (78%)], loss_tgt 1546.33984375
(13902544896, 23710007296)
Train Epoch: 13 [26500/33236 (80%)], loss_tgt 1380.830322265625
(13902544896, 23710007296)
Train Epoch: 13 [27000/33236 (81%)], loss_tgt 1367.616943359375
(13902544896, 23710007296)
Train Epoch: 13 [27500/33236 (83%)], loss_tgt 1220.2706298828125
(13902544896, 23710007296)
Train Epoch: 13 [28000/33236 (84%)], loss_tgt 1327.2352294921875
(13902544896, 23710007296)
Train Epoch: 13 [28500/33236 (86%)], loss_tgt 1508.418212890625
(13902544896, 23710007296)
Train Epoch: 13 [29000/33236 (87%)], loss_tgt 1777.3785400390625
(13902544896, 23710007296)
Train Epoch: 13 [29500/33236 (89%)], loss_tgt 1322.64892578125
(13902544896, 23710007296)
Train Epoch: 13 [30000/33236 (90%)], loss_tgt 1340.8134765625
(13902544896, 23710007296)
Train Epoch: 13 [30500/33236 (92%)], loss_tgt 1312.07861328125
(13902544896, 23710007296)
Train Epoch: 13 [31000/33236 (93%)], loss_tgt 1571.4520263671875
(13902544896, 23710007296)
Train Epoch: 13 [31500/33236 (95%)], loss_tgt 1479.158935546875
(13902544896, 23710007296)
Train Epoch: 13 [32000/33236 (96%)], loss_tgt 1609.236328125
(13902544896, 23710007296)
Train Epoch: 13 [32500/33236 (98%)], loss_tgt 1269.500244140625
(13902544896, 23710007296)
Train Epoch: 13 [33000/33236 (99%)], loss_tgt 1628.4788818359375
----------------------------------------Epoch: 14----------------------------------------
(13902544896, 23710007296)
Train Epoch: 14 [0/33236 (0%)], loss_tgt 1427.1470947265625
(13902544896, 23710007296)
Train Epoch: 14 [500/33236 (2%)], loss_tgt 1370.3677978515625
(13902544896, 23710007296)
Train Epoch: 14 [1000/33236 (3%)], loss_tgt 1244.38525390625
(13902544896, 23710007296)
Train Epoch: 14 [1500/33236 (5%)], loss_tgt 1721.06103515625
(13902544896, 23710007296)
Train Epoch: 14 [2000/33236 (6%)], loss_tgt 1634.6611328125
(13902544896, 23710007296)
Train Epoch: 14 [2500/33236 (8%)], loss_tgt 1136.395263671875
(13902544896, 23710007296)
Train Epoch: 14 [3000/33236 (9%)], loss_tgt 1144.699951171875
(13902544896, 23710007296)
Train Epoch: 14 [3500/33236 (11%)], loss_tgt 1307.2135009765625
(13902544896, 23710007296)
Train Epoch: 14 [4000/33236 (12%)], loss_tgt 1626.5682373046875
(13902544896, 23710007296)
Train Epoch: 14 [4500/33236 (14%)], loss_tgt 1125.1873779296875
(13902544896, 23710007296)
Train Epoch: 14 [5000/33236 (15%)], loss_tgt 1535.124267578125
(13902544896, 23710007296)
Train Epoch: 14 [5500/33236 (17%)], loss_tgt 1146.28759765625
(13902544896, 23710007296)
Train Epoch: 14 [6000/33236 (18%)], loss_tgt 1567.7659912109375
(13902544896, 23710007296)
Train Epoch: 14 [6500/33236 (20%)], loss_tgt 1593.7891845703125
(13902544896, 23710007296)
Train Epoch: 14 [7000/33236 (21%)], loss_tgt 1458.80419921875
(13902544896, 23710007296)
Train Epoch: 14 [7500/33236 (23%)], loss_tgt 1497.4423828125
(13902544896, 23710007296)
Train Epoch: 14 [8000/33236 (24%)], loss_tgt 1417.1893310546875
(13902544896, 23710007296)
Train Epoch: 14 [8500/33236 (26%)], loss_tgt 1561.336181640625
(13902544896, 23710007296)
Train Epoch: 14 [9000/33236 (27%)], loss_tgt 1554.1973876953125
(13902544896, 23710007296)
Train Epoch: 14 [9500/33236 (29%)], loss_tgt 1805.771484375
(13902544896, 23710007296)
Train Epoch: 14 [10000/33236 (30%)], loss_tgt 1327.5528564453125
(13902544896, 23710007296)
Train Epoch: 14 [10500/33236 (32%)], loss_tgt 1514.447265625
(13902544896, 23710007296)
Train Epoch: 14 [11000/33236 (33%)], loss_tgt 1398.00927734375
(13902544896, 23710007296)
Train Epoch: 14 [11500/33236 (35%)], loss_tgt 1643.79541015625
(13902544896, 23710007296)
Train Epoch: 14 [12000/33236 (36%)], loss_tgt 1678.2117919921875
(13902544896, 23710007296)
Train Epoch: 14 [12500/33236 (38%)], loss_tgt 1680.3504638671875
(13902544896, 23710007296)
Train Epoch: 14 [13000/33236 (39%)], loss_tgt 1608.237548828125
(13902544896, 23710007296)
Train Epoch: 14 [13500/33236 (41%)], loss_tgt 1490.550048828125
(13902544896, 23710007296)
Train Epoch: 14 [14000/33236 (42%)], loss_tgt 1178.1158447265625
(13902544896, 23710007296)
Train Epoch: 14 [14500/33236 (44%)], loss_tgt 1674.9110107421875
(13902544896, 23710007296)
Train Epoch: 14 [15000/33236 (45%)], loss_tgt 1234.376953125
(13902544896, 23710007296)
Train Epoch: 14 [15500/33236 (47%)], loss_tgt 1449.83935546875
(13902544896, 23710007296)
Train Epoch: 14 [16000/33236 (48%)], loss_tgt 1513.3985595703125
(13902544896, 23710007296)
Train Epoch: 14 [16500/33236 (50%)], loss_tgt 1502.0963134765625
(13902544896, 23710007296)
Train Epoch: 14 [17000/33236 (51%)], loss_tgt 1189.0806884765625
(13902544896, 23710007296)
Train Epoch: 14 [17500/33236 (53%)], loss_tgt 1414.4432373046875
(13902544896, 23710007296)
Train Epoch: 14 [18000/33236 (54%)], loss_tgt 1709.101806640625
(13902544896, 23710007296)
Train Epoch: 14 [18500/33236 (56%)], loss_tgt 1339.4766845703125
(13902544896, 23710007296)
Train Epoch: 14 [19000/33236 (57%)], loss_tgt 1392.3094482421875
(13902544896, 23710007296)
Train Epoch: 14 [19500/33236 (59%)], loss_tgt 1723.083740234375
(13902544896, 23710007296)
Train Epoch: 14 [20000/33236 (60%)], loss_tgt 1131.55517578125
(13902544896, 23710007296)
Train Epoch: 14 [20500/33236 (62%)], loss_tgt 1672.95849609375
(13902544896, 23710007296)
Train Epoch: 14 [21000/33236 (63%)], loss_tgt 1521.866943359375
(13902544896, 23710007296)
Train Epoch: 14 [21500/33236 (65%)], loss_tgt 1745.620849609375
(13902544896, 23710007296)
Train Epoch: 14 [22000/33236 (66%)], loss_tgt 1522.132568359375
(13902544896, 23710007296)
Train Epoch: 14 [22500/33236 (68%)], loss_tgt 1757.21826171875
(13902544896, 23710007296)
Train Epoch: 14 [23000/33236 (69%)], loss_tgt 1750.39453125
(13902544896, 23710007296)
Train Epoch: 14 [23500/33236 (71%)], loss_tgt 1567.295654296875
(13902544896, 23710007296)
Train Epoch: 14 [24000/33236 (72%)], loss_tgt 1675.8919677734375
(13902544896, 23710007296)
Train Epoch: 14 [24500/33236 (74%)], loss_tgt 1326.634521484375
(13902544896, 23710007296)
Train Epoch: 14 [25000/33236 (75%)], loss_tgt 1462.5771484375
(13902544896, 23710007296)
Train Epoch: 14 [25500/33236 (77%)], loss_tgt 1588.8935546875
(13902544896, 23710007296)
Train Epoch: 14 [26000/33236 (78%)], loss_tgt 1509.4556884765625
(13902544896, 23710007296)
Train Epoch: 14 [26500/33236 (80%)], loss_tgt 1431.801025390625
(13902544896, 23710007296)
Train Epoch: 14 [27000/33236 (81%)], loss_tgt 1792.929931640625
(13902544896, 23710007296)
Train Epoch: 14 [27500/33236 (83%)], loss_tgt 1368.3651123046875
(13902544896, 23710007296)
Train Epoch: 14 [28000/33236 (84%)], loss_tgt 1535.686767578125
(13902544896, 23710007296)
Train Epoch: 14 [28500/33236 (86%)], loss_tgt 1526.730224609375
(13902544896, 23710007296)
Train Epoch: 14 [29000/33236 (87%)], loss_tgt 1641.149169921875
(13902544896, 23710007296)
Train Epoch: 14 [29500/33236 (89%)], loss_tgt 1493.700439453125
(13902544896, 23710007296)
Train Epoch: 14 [30000/33236 (90%)], loss_tgt 1818.979248046875
(13902544896, 23710007296)
Train Epoch: 14 [30500/33236 (92%)], loss_tgt 1827.926513671875
(13902544896, 23710007296)
Train Epoch: 14 [31000/33236 (93%)], loss_tgt 1769.2969970703125
(13902544896, 23710007296)
Train Epoch: 14 [31500/33236 (95%)], loss_tgt 1515.59130859375
(13902544896, 23710007296)
Train Epoch: 14 [32000/33236 (96%)], loss_tgt 1244.6837158203125
(13902544896, 23710007296)
Train Epoch: 14 [32500/33236 (98%)], loss_tgt 1534.706298828125
(13902544896, 23710007296)
Train Epoch: 14 [33000/33236 (99%)], loss_tgt 1710.4671630859375
----------------------------------------Epoch: 15----------------------------------------
(13902544896, 23710007296)
Train Epoch: 15 [0/33236 (0%)], loss_tgt 1726.110595703125
(13902544896, 23710007296)
Train Epoch: 15 [500/33236 (2%)], loss_tgt 1778.524658203125
(13902544896, 23710007296)
Train Epoch: 15 [1000/33236 (3%)], loss_tgt 1447.1776123046875
(13902544896, 23710007296)
Train Epoch: 15 [1500/33236 (5%)], loss_tgt 1493.225830078125
(13902544896, 23710007296)
Train Epoch: 15 [2000/33236 (6%)], loss_tgt 1835.021240234375
(13902544896, 23710007296)
Train Epoch: 15 [2500/33236 (8%)], loss_tgt 1651.8427734375
(13902544896, 23710007296)
Train Epoch: 15 [3000/33236 (9%)], loss_tgt 1766.887451171875
(13902544896, 23710007296)
Train Epoch: 15 [3500/33236 (11%)], loss_tgt 1566.993896484375
(13902544896, 23710007296)
Train Epoch: 15 [4000/33236 (12%)], loss_tgt 1228.4599609375
(13902544896, 23710007296)
Train Epoch: 15 [4500/33236 (14%)], loss_tgt 1766.410400390625
(13902544896, 23710007296)
Train Epoch: 15 [5000/33236 (15%)], loss_tgt 1738.896240234375
(13902544896, 23710007296)
Train Epoch: 15 [5500/33236 (17%)], loss_tgt 1619.2322998046875
(13902544896, 23710007296)
Train Epoch: 15 [6000/33236 (18%)], loss_tgt 1798.97802734375
(13902544896, 23710007296)
Train Epoch: 15 [6500/33236 (20%)], loss_tgt 1536.815673828125
(13902544896, 23710007296)
Train Epoch: 15 [7000/33236 (21%)], loss_tgt 1754.462890625
(13902544896, 23710007296)
Train Epoch: 15 [7500/33236 (23%)], loss_tgt 1383.8663330078125
(13902544896, 23710007296)
Train Epoch: 15 [8000/33236 (24%)], loss_tgt 1506.54736328125
(13902544896, 23710007296)
Train Epoch: 15 [8500/33236 (26%)], loss_tgt 1725.90087890625
(13902544896, 23710007296)
Train Epoch: 15 [9000/33236 (27%)], loss_tgt 1266.86572265625
(13902544896, 23710007296)
Train Epoch: 15 [9500/33236 (29%)], loss_tgt 1691.160400390625
(13902544896, 23710007296)
Train Epoch: 15 [10000/33236 (30%)], loss_tgt 1764.468017578125
(13902544896, 23710007296)
Train Epoch: 15 [10500/33236 (32%)], loss_tgt 1436.679443359375
(13902544896, 23710007296)
Train Epoch: 15 [11000/33236 (33%)], loss_tgt 1829.08984375
(13902544896, 23710007296)
Train Epoch: 15 [11500/33236 (35%)], loss_tgt 1546.2999267578125
(13902544896, 23710007296)
Train Epoch: 15 [12000/33236 (36%)], loss_tgt 1826.3017578125
(13902544896, 23710007296)
Train Epoch: 15 [12500/33236 (38%)], loss_tgt 1546.2618408203125
(13902544896, 23710007296)
Train Epoch: 15 [13000/33236 (39%)], loss_tgt 1775.1875
(13902544896, 23710007296)
Train Epoch: 15 [13500/33236 (41%)], loss_tgt 1742.399658203125
(13902544896, 23710007296)
Train Epoch: 15 [14000/33236 (42%)], loss_tgt 1712.3773193359375
(13902544896, 23710007296)
Train Epoch: 15 [14500/33236 (44%)], loss_tgt 1615.138427734375
(13902544896, 23710007296)
Train Epoch: 15 [15000/33236 (45%)], loss_tgt 1549.462890625
(13902544896, 23710007296)
Train Epoch: 15 [15500/33236 (47%)], loss_tgt 1734.759765625
(13902544896, 23710007296)
Train Epoch: 15 [16000/33236 (48%)], loss_tgt 1753.9267578125
(13902544896, 23710007296)
Train Epoch: 15 [16500/33236 (50%)], loss_tgt 1521.24853515625
(13902544896, 23710007296)
Train Epoch: 15 [17000/33236 (51%)], loss_tgt 1703.0897216796875
(13902544896, 23710007296)
Train Epoch: 15 [17500/33236 (53%)], loss_tgt 1467.4014892578125
(13902544896, 23710007296)
Train Epoch: 15 [18000/33236 (54%)], loss_tgt 1564.1107177734375
(13902544896, 23710007296)
Train Epoch: 15 [18500/33236 (56%)], loss_tgt 1711.1405029296875
(13902544896, 23710007296)
Train Epoch: 15 [19000/33236 (57%)], loss_tgt 1774.09521484375
(13902544896, 23710007296)
Train Epoch: 15 [19500/33236 (59%)], loss_tgt 1747.252197265625
(13902544896, 23710007296)
Train Epoch: 15 [20000/33236 (60%)], loss_tgt 1666.966552734375
(13902544896, 23710007296)
Train Epoch: 15 [20500/33236 (62%)], loss_tgt 1746.6021728515625
(13902544896, 23710007296)
Train Epoch: 15 [21000/33236 (63%)], loss_tgt 1279.0233154296875
(13902544896, 23710007296)
Train Epoch: 15 [21500/33236 (65%)], loss_tgt 1625.424072265625
(13902544896, 23710007296)
Train Epoch: 15 [22000/33236 (66%)], loss_tgt 1558.6905517578125
(13902544896, 23710007296)
Train Epoch: 15 [22500/33236 (68%)], loss_tgt 1089.770751953125
(13902544896, 23710007296)
Train Epoch: 15 [23000/33236 (69%)], loss_tgt 1550.826416015625
(13902544896, 23710007296)
Train Epoch: 15 [23500/33236 (71%)], loss_tgt 1555.0771484375
(13902544896, 23710007296)
Train Epoch: 15 [24000/33236 (72%)], loss_tgt 942.0908203125
(13902544896, 23710007296)
Train Epoch: 15 [24500/33236 (74%)], loss_tgt 1556.4007568359375
(13902544896, 23710007296)
Train Epoch: 15 [25000/33236 (75%)], loss_tgt 1225.1585693359375
(13902544896, 23710007296)
Train Epoch: 15 [25500/33236 (77%)], loss_tgt 1600.242431640625
(13902544896, 23710007296)
Train Epoch: 15 [26000/33236 (78%)], loss_tgt 1443.4078369140625
(13902544896, 23710007296)
Train Epoch: 15 [26500/33236 (80%)], loss_tgt 1585.0283203125
(13902544896, 23710007296)
Train Epoch: 15 [27000/33236 (81%)], loss_tgt 1299.09228515625
(13902544896, 23710007296)
Train Epoch: 15 [27500/33236 (83%)], loss_tgt 1236.914794921875
(13902544896, 23710007296)
Train Epoch: 15 [28000/33236 (84%)], loss_tgt 1223.8583984375
(13902544896, 23710007296)
Train Epoch: 15 [28500/33236 (86%)], loss_tgt 1500.115234375
(13902544896, 23710007296)
Train Epoch: 15 [29000/33236 (87%)], loss_tgt 1284.9306640625
(13902544896, 23710007296)
Train Epoch: 15 [29500/33236 (89%)], loss_tgt 1145.5679931640625
(13902544896, 23710007296)
Train Epoch: 15 [30000/33236 (90%)], loss_tgt 1174.756103515625
(13902544896, 23710007296)
Train Epoch: 15 [30500/33236 (92%)], loss_tgt 1805.5634765625
(13902544896, 23710007296)
Train Epoch: 15 [31000/33236 (93%)], loss_tgt 1526.166748046875
(13902544896, 23710007296)
Train Epoch: 15 [31500/33236 (95%)], loss_tgt 1734.944091796875
(13902544896, 23710007296)
Train Epoch: 15 [32000/33236 (96%)], loss_tgt 1448.0999755859375
(13902544896, 23710007296)
Train Epoch: 15 [32500/33236 (98%)], loss_tgt 1771.3970947265625
(13902544896, 23710007296)
Train Epoch: 15 [33000/33236 (99%)], loss_tgt 1277.3695068359375
----------------------------------------Epoch: 16----------------------------------------
(13902544896, 23710007296)
Train Epoch: 16 [0/33236 (0%)], loss_tgt 1608.999755859375
(13902544896, 23710007296)
Train Epoch: 16 [500/33236 (2%)], loss_tgt 1770.572998046875
(13902544896, 23710007296)
Train Epoch: 16 [1000/33236 (3%)], loss_tgt 1784.8336181640625
(13902544896, 23710007296)
Train Epoch: 16 [1500/33236 (5%)], loss_tgt 1454.4638671875
(13902544896, 23710007296)
Train Epoch: 16 [2000/33236 (6%)], loss_tgt 1732.46240234375
(13902544896, 23710007296)
Train Epoch: 16 [2500/33236 (8%)], loss_tgt 1745.69189453125
(13902544896, 23710007296)
Train Epoch: 16 [3000/33236 (9%)], loss_tgt 1682.36572265625
(13902544896, 23710007296)
Train Epoch: 16 [3500/33236 (11%)], loss_tgt 1383.46728515625
(13902544896, 23710007296)
Train Epoch: 16 [4000/33236 (12%)], loss_tgt 1648.05029296875
(13902544896, 23710007296)
Train Epoch: 16 [4500/33236 (14%)], loss_tgt 1243.4029541015625
(13902544896, 23710007296)
Train Epoch: 16 [5000/33236 (15%)], loss_tgt 1309.263671875
(13902544896, 23710007296)
Train Epoch: 16 [5500/33236 (17%)], loss_tgt 1550.20556640625
(13902544896, 23710007296)
Train Epoch: 16 [6000/33236 (18%)], loss_tgt 1264.8031005859375
(13902544896, 23710007296)
Train Epoch: 16 [6500/33236 (20%)], loss_tgt 1742.794189453125
(13902544896, 23710007296)
Train Epoch: 16 [7000/33236 (21%)], loss_tgt 1799.190673828125
(13902544896, 23710007296)
Train Epoch: 16 [7500/33236 (23%)], loss_tgt 1482.1876220703125
(13902544896, 23710007296)
Train Epoch: 16 [8000/33236 (24%)], loss_tgt 1535.6697998046875
(13902544896, 23710007296)
Train Epoch: 16 [8500/33236 (26%)], loss_tgt 1758.234375
(13902544896, 23710007296)
Train Epoch: 16 [9000/33236 (27%)], loss_tgt 1643.5054931640625
(13902544896, 23710007296)
Train Epoch: 16 [9500/33236 (29%)], loss_tgt 1747.584228515625
(13902544896, 23710007296)
Train Epoch: 16 [10000/33236 (30%)], loss_tgt 1697.588623046875
(13902544896, 23710007296)
Train Epoch: 16 [10500/33236 (32%)], loss_tgt 1730.56201171875
(13902544896, 23710007296)
Train Epoch: 16 [11000/33236 (33%)], loss_tgt 1716.8558349609375
(13902544896, 23710007296)
Train Epoch: 16 [11500/33236 (35%)], loss_tgt 1697.622314453125
(13902544896, 23710007296)
Train Epoch: 16 [12000/33236 (36%)], loss_tgt 1298.9967041015625
(13902544896, 23710007296)
Train Epoch: 16 [12500/33236 (38%)], loss_tgt 1508.058349609375
(13902544896, 23710007296)
Train Epoch: 16 [13000/33236 (39%)], loss_tgt 1003.387451171875
(13902544896, 23710007296)
Train Epoch: 16 [13500/33236 (41%)], loss_tgt 1703.891845703125
(13902544896, 23710007296)
Train Epoch: 16 [14000/33236 (42%)], loss_tgt 1633.47705078125
(13902544896, 23710007296)
Train Epoch: 16 [14500/33236 (44%)], loss_tgt 1621.194580078125
(13902544896, 23710007296)
Train Epoch: 16 [15000/33236 (45%)], loss_tgt 1547.75
(13902544896, 23710007296)
Train Epoch: 16 [15500/33236 (47%)], loss_tgt 1650.25439453125
(13902544896, 23710007296)
Train Epoch: 16 [16000/33236 (48%)], loss_tgt 1641.5643310546875
(13902544896, 23710007296)
Train Epoch: 16 [16500/33236 (50%)], loss_tgt 1753.5269775390625
(13902544896, 23710007296)
Train Epoch: 16 [17000/33236 (51%)], loss_tgt 1694.7176513671875
(13902544896, 23710007296)
Train Epoch: 16 [17500/33236 (53%)], loss_tgt 1153.4921875
(13902544896, 23710007296)
Train Epoch: 16 [18000/33236 (54%)], loss_tgt 1677.4676513671875
(13902544896, 23710007296)
Train Epoch: 16 [18500/33236 (56%)], loss_tgt 1528.89208984375
(13902544896, 23710007296)
Train Epoch: 16 [19000/33236 (57%)], loss_tgt 1569.291015625
(13902544896, 23710007296)
Train Epoch: 16 [19500/33236 (59%)], loss_tgt 1128.782470703125
(13902544896, 23710007296)
Train Epoch: 16 [20000/33236 (60%)], loss_tgt 1544.67138671875
(13902544896, 23710007296)
Train Epoch: 16 [20500/33236 (62%)], loss_tgt 1724.03759765625
(13902544896, 23710007296)
Train Epoch: 16 [21000/33236 (63%)], loss_tgt 1745.1358642578125
(13902544896, 23710007296)
Train Epoch: 16 [21500/33236 (65%)], loss_tgt 1802.0599365234375
(13902544896, 23710007296)
Train Epoch: 16 [22000/33236 (66%)], loss_tgt 1695.7235107421875
(13902544896, 23710007296)
Train Epoch: 16 [22500/33236 (68%)], loss_tgt 1663.132568359375
(13902544896, 23710007296)
Train Epoch: 16 [23000/33236 (69%)], loss_tgt 1533.3416748046875
(13902544896, 23710007296)
Train Epoch: 16 [23500/33236 (71%)], loss_tgt 1439.49951171875
(13902544896, 23710007296)
Train Epoch: 16 [24000/33236 (72%)], loss_tgt 1474.7186279296875
(13902544896, 23710007296)
Train Epoch: 16 [24500/33236 (74%)], loss_tgt 1356.8447265625
(13902544896, 23710007296)
Train Epoch: 16 [25000/33236 (75%)], loss_tgt 1493.3802490234375
(13902544896, 23710007296)
Train Epoch: 16 [25500/33236 (77%)], loss_tgt 1057.1761474609375
(13902544896, 23710007296)
Train Epoch: 16 [26000/33236 (78%)], loss_tgt 1512.016357421875
(13902544896, 23710007296)
Train Epoch: 16 [26500/33236 (80%)], loss_tgt 1546.2791748046875
(13902544896, 23710007296)
Train Epoch: 16 [27000/33236 (81%)], loss_tgt 1454.16357421875
(13902544896, 23710007296)
Train Epoch: 16 [27500/33236 (83%)], loss_tgt 1634.78515625
(13902544896, 23710007296)
Train Epoch: 16 [28000/33236 (84%)], loss_tgt 1835.6561279296875
(13902544896, 23710007296)
Train Epoch: 16 [28500/33236 (86%)], loss_tgt 1809.6640625
(13902544896, 23710007296)
Train Epoch: 16 [29000/33236 (87%)], loss_tgt 1713.93017578125
(13902544896, 23710007296)
Train Epoch: 16 [29500/33236 (89%)], loss_tgt 1768.35693359375
(13902544896, 23710007296)
Train Epoch: 16 [30000/33236 (90%)], loss_tgt 1529.8931884765625
(13902544896, 23710007296)
Train Epoch: 16 [30500/33236 (92%)], loss_tgt 1772.8660888671875
(13902544896, 23710007296)
Train Epoch: 16 [31000/33236 (93%)], loss_tgt 1583.3363037109375
(13902544896, 23710007296)
Train Epoch: 16 [31500/33236 (95%)], loss_tgt 1727.6953125
(13902544896, 23710007296)
Train Epoch: 16 [32000/33236 (96%)], loss_tgt 1829.59814453125
(13902544896, 23710007296)
Train Epoch: 16 [32500/33236 (98%)], loss_tgt 1689.9229736328125
(13902544896, 23710007296)
Train Epoch: 16 [33000/33236 (99%)], loss_tgt 1560.279052734375
----------------------------------------Epoch: 17----------------------------------------
(13902544896, 23710007296)
Train Epoch: 17 [0/33236 (0%)], loss_tgt 1196.3016357421875
(13902544896, 23710007296)
Train Epoch: 17 [500/33236 (2%)], loss_tgt 1305.4757080078125
(13902544896, 23710007296)
Train Epoch: 17 [1000/33236 (3%)], loss_tgt 1489.09765625
(13902544896, 23710007296)
Train Epoch: 17 [1500/33236 (5%)], loss_tgt 1413.041259765625
(13902544896, 23710007296)
Train Epoch: 17 [2000/33236 (6%)], loss_tgt 1560.71728515625
(13902544896, 23710007296)
Train Epoch: 17 [2500/33236 (8%)], loss_tgt 1389.3887939453125
(13902544896, 23710007296)
Train Epoch: 17 [3000/33236 (9%)], loss_tgt 1556.683349609375
(13902544896, 23710007296)
Train Epoch: 17 [3500/33236 (11%)], loss_tgt 1757.2083740234375
(13902544896, 23710007296)
Train Epoch: 17 [4000/33236 (12%)], loss_tgt 1239.2471923828125
(13902544896, 23710007296)
Train Epoch: 17 [4500/33236 (14%)], loss_tgt 1770.5205078125
(13902544896, 23710007296)
Train Epoch: 17 [5000/33236 (15%)], loss_tgt 1517.4464111328125
(13902544896, 23710007296)
Train Epoch: 17 [5500/33236 (17%)], loss_tgt 1492.129638671875
(13902544896, 23710007296)
Train Epoch: 17 [6000/33236 (18%)], loss_tgt 1750.5673828125
(13902544896, 23710007296)
Train Epoch: 17 [6500/33236 (20%)], loss_tgt 1556.66845703125
(13902544896, 23710007296)
Train Epoch: 17 [7000/33236 (21%)], loss_tgt 1393.0416259765625
(13902544896, 23710007296)
Train Epoch: 17 [7500/33236 (23%)], loss_tgt 1559.3656005859375
(13902544896, 23710007296)
Train Epoch: 17 [8000/33236 (24%)], loss_tgt 1176.7071533203125
(13902544896, 23710007296)
Train Epoch: 17 [8500/33236 (26%)], loss_tgt 1628.3287353515625
(13902544896, 23710007296)
Train Epoch: 17 [9000/33236 (27%)], loss_tgt 1243.198974609375
(13902544896, 23710007296)
Train Epoch: 17 [9500/33236 (29%)], loss_tgt 1746.52490234375
(13902544896, 23710007296)
Train Epoch: 17 [10000/33236 (30%)], loss_tgt 1751.033935546875
(13902544896, 23710007296)
Train Epoch: 17 [10500/33236 (32%)], loss_tgt 1552.2236328125
(13902544896, 23710007296)
Train Epoch: 17 [11000/33236 (33%)], loss_tgt 1476.031005859375
(13902544896, 23710007296)
Train Epoch: 17 [11500/33236 (35%)], loss_tgt 1431.3966064453125
(13902544896, 23710007296)
Train Epoch: 17 [12000/33236 (36%)], loss_tgt 1498.9178466796875
(13902544896, 23710007296)
Train Epoch: 17 [12500/33236 (38%)], loss_tgt 1381.5712890625
(13902544896, 23710007296)
Train Epoch: 17 [13000/33236 (39%)], loss_tgt 1504.5863037109375
(13902544896, 23710007296)
Train Epoch: 17 [13500/33236 (41%)], loss_tgt 1558.0889892578125
(13902544896, 23710007296)
Train Epoch: 17 [14000/33236 (42%)], loss_tgt 1527.4947509765625
(13902544896, 23710007296)
Train Epoch: 17 [14500/33236 (44%)], loss_tgt 1509.3856201171875
(13902544896, 23710007296)
Train Epoch: 17 [15000/33236 (45%)], loss_tgt 1502.267822265625
(13902544896, 23710007296)
Train Epoch: 17 [15500/33236 (47%)], loss_tgt 1436.6396484375
(13902544896, 23710007296)
Train Epoch: 17 [16000/33236 (48%)], loss_tgt 1567.3050537109375
(13902544896, 23710007296)
Train Epoch: 17 [16500/33236 (50%)], loss_tgt 1491.453857421875
(13902544896, 23710007296)
Train Epoch: 17 [17000/33236 (51%)], loss_tgt 1737.9033203125
(13902544896, 23710007296)
Train Epoch: 17 [17500/33236 (53%)], loss_tgt 1708.9921875
(13902544896, 23710007296)
Train Epoch: 17 [18000/33236 (54%)], loss_tgt 1786.794677734375
(13902544896, 23710007296)
Train Epoch: 17 [18500/33236 (56%)], loss_tgt 1464.91162109375
(13902544896, 23710007296)
Train Epoch: 17 [19000/33236 (57%)], loss_tgt 1693.940673828125
(13902544896, 23710007296)
Train Epoch: 17 [19500/33236 (59%)], loss_tgt 1235.17578125
(13902544896, 23710007296)
Train Epoch: 17 [20000/33236 (60%)], loss_tgt 1771.51171875
(13902544896, 23710007296)
Train Epoch: 17 [20500/33236 (62%)], loss_tgt 1169.041015625
(13902544896, 23710007296)
Train Epoch: 17 [21000/33236 (63%)], loss_tgt 1315.9400634765625
(13902544896, 23710007296)
Train Epoch: 17 [21500/33236 (65%)], loss_tgt 1501.25146484375
(13902544896, 23710007296)
Train Epoch: 17 [22000/33236 (66%)], loss_tgt 1494.75048828125
(13902544896, 23710007296)
Train Epoch: 17 [22500/33236 (68%)], loss_tgt 1538.7943115234375
(13902544896, 23710007296)
Train Epoch: 17 [23000/33236 (69%)], loss_tgt 1079.171875
(13902544896, 23710007296)
Train Epoch: 17 [23500/33236 (71%)], loss_tgt 1778.319580078125
(13902544896, 23710007296)
Train Epoch: 17 [24000/33236 (72%)], loss_tgt 1454.2978515625
(13902544896, 23710007296)
Train Epoch: 17 [24500/33236 (74%)], loss_tgt 1370.883544921875
(13902544896, 23710007296)
Train Epoch: 17 [25000/33236 (75%)], loss_tgt 1703.233642578125
(13902544896, 23710007296)
Train Epoch: 17 [25500/33236 (77%)], loss_tgt 1343.5733642578125
(13902544896, 23710007296)
Train Epoch: 17 [26000/33236 (78%)], loss_tgt 1565.363525390625
(13902544896, 23710007296)
Train Epoch: 17 [26500/33236 (80%)], loss_tgt 1653.828369140625
(13902544896, 23710007296)
Train Epoch: 17 [27000/33236 (81%)], loss_tgt 1369.6929931640625
(13902544896, 23710007296)
Train Epoch: 17 [27500/33236 (83%)], loss_tgt 1761.4979248046875
(13902544896, 23710007296)
Train Epoch: 17 [28000/33236 (84%)], loss_tgt 1328.22802734375
(13902544896, 23710007296)
Train Epoch: 17 [28500/33236 (86%)], loss_tgt 1162.635986328125
(13902544896, 23710007296)
Train Epoch: 17 [29000/33236 (87%)], loss_tgt 1676.617431640625
(13902544896, 23710007296)
Train Epoch: 17 [29500/33236 (89%)], loss_tgt 1497.3768310546875
(13902544896, 23710007296)
Train Epoch: 17 [30000/33236 (90%)], loss_tgt 1550.400146484375
(13902544896, 23710007296)
Train Epoch: 17 [30500/33236 (92%)], loss_tgt 1489.3653564453125
(13902544896, 23710007296)
Train Epoch: 17 [31000/33236 (93%)], loss_tgt 1577.0162353515625
(13902544896, 23710007296)
Train Epoch: 17 [31500/33236 (95%)], loss_tgt 1488.552734375
(13902544896, 23710007296)
Train Epoch: 17 [32000/33236 (96%)], loss_tgt 1766.953369140625
(13902544896, 23710007296)
Train Epoch: 17 [32500/33236 (98%)], loss_tgt 1643.809326171875
(13902544896, 23710007296)
Train Epoch: 17 [33000/33236 (99%)], loss_tgt 1527.221923828125
----------------------------------------Epoch: 18----------------------------------------
(13902544896, 23710007296)
Train Epoch: 18 [0/33236 (0%)], loss_tgt 1565.9896240234375
(13902544896, 23710007296)
Train Epoch: 18 [500/33236 (2%)], loss_tgt 1559.0782470703125
(13902544896, 23710007296)
Train Epoch: 18 [1000/33236 (3%)], loss_tgt 1530.50439453125
(13902544896, 23710007296)
Train Epoch: 18 [1500/33236 (5%)], loss_tgt 1728.4873046875
(13902544896, 23710007296)
Train Epoch: 18 [2000/33236 (6%)], loss_tgt 1728.6824951171875
(13902544896, 23710007296)
Train Epoch: 18 [2500/33236 (8%)], loss_tgt 1596.37451171875
(13902544896, 23710007296)
Train Epoch: 18 [3000/33236 (9%)], loss_tgt 1558.2266845703125
(13902544896, 23710007296)
Train Epoch: 18 [3500/33236 (11%)], loss_tgt 1717.4549560546875
(13902544896, 23710007296)
Train Epoch: 18 [4000/33236 (12%)], loss_tgt 1791.474853515625
(13902544896, 23710007296)
Train Epoch: 18 [4500/33236 (14%)], loss_tgt 1552.732421875
(13902544896, 23710007296)
Train Epoch: 18 [5000/33236 (15%)], loss_tgt 1506.2996826171875
(13902544896, 23710007296)
Train Epoch: 18 [5500/33236 (17%)], loss_tgt 1594.9622802734375
(13902544896, 23710007296)
Train Epoch: 18 [6000/33236 (18%)], loss_tgt 1560.873779296875
(13902544896, 23710007296)
Train Epoch: 18 [6500/33236 (20%)], loss_tgt 1752.68017578125
(13902544896, 23710007296)
Train Epoch: 18 [7000/33236 (21%)], loss_tgt 1769.8798828125
(13902544896, 23710007296)
Train Epoch: 18 [7500/33236 (23%)], loss_tgt 1730.762451171875
(13902544896, 23710007296)
Train Epoch: 18 [8000/33236 (24%)], loss_tgt 1555.1153564453125
(13902544896, 23710007296)
Train Epoch: 18 [8500/33236 (26%)], loss_tgt 1737.591064453125
(13902544896, 23710007296)
Train Epoch: 18 [9000/33236 (27%)], loss_tgt 1762.629638671875
(13902544896, 23710007296)
Train Epoch: 18 [9500/33236 (29%)], loss_tgt 1588.752685546875
(13902544896, 23710007296)
Train Epoch: 18 [10000/33236 (30%)], loss_tgt 1264.4539794921875
(13902544896, 23710007296)
Train Epoch: 18 [10500/33236 (32%)], loss_tgt 1729.9921875
(13902544896, 23710007296)
Train Epoch: 18 [11000/33236 (33%)], loss_tgt 1520.3734130859375
(13902544896, 23710007296)
Train Epoch: 18 [11500/33236 (35%)], loss_tgt 1641.827392578125
(13902544896, 23710007296)
Train Epoch: 18 [12000/33236 (36%)], loss_tgt 1592.3353271484375
(13902544896, 23710007296)
Train Epoch: 18 [12500/33236 (38%)], loss_tgt 1725.3760986328125
(13902544896, 23710007296)
Train Epoch: 18 [13000/33236 (39%)], loss_tgt 1164.2789306640625
(13902544896, 23710007296)
Train Epoch: 18 [13500/33236 (41%)], loss_tgt 1736.888427734375
(13902544896, 23710007296)
Train Epoch: 18 [14000/33236 (42%)], loss_tgt 1427.672607421875
(13902544896, 23710007296)
Train Epoch: 18 [14500/33236 (44%)], loss_tgt 1680.02392578125
(13902544896, 23710007296)
Train Epoch: 18 [15000/33236 (45%)], loss_tgt 1816.6181640625
(13902544896, 23710007296)
Train Epoch: 18 [15500/33236 (47%)], loss_tgt 1238.0213623046875
(13902544896, 23710007296)
Train Epoch: 18 [16000/33236 (48%)], loss_tgt 1560.7696533203125
(13902544896, 23710007296)
Train Epoch: 18 [16500/33236 (50%)], loss_tgt 1212.2545166015625
(13902544896, 23710007296)
Train Epoch: 18 [17000/33236 (51%)], loss_tgt 1334.397216796875
(13902544896, 23710007296)
Train Epoch: 18 [17500/33236 (53%)], loss_tgt 1025.539306640625
(13902544896, 23710007296)
Train Epoch: 18 [18000/33236 (54%)], loss_tgt 1796.73779296875
(13902544896, 23710007296)
Train Epoch: 18 [18500/33236 (56%)], loss_tgt 1316.185546875
(13902544896, 23710007296)
Train Epoch: 18 [19000/33236 (57%)], loss_tgt 1741.662109375
(13902544896, 23710007296)
Train Epoch: 18 [19500/33236 (59%)], loss_tgt 1505.64306640625
(13902544896, 23710007296)
Train Epoch: 18 [20000/33236 (60%)], loss_tgt 1743.673095703125
(13902544896, 23710007296)
Train Epoch: 18 [20500/33236 (62%)], loss_tgt 1140.487060546875
(13902544896, 23710007296)
Train Epoch: 18 [21000/33236 (63%)], loss_tgt 1557.5682373046875
(13902544896, 23710007296)
Train Epoch: 18 [21500/33236 (65%)], loss_tgt 1454.21337890625
(13902544896, 23710007296)
Train Epoch: 18 [22000/33236 (66%)], loss_tgt 1292.6776123046875
(13902544896, 23710007296)
Train Epoch: 18 [22500/33236 (68%)], loss_tgt 1711.794921875
(13902544896, 23710007296)
Train Epoch: 18 [23000/33236 (69%)], loss_tgt 1715.054931640625
(13902544896, 23710007296)
Train Epoch: 18 [23500/33236 (71%)], loss_tgt 1726.657470703125
(13902544896, 23710007296)
Train Epoch: 18 [24000/33236 (72%)], loss_tgt 1764.810302734375
(13902544896, 23710007296)
Train Epoch: 18 [24500/33236 (74%)], loss_tgt 1510.3392333984375
(13902544896, 23710007296)
Train Epoch: 18 [25000/33236 (75%)], loss_tgt 1454.891357421875
(13902544896, 23710007296)
Train Epoch: 18 [25500/33236 (77%)], loss_tgt 1098.6280517578125
(13902544896, 23710007296)
Train Epoch: 18 [26000/33236 (78%)], loss_tgt 1551.0992431640625
(13902544896, 23710007296)
Train Epoch: 18 [26500/33236 (80%)], loss_tgt 1850.947265625
(13902544896, 23710007296)
Train Epoch: 18 [27000/33236 (81%)], loss_tgt 1673.801513671875
(13902544896, 23710007296)
Train Epoch: 18 [27500/33236 (83%)], loss_tgt 1450.8182373046875
(13902544896, 23710007296)
Train Epoch: 18 [28000/33236 (84%)], loss_tgt 1476.0859375
(13902544896, 23710007296)
Train Epoch: 18 [28500/33236 (86%)], loss_tgt 1367.51904296875
(13902544896, 23710007296)
Train Epoch: 18 [29000/33236 (87%)], loss_tgt 1541.4490966796875
(13902544896, 23710007296)
Train Epoch: 18 [29500/33236 (89%)], loss_tgt 1330.5521240234375
(13902544896, 23710007296)
Train Epoch: 18 [30000/33236 (90%)], loss_tgt 1727.464599609375
(13902544896, 23710007296)
Train Epoch: 18 [30500/33236 (92%)], loss_tgt 1485.1314697265625
(13902544896, 23710007296)
Train Epoch: 18 [31000/33236 (93%)], loss_tgt 1570.723876953125
(13902544896, 23710007296)
Train Epoch: 18 [31500/33236 (95%)], loss_tgt 1654.4144287109375
(13902544896, 23710007296)
Train Epoch: 18 [32000/33236 (96%)], loss_tgt 1161.91015625
(13902544896, 23710007296)
Train Epoch: 18 [32500/33236 (98%)], loss_tgt 1363.999267578125
(13902544896, 23710007296)
Train Epoch: 18 [33000/33236 (99%)], loss_tgt 1761.9921875
----------------------------------------Epoch: 19----------------------------------------
(13902544896, 23710007296)
Train Epoch: 19 [0/33236 (0%)], loss_tgt 1597.798095703125
(13902544896, 23710007296)
Train Epoch: 19 [500/33236 (2%)], loss_tgt 1385.333740234375
(13902544896, 23710007296)
Train Epoch: 19 [1000/33236 (3%)], loss_tgt 1550.923095703125
(13902544896, 23710007296)
Train Epoch: 19 [1500/33236 (5%)], loss_tgt 958.950439453125
(13902544896, 23710007296)
Train Epoch: 19 [2000/33236 (6%)], loss_tgt 1665.643310546875
(13902544896, 23710007296)
Train Epoch: 19 [2500/33236 (8%)], loss_tgt 1734.552490234375
(13902544896, 23710007296)
Train Epoch: 19 [3000/33236 (9%)], loss_tgt 1791.6630859375
(13902544896, 23710007296)
Train Epoch: 19 [3500/33236 (11%)], loss_tgt 1470.525634765625
(13902544896, 23710007296)
Train Epoch: 19 [4000/33236 (12%)], loss_tgt 1429.9783935546875
(13902544896, 23710007296)
Train Epoch: 19 [4500/33236 (14%)], loss_tgt 1820.638671875
(13902544896, 23710007296)
Train Epoch: 19 [5000/33236 (15%)], loss_tgt 1373.5802001953125
(13902544896, 23710007296)
Train Epoch: 19 [5500/33236 (17%)], loss_tgt 1651.222900390625
(13902544896, 23710007296)
Train Epoch: 19 [6000/33236 (18%)], loss_tgt 1718.236572265625
(13902544896, 23710007296)
Train Epoch: 19 [6500/33236 (20%)], loss_tgt 1550.8182373046875
(13902544896, 23710007296)
Train Epoch: 19 [7000/33236 (21%)], loss_tgt 1257.9923095703125
(13902544896, 23710007296)
Train Epoch: 19 [7500/33236 (23%)], loss_tgt 1515.244140625
(13902544896, 23710007296)
Train Epoch: 19 [8000/33236 (24%)], loss_tgt 1769.824462890625
(13902544896, 23710007296)
Train Epoch: 19 [8500/33236 (26%)], loss_tgt 1590.8226318359375
(13902544896, 23710007296)
Train Epoch: 19 [9000/33236 (27%)], loss_tgt 1804.508544921875
(13902544896, 23710007296)
Train Epoch: 19 [9500/33236 (29%)], loss_tgt 1642.4915771484375
(13902544896, 23710007296)
Train Epoch: 19 [10000/33236 (30%)], loss_tgt 1005.1979370117188
(13902544896, 23710007296)
Train Epoch: 19 [10500/33236 (32%)], loss_tgt 1753.49560546875
(13902544896, 23710007296)
Train Epoch: 19 [11000/33236 (33%)], loss_tgt 1508.32470703125
(13902544896, 23710007296)
Train Epoch: 19 [11500/33236 (35%)], loss_tgt 1240.2303466796875
(13902544896, 23710007296)
Train Epoch: 19 [12000/33236 (36%)], loss_tgt 1820.17724609375
(13902544896, 23710007296)
Train Epoch: 19 [12500/33236 (38%)], loss_tgt 1715.447509765625
(13902544896, 23710007296)
Train Epoch: 19 [13000/33236 (39%)], loss_tgt 1736.895751953125
(13902544896, 23710007296)
Train Epoch: 19 [13500/33236 (41%)], loss_tgt 1554.5966796875
(13902544896, 23710007296)
Train Epoch: 19 [14000/33236 (42%)], loss_tgt 1742.162353515625
(13902544896, 23710007296)
Train Epoch: 19 [14500/33236 (44%)], loss_tgt 1545.3135986328125
(13902544896, 23710007296)
Train Epoch: 19 [15000/33236 (45%)], loss_tgt 1316.94970703125
(13902544896, 23710007296)
Train Epoch: 19 [15500/33236 (47%)], loss_tgt 1799.290283203125
(13902544896, 23710007296)
Train Epoch: 19 [16000/33236 (48%)], loss_tgt 1731.87255859375
(13902544896, 23710007296)
Train Epoch: 19 [16500/33236 (50%)], loss_tgt 1286.297119140625
(13902544896, 23710007296)
Train Epoch: 19 [17000/33236 (51%)], loss_tgt 1204.079345703125
(13902544896, 23710007296)
Train Epoch: 19 [17500/33236 (53%)], loss_tgt 1457.6014404296875
(13902544896, 23710007296)
Train Epoch: 19 [18000/33236 (54%)], loss_tgt 1903.1231689453125
(13902544896, 23710007296)
Train Epoch: 19 [18500/33236 (56%)], loss_tgt 1599.99853515625
(13902544896, 23710007296)
Train Epoch: 19 [19000/33236 (57%)], loss_tgt 1324.63720703125
(13902544896, 23710007296)
Train Epoch: 19 [19500/33236 (59%)], loss_tgt 1753.739501953125
(13902544896, 23710007296)
Train Epoch: 19 [20000/33236 (60%)], loss_tgt 1649.92236328125
(13902544896, 23710007296)
Train Epoch: 19 [20500/33236 (62%)], loss_tgt 1551.4732666015625
(13902544896, 23710007296)
Train Epoch: 19 [21000/33236 (63%)], loss_tgt 1475.02783203125
(13902544896, 23710007296)
Train Epoch: 19 [21500/33236 (65%)], loss_tgt 1657.273681640625
(13902544896, 23710007296)
Train Epoch: 19 [22000/33236 (66%)], loss_tgt 1320.853759765625
(13902544896, 23710007296)
Train Epoch: 19 [22500/33236 (68%)], loss_tgt 1689.224853515625
(13902544896, 23710007296)
Train Epoch: 19 [23000/33236 (69%)], loss_tgt 1590.3673095703125
(13902544896, 23710007296)
Train Epoch: 19 [23500/33236 (71%)], loss_tgt 1555.263671875
(13902544896, 23710007296)
Train Epoch: 19 [24000/33236 (72%)], loss_tgt 1531.416259765625
(13902544896, 23710007296)
Train Epoch: 19 [24500/33236 (74%)], loss_tgt 1439.287841796875
(13902544896, 23710007296)
Train Epoch: 19 [25000/33236 (75%)], loss_tgt 1717.003662109375
(13902544896, 23710007296)
Train Epoch: 19 [25500/33236 (77%)], loss_tgt 1755.38037109375
(13902544896, 23710007296)
Train Epoch: 19 [26000/33236 (78%)], loss_tgt 1727.843017578125
(13902544896, 23710007296)
Train Epoch: 19 [26500/33236 (80%)], loss_tgt 1555.46044921875
(13902544896, 23710007296)
Train Epoch: 19 [27000/33236 (81%)], loss_tgt 1488.0460205078125
(13902544896, 23710007296)
Train Epoch: 19 [27500/33236 (83%)], loss_tgt 1804.4317626953125
(13902544896, 23710007296)
Train Epoch: 19 [28000/33236 (84%)], loss_tgt 1670.032958984375
(13902544896, 23710007296)
Train Epoch: 19 [28500/33236 (86%)], loss_tgt 1734.228271484375
(13902544896, 23710007296)
Train Epoch: 19 [29000/33236 (87%)], loss_tgt 1730.310546875
(13902544896, 23710007296)
Train Epoch: 19 [29500/33236 (89%)], loss_tgt 1725.0523681640625
(13902544896, 23710007296)
Train Epoch: 19 [30000/33236 (90%)], loss_tgt 1554.066650390625
(13902544896, 23710007296)
Train Epoch: 19 [30500/33236 (92%)], loss_tgt 1386.1986083984375
(13902544896, 23710007296)
Train Epoch: 19 [31000/33236 (93%)], loss_tgt 1729.7459716796875
(13902544896, 23710007296)
Train Epoch: 19 [31500/33236 (95%)], loss_tgt 1598.7088623046875
(13902544896, 23710007296)
Train Epoch: 19 [32000/33236 (96%)], loss_tgt 1744.681884765625
(13902544896, 23710007296)
Train Epoch: 19 [32500/33236 (98%)], loss_tgt 1341.6114501953125
(13902544896, 23710007296)
Train Epoch: 19 [33000/33236 (99%)], loss_tgt 1727.01025390625
----------------------------------------Epoch: 20----------------------------------------
(13902544896, 23710007296)
Train Epoch: 20 [0/33236 (0%)], loss_tgt 1796.350341796875
(13902544896, 23710007296)
Train Epoch: 20 [500/33236 (2%)], loss_tgt 1495.432861328125
(13902544896, 23710007296)
Train Epoch: 20 [1000/33236 (3%)], loss_tgt 1338.7755126953125
(13902544896, 23710007296)
Train Epoch: 20 [1500/33236 (5%)], loss_tgt 1316.3548583984375
(13902544896, 23710007296)
Train Epoch: 20 [2000/33236 (6%)], loss_tgt 1273.041015625
(13902544896, 23710007296)
Train Epoch: 20 [2500/33236 (8%)], loss_tgt 1531.41845703125
(13902544896, 23710007296)
Train Epoch: 20 [3000/33236 (9%)], loss_tgt 1473.21923828125
(13902544896, 23710007296)
Train Epoch: 20 [3500/33236 (11%)], loss_tgt 1699.65625
(13902544896, 23710007296)
Train Epoch: 20 [4000/33236 (12%)], loss_tgt 1395.4813232421875
(13902544896, 23710007296)
Train Epoch: 20 [4500/33236 (14%)], loss_tgt 1609.64404296875
(13902544896, 23710007296)
Train Epoch: 20 [5000/33236 (15%)], loss_tgt 1484.748291015625
(13902544896, 23710007296)
Train Epoch: 20 [5500/33236 (17%)], loss_tgt 1552.92138671875
(13902544896, 23710007296)
Train Epoch: 20 [6000/33236 (18%)], loss_tgt 1566.0595703125
(13902544896, 23710007296)
Train Epoch: 20 [6500/33236 (20%)], loss_tgt 1736.769287109375
(13902544896, 23710007296)
Train Epoch: 20 [7000/33236 (21%)], loss_tgt 1500.7401123046875
(13902544896, 23710007296)
Train Epoch: 20 [7500/33236 (23%)], loss_tgt 1449.14599609375
(13902544896, 23710007296)
Train Epoch: 20 [8000/33236 (24%)], loss_tgt 1570.47216796875
(13902544896, 23710007296)
Train Epoch: 20 [8500/33236 (26%)], loss_tgt 1820.134033203125
(13902544896, 23710007296)
Train Epoch: 20 [9000/33236 (27%)], loss_tgt 1730.30712890625
(13902544896, 23710007296)
Train Epoch: 20 [9500/33236 (29%)], loss_tgt 1568.6094970703125
(13902544896, 23710007296)
Train Epoch: 20 [10000/33236 (30%)], loss_tgt 1673.2366943359375
(13902544896, 23710007296)
Train Epoch: 20 [10500/33236 (32%)], loss_tgt 1632.77880859375
(13902544896, 23710007296)
Train Epoch: 20 [11000/33236 (33%)], loss_tgt 1784.90966796875
(13902544896, 23710007296)
Train Epoch: 20 [11500/33236 (35%)], loss_tgt 1717.35302734375
(13902544896, 23710007296)
Train Epoch: 20 [12000/33236 (36%)], loss_tgt 1322.1246337890625
(13902544896, 23710007296)
Train Epoch: 20 [12500/33236 (38%)], loss_tgt 1758.4803466796875
(13902544896, 23710007296)
Train Epoch: 20 [13000/33236 (39%)], loss_tgt 1415.81787109375
(13902544896, 23710007296)
Train Epoch: 20 [13500/33236 (41%)], loss_tgt 1508.9385986328125
(13902544896, 23710007296)
Train Epoch: 20 [14000/33236 (42%)], loss_tgt 1434.64306640625
(13902544896, 23710007296)
Train Epoch: 20 [14500/33236 (44%)], loss_tgt 1506.5218505859375
(13902544896, 23710007296)
Train Epoch: 20 [15000/33236 (45%)], loss_tgt 1300.839111328125
(13902544896, 23710007296)
Train Epoch: 20 [15500/33236 (47%)], loss_tgt 1318.90966796875
(13902544896, 23710007296)
Train Epoch: 20 [16000/33236 (48%)], loss_tgt 1509.723876953125
(13902544896, 23710007296)
Train Epoch: 20 [16500/33236 (50%)], loss_tgt 1419.888671875
(13902544896, 23710007296)
Train Epoch: 20 [17000/33236 (51%)], loss_tgt 1500.2559814453125
(13902544896, 23710007296)
Train Epoch: 20 [17500/33236 (53%)], loss_tgt 1670.15966796875
(13902544896, 23710007296)
Train Epoch: 20 [18000/33236 (54%)], loss_tgt 1526.305419921875
(13902544896, 23710007296)
Train Epoch: 20 [18500/33236 (56%)], loss_tgt 1650.3575439453125
(13902544896, 23710007296)
Train Epoch: 20 [19000/33236 (57%)], loss_tgt 1553.0997314453125
(13902544896, 23710007296)
Train Epoch: 20 [19500/33236 (59%)], loss_tgt 1438.083740234375
(13902544896, 23710007296)
Train Epoch: 20 [20000/33236 (60%)], loss_tgt 1553.32861328125
(13902544896, 23710007296)
Train Epoch: 20 [20500/33236 (62%)], loss_tgt 1563.6358642578125
(13902544896, 23710007296)
Train Epoch: 20 [21000/33236 (63%)], loss_tgt 1517.306640625
(13902544896, 23710007296)
Train Epoch: 20 [21500/33236 (65%)], loss_tgt 1744.78857421875
(13902544896, 23710007296)
Train Epoch: 20 [22000/33236 (66%)], loss_tgt 1282.8763427734375
(13902544896, 23710007296)
Train Epoch: 20 [22500/33236 (68%)], loss_tgt 1720.863037109375
(13902544896, 23710007296)
Train Epoch: 20 [23000/33236 (69%)], loss_tgt 1455.91357421875
(13902544896, 23710007296)
Train Epoch: 20 [23500/33236 (71%)], loss_tgt 1521.3245849609375
(13902544896, 23710007296)
Train Epoch: 20 [24000/33236 (72%)], loss_tgt 1492.3514404296875
(13902544896, 23710007296)
Train Epoch: 20 [24500/33236 (74%)], loss_tgt 1403.534423828125
(13902544896, 23710007296)
Train Epoch: 20 [25000/33236 (75%)], loss_tgt 1563.153076171875
(13902544896, 23710007296)
Train Epoch: 20 [25500/33236 (77%)], loss_tgt 1598.037841796875
(13902544896, 23710007296)
Train Epoch: 20 [26000/33236 (78%)], loss_tgt 1467.1190185546875
(13902544896, 23710007296)
Train Epoch: 20 [26500/33236 (80%)], loss_tgt 1509.98388671875
(13902544896, 23710007296)
Train Epoch: 20 [27000/33236 (81%)], loss_tgt 1573.2198486328125
(13902544896, 23710007296)
Train Epoch: 20 [27500/33236 (83%)], loss_tgt 1781.847900390625
(13902544896, 23710007296)
Train Epoch: 20 [28000/33236 (84%)], loss_tgt 1666.090576171875
(13902544896, 23710007296)
Train Epoch: 20 [28500/33236 (86%)], loss_tgt 1550.037841796875
(13902544896, 23710007296)
Train Epoch: 20 [29000/33236 (87%)], loss_tgt 1729.3109130859375
(13902544896, 23710007296)
Train Epoch: 20 [29500/33236 (89%)], loss_tgt 1742.88818359375
(13902544896, 23710007296)
Train Epoch: 20 [30000/33236 (90%)], loss_tgt 1125.752685546875
(13902544896, 23710007296)
Train Epoch: 20 [30500/33236 (92%)], loss_tgt 1519.2049560546875
(13902544896, 23710007296)
Train Epoch: 20 [31000/33236 (93%)], loss_tgt 1541.79736328125
(13902544896, 23710007296)
Train Epoch: 20 [31500/33236 (95%)], loss_tgt 1727.150146484375
(13902544896, 23710007296)
Train Epoch: 20 [32000/33236 (96%)], loss_tgt 1345.428466796875
(13902544896, 23710007296)
Train Epoch: 20 [32500/33236 (98%)], loss_tgt 1579.5267333984375
(13902544896, 23710007296)
Train Epoch: 20 [33000/33236 (99%)], loss_tgt 1238.706298828125
----------------------------------------Epoch: 21----------------------------------------
(13902544896, 23710007296)
Train Epoch: 21 [0/33236 (0%)], loss_tgt 1636.4927978515625
(13902544896, 23710007296)
Train Epoch: 21 [500/33236 (2%)], loss_tgt 1770.5008544921875
(13902544896, 23710007296)
Train Epoch: 21 [1000/33236 (3%)], loss_tgt 1600.0528564453125
(13902544896, 23710007296)
Train Epoch: 21 [1500/33236 (5%)], loss_tgt 1790.569580078125
(13902544896, 23710007296)
Train Epoch: 21 [2000/33236 (6%)], loss_tgt 1490.69140625
(13902544896, 23710007296)
Train Epoch: 21 [2500/33236 (8%)], loss_tgt 1425.65478515625
(13902544896, 23710007296)
Train Epoch: 21 [3000/33236 (9%)], loss_tgt 1884.485595703125
(13902544896, 23710007296)
Train Epoch: 21 [3500/33236 (11%)], loss_tgt 1744.183349609375
(13902544896, 23710007296)
Train Epoch: 21 [4000/33236 (12%)], loss_tgt 1587.007080078125
(13902544896, 23710007296)
Train Epoch: 21 [4500/33236 (14%)], loss_tgt 1767.578857421875
(13902544896, 23710007296)
Train Epoch: 21 [5000/33236 (15%)], loss_tgt 1569.0146484375
(13902544896, 23710007296)
Train Epoch: 21 [5500/33236 (17%)], loss_tgt 1783.087890625
(13902544896, 23710007296)
Train Epoch: 21 [6000/33236 (18%)], loss_tgt 1481.867431640625
(13902544896, 23710007296)
Train Epoch: 21 [6500/33236 (20%)], loss_tgt 1613.3194580078125
(13902544896, 23710007296)
Train Epoch: 21 [7000/33236 (21%)], loss_tgt 1487.947265625
(13902544896, 23710007296)
Train Epoch: 21 [7500/33236 (23%)], loss_tgt 1591.06787109375
(13902544896, 23710007296)
Train Epoch: 21 [8000/33236 (24%)], loss_tgt 1732.4080810546875
(13902544896, 23710007296)
Train Epoch: 21 [8500/33236 (26%)], loss_tgt 1615.553955078125
(13902544896, 23710007296)
Train Epoch: 21 [9000/33236 (27%)], loss_tgt 1222.480224609375
(13902544896, 23710007296)
Train Epoch: 21 [9500/33236 (29%)], loss_tgt 1282.0203857421875
(13902544896, 23710007296)
Train Epoch: 21 [10000/33236 (30%)], loss_tgt 1750.3973388671875
(13902544896, 23710007296)
Train Epoch: 21 [10500/33236 (32%)], loss_tgt 1800.54736328125
(13902544896, 23710007296)
Train Epoch: 21 [11000/33236 (33%)], loss_tgt 1395.781494140625
(13902544896, 23710007296)
Train Epoch: 21 [11500/33236 (35%)], loss_tgt 1551.57470703125
(13902544896, 23710007296)
Train Epoch: 21 [12000/33236 (36%)], loss_tgt 1649.74609375
(13902544896, 23710007296)
Train Epoch: 21 [12500/33236 (38%)], loss_tgt 1504.145751953125
(13902544896, 23710007296)
Train Epoch: 21 [13000/33236 (39%)], loss_tgt 1105.72509765625
(13902544896, 23710007296)
Train Epoch: 21 [13500/33236 (41%)], loss_tgt 1576.8486328125
(13902544896, 23710007296)
Train Epoch: 21 [14000/33236 (42%)], loss_tgt 1598.2672119140625
(13902544896, 23710007296)
Train Epoch: 21 [14500/33236 (44%)], loss_tgt 1294.4434814453125
(13902544896, 23710007296)
Train Epoch: 21 [15000/33236 (45%)], loss_tgt 1753.119384765625
(13902544896, 23710007296)
Train Epoch: 21 [15500/33236 (47%)], loss_tgt 1698.9229736328125
(13902544896, 23710007296)
Train Epoch: 21 [16000/33236 (48%)], loss_tgt 1612.876708984375
(13902544896, 23710007296)
Train Epoch: 21 [16500/33236 (50%)], loss_tgt 1542.9844970703125
(13902544896, 23710007296)
Train Epoch: 21 [17000/33236 (51%)], loss_tgt 1725.749755859375
(13902544896, 23710007296)
Train Epoch: 21 [17500/33236 (53%)], loss_tgt 1513.266845703125
(13902544896, 23710007296)
Train Epoch: 21 [18000/33236 (54%)], loss_tgt 1617.8709716796875
(13902544896, 23710007296)
Train Epoch: 21 [18500/33236 (56%)], loss_tgt 1229.705078125
(13902544896, 23710007296)
Train Epoch: 21 [19000/33236 (57%)], loss_tgt 1726.551513671875
(13902544896, 23710007296)
Train Epoch: 21 [19500/33236 (59%)], loss_tgt 1349.989990234375
(13902544896, 23710007296)
Train Epoch: 21 [20000/33236 (60%)], loss_tgt 1147.2216796875
(13902544896, 23710007296)
Train Epoch: 21 [20500/33236 (62%)], loss_tgt 1730.104736328125
(13902544896, 23710007296)
Train Epoch: 21 [21000/33236 (63%)], loss_tgt 1570.6875
(13902544896, 23710007296)
Train Epoch: 21 [21500/33236 (65%)], loss_tgt 1444.86376953125
(13902544896, 23710007296)
Train Epoch: 21 [22000/33236 (66%)], loss_tgt 1356.0484619140625
(13902544896, 23710007296)
Train Epoch: 21 [22500/33236 (68%)], loss_tgt 1699.696044921875
(13902544896, 23710007296)
Train Epoch: 21 [23000/33236 (69%)], loss_tgt 1499.9793701171875
(13902544896, 23710007296)
Train Epoch: 21 [23500/33236 (71%)], loss_tgt 1507.2645263671875
(13902544896, 23710007296)
Train Epoch: 21 [24000/33236 (72%)], loss_tgt 1385.1802978515625
(13902544896, 23710007296)
Train Epoch: 21 [24500/33236 (74%)], loss_tgt 1669.604248046875
(13902544896, 23710007296)
Train Epoch: 21 [25000/33236 (75%)], loss_tgt 1544.392578125
(13902544896, 23710007296)
Train Epoch: 21 [25500/33236 (77%)], loss_tgt 1577.820068359375
(13902544896, 23710007296)
Train Epoch: 21 [26000/33236 (78%)], loss_tgt 1706.7939453125
(13902544896, 23710007296)
Train Epoch: 21 [26500/33236 (80%)], loss_tgt 1144.50634765625
(13902544896, 23710007296)
Train Epoch: 21 [27000/33236 (81%)], loss_tgt 1626.398193359375
(13902544896, 23710007296)
Train Epoch: 21 [27500/33236 (83%)], loss_tgt 1216.785400390625
(13902544896, 23710007296)
Train Epoch: 21 [28000/33236 (84%)], loss_tgt 1574.7591552734375
(13902544896, 23710007296)
Train Epoch: 21 [28500/33236 (86%)], loss_tgt 1178.484375
(13902544896, 23710007296)
Train Epoch: 21 [29000/33236 (87%)], loss_tgt 1687.641845703125
(13902544896, 23710007296)
Train Epoch: 21 [29500/33236 (89%)], loss_tgt 1699.147216796875
(13902544896, 23710007296)
Train Epoch: 21 [30000/33236 (90%)], loss_tgt 1778.234619140625
(13902544896, 23710007296)
Train Epoch: 21 [30500/33236 (92%)], loss_tgt 1508.4197998046875
(13902544896, 23710007296)
Train Epoch: 21 [31000/33236 (93%)], loss_tgt 1779.96630859375
(13902544896, 23710007296)
Train Epoch: 21 [31500/33236 (95%)], loss_tgt 1608.80126953125
(13902544896, 23710007296)
Train Epoch: 21 [32000/33236 (96%)], loss_tgt 1609.2681884765625
(13902544896, 23710007296)
Train Epoch: 21 [32500/33236 (98%)], loss_tgt 1555.6978759765625
(13902544896, 23710007296)
Train Epoch: 21 [33000/33236 (99%)], loss_tgt 1655.0145263671875
----------------------------------------Epoch: 22----------------------------------------
(13902544896, 23710007296)
Train Epoch: 22 [0/33236 (0%)], loss_tgt 1628.7979736328125
(13902544896, 23710007296)
Train Epoch: 22 [500/33236 (2%)], loss_tgt 1499.16455078125
(13902544896, 23710007296)
Train Epoch: 22 [1000/33236 (3%)], loss_tgt 1677.1612548828125
(13902544896, 23710007296)
Train Epoch: 22 [1500/33236 (5%)], loss_tgt 1767.80517578125
(13902544896, 23710007296)
Train Epoch: 22 [2000/33236 (6%)], loss_tgt 1636.1162109375
(13902544896, 23710007296)
Train Epoch: 22 [2500/33236 (8%)], loss_tgt 1784.686279296875
(13902544896, 23710007296)
Train Epoch: 22 [3000/33236 (9%)], loss_tgt 1101.052001953125
(13902544896, 23710007296)
Train Epoch: 22 [3500/33236 (11%)], loss_tgt 1749.6875
(13902544896, 23710007296)
Train Epoch: 22 [4000/33236 (12%)], loss_tgt 1728.435302734375
(13902544896, 23710007296)
Train Epoch: 22 [4500/33236 (14%)], loss_tgt 1656.8748779296875
(13902544896, 23710007296)
Train Epoch: 22 [5000/33236 (15%)], loss_tgt 706.8993530273438
(13902544896, 23710007296)
Train Epoch: 22 [5500/33236 (17%)], loss_tgt 1608.82421875
(13902544896, 23710007296)
Train Epoch: 22 [6000/33236 (18%)], loss_tgt 1500.27685546875
(13902544896, 23710007296)
Train Epoch: 22 [6500/33236 (20%)], loss_tgt 1246.399658203125
(13902544896, 23710007296)
Train Epoch: 22 [7000/33236 (21%)], loss_tgt 1666.62890625
(13902544896, 23710007296)
Train Epoch: 22 [7500/33236 (23%)], loss_tgt 1521.15625
(13902544896, 23710007296)
Train Epoch: 22 [8000/33236 (24%)], loss_tgt 1270.959228515625
(13902544896, 23710007296)
Train Epoch: 22 [8500/33236 (26%)], loss_tgt 1514.49609375
(13902544896, 23710007296)
Train Epoch: 22 [9000/33236 (27%)], loss_tgt 1652.2816162109375
(13902544896, 23710007296)
Train Epoch: 22 [9500/33236 (29%)], loss_tgt 1804.597412109375
(13902544896, 23710007296)
Train Epoch: 22 [10000/33236 (30%)], loss_tgt 1534.9666748046875
(13902544896, 23710007296)
Train Epoch: 22 [10500/33236 (32%)], loss_tgt 1257.017822265625
(13902544896, 23710007296)
Train Epoch: 22 [11000/33236 (33%)], loss_tgt 1532.9146728515625
(13902544896, 23710007296)
Train Epoch: 22 [11500/33236 (35%)], loss_tgt 1765.6220703125
(13902544896, 23710007296)
Train Epoch: 22 [12000/33236 (36%)], loss_tgt 1577.53125
(13902544896, 23710007296)
Train Epoch: 22 [12500/33236 (38%)], loss_tgt 1557.3709716796875
(13902544896, 23710007296)
Train Epoch: 22 [13000/33236 (39%)], loss_tgt 1788.589111328125
(13902544896, 23710007296)
Train Epoch: 22 [13500/33236 (41%)], loss_tgt 1532.725341796875
(13902544896, 23710007296)
Train Epoch: 22 [14000/33236 (42%)], loss_tgt 974.635986328125
(13902544896, 23710007296)
Train Epoch: 22 [14500/33236 (44%)], loss_tgt 1186.972900390625
(13902544896, 23710007296)
Train Epoch: 22 [15000/33236 (45%)], loss_tgt 1657.5706787109375
(13902544896, 23710007296)
Train Epoch: 22 [15500/33236 (47%)], loss_tgt 1571.28173828125
(13902544896, 23710007296)
Train Epoch: 22 [16000/33236 (48%)], loss_tgt 1574.7713623046875
(13902544896, 23710007296)
Train Epoch: 22 [16500/33236 (50%)], loss_tgt 1206.293701171875
(13902544896, 23710007296)
Train Epoch: 22 [17000/33236 (51%)], loss_tgt 1712.10009765625
(13902544896, 23710007296)
Train Epoch: 22 [17500/33236 (53%)], loss_tgt 1629.0164794921875
(13902544896, 23710007296)
Train Epoch: 22 [18000/33236 (54%)], loss_tgt 1508.634765625
(13902544896, 23710007296)
Train Epoch: 22 [18500/33236 (56%)], loss_tgt 1710.555908203125
(13902544896, 23710007296)
Train Epoch: 22 [19000/33236 (57%)], loss_tgt 1615.192138671875
(13902544896, 23710007296)
Train Epoch: 22 [19500/33236 (59%)], loss_tgt 1446.387939453125
(13902544896, 23710007296)
Train Epoch: 22 [20000/33236 (60%)], loss_tgt 1669.1630859375
(13902544896, 23710007296)
Train Epoch: 22 [20500/33236 (62%)], loss_tgt 1347.104736328125
(13902544896, 23710007296)
Train Epoch: 22 [21000/33236 (63%)], loss_tgt 1362.01513671875
(13902544896, 23710007296)
Train Epoch: 22 [21500/33236 (65%)], loss_tgt 1572.19677734375
(13902544896, 23710007296)
Train Epoch: 22 [22000/33236 (66%)], loss_tgt 1471.754638671875
(13902544896, 23710007296)
Train Epoch: 22 [22500/33236 (68%)], loss_tgt 1233.6055908203125
(13902544896, 23710007296)
Train Epoch: 22 [23000/33236 (69%)], loss_tgt 1545.8731689453125
(13902544896, 23710007296)
Train Epoch: 22 [23500/33236 (71%)], loss_tgt 1520.137939453125
(13902544896, 23710007296)
Train Epoch: 22 [24000/33236 (72%)], loss_tgt 1410.572998046875
(13902544896, 23710007296)
Train Epoch: 22 [24500/33236 (74%)], loss_tgt 1421.093017578125
(13902544896, 23710007296)
Train Epoch: 22 [25000/33236 (75%)], loss_tgt 1735.927001953125
(13902544896, 23710007296)
Train Epoch: 22 [25500/33236 (77%)], loss_tgt 1587.0621337890625
(13902544896, 23710007296)
Train Epoch: 22 [26000/33236 (78%)], loss_tgt 1780.91455078125
(13902544896, 23710007296)
Train Epoch: 22 [26500/33236 (80%)], loss_tgt 1387.523681640625
(13902544896, 23710007296)
Train Epoch: 22 [27000/33236 (81%)], loss_tgt 1543.5364990234375
(13902544896, 23710007296)
Train Epoch: 22 [27500/33236 (83%)], loss_tgt 1474.3043212890625
(13902544896, 23710007296)
Train Epoch: 22 [28000/33236 (84%)], loss_tgt 1320.3809814453125
(13902544896, 23710007296)
Train Epoch: 22 [28500/33236 (86%)], loss_tgt 1563.0423583984375
(13902544896, 23710007296)
Train Epoch: 22 [29000/33236 (87%)], loss_tgt 1755.190673828125
(13902544896, 23710007296)
Train Epoch: 22 [29500/33236 (89%)], loss_tgt 1358.8416748046875
(13902544896, 23710007296)
Train Epoch: 22 [30000/33236 (90%)], loss_tgt 1347.41015625
(13902544896, 23710007296)
Train Epoch: 22 [30500/33236 (92%)], loss_tgt 1179.7772216796875
(13902544896, 23710007296)
Train Epoch: 22 [31000/33236 (93%)], loss_tgt 1737.979736328125
(13902544896, 23710007296)
Train Epoch: 22 [31500/33236 (95%)], loss_tgt 1577.214111328125
(13902544896, 23710007296)
Train Epoch: 22 [32000/33236 (96%)], loss_tgt 1769.053466796875
(13902544896, 23710007296)
Train Epoch: 22 [32500/33236 (98%)], loss_tgt 1729.09619140625
(13902544896, 23710007296)
Train Epoch: 22 [33000/33236 (99%)], loss_tgt 1737.7447509765625
----------------------------------------Epoch: 23----------------------------------------
(13902544896, 23710007296)
Train Epoch: 23 [0/33236 (0%)], loss_tgt 1168.7137451171875
(13902544896, 23710007296)
Train Epoch: 23 [500/33236 (2%)], loss_tgt 1414.755615234375
(13902544896, 23710007296)
Train Epoch: 23 [1000/33236 (3%)], loss_tgt 1587.4732666015625
(13902544896, 23710007296)
Train Epoch: 23 [1500/33236 (5%)], loss_tgt 1652.834716796875
(13902544896, 23710007296)
Train Epoch: 23 [2000/33236 (6%)], loss_tgt 1169.3048095703125
(13902544896, 23710007296)
Train Epoch: 23 [2500/33236 (8%)], loss_tgt 1709.889404296875
(13902544896, 23710007296)
Train Epoch: 23 [3000/33236 (9%)], loss_tgt 1584.97412109375
(13902544896, 23710007296)
Train Epoch: 23 [3500/33236 (11%)], loss_tgt 1310.132568359375
(13902544896, 23710007296)
Train Epoch: 23 [4000/33236 (12%)], loss_tgt 1706.051513671875
(13902544896, 23710007296)
Train Epoch: 23 [4500/33236 (14%)], loss_tgt 1258.7802734375
(13902544896, 23710007296)
Train Epoch: 23 [5000/33236 (15%)], loss_tgt 1241.4854736328125
(13902544896, 23710007296)
Train Epoch: 23 [5500/33236 (17%)], loss_tgt 1519.49951171875
(13902544896, 23710007296)
Train Epoch: 23 [6000/33236 (18%)], loss_tgt 1330.427978515625
(13902544896, 23710007296)
Train Epoch: 23 [6500/33236 (20%)], loss_tgt 1540.13134765625
(13902544896, 23710007296)
Train Epoch: 23 [7000/33236 (21%)], loss_tgt 1438.49462890625
(13902544896, 23710007296)
Train Epoch: 23 [7500/33236 (23%)], loss_tgt 1446.1771240234375
(13902544896, 23710007296)
Train Epoch: 23 [8000/33236 (24%)], loss_tgt 1680.217041015625
(13902544896, 23710007296)
Train Epoch: 23 [8500/33236 (26%)], loss_tgt 1642.979736328125
(13902544896, 23710007296)
Train Epoch: 23 [9000/33236 (27%)], loss_tgt 1567.9921875
(13902544896, 23710007296)
Train Epoch: 23 [9500/33236 (29%)], loss_tgt 1396.308349609375
(13902544896, 23710007296)
Train Epoch: 23 [10000/33236 (30%)], loss_tgt 1169.5711669921875
(13902544896, 23710007296)
Train Epoch: 23 [10500/33236 (32%)], loss_tgt 1635.7532958984375
(13902544896, 23710007296)
Train Epoch: 23 [11000/33236 (33%)], loss_tgt 1712.864013671875
(13902544896, 23710007296)
Train Epoch: 23 [11500/33236 (35%)], loss_tgt 1622.065185546875
(13902544896, 23710007296)
Train Epoch: 23 [12000/33236 (36%)], loss_tgt 1752.7568359375
(13902544896, 23710007296)
Train Epoch: 23 [12500/33236 (38%)], loss_tgt 1166.1318359375
(13902544896, 23710007296)
Train Epoch: 23 [13000/33236 (39%)], loss_tgt 1613.77880859375
(13902544896, 23710007296)
Train Epoch: 23 [13500/33236 (41%)], loss_tgt 1783.0902099609375
(13902544896, 23710007296)
Train Epoch: 23 [14000/33236 (42%)], loss_tgt 1415.5126953125
(13902544896, 23710007296)
Train Epoch: 23 [14500/33236 (44%)], loss_tgt 1370.772705078125
(13902544896, 23710007296)
Train Epoch: 23 [15000/33236 (45%)], loss_tgt 1792.078857421875
(13902544896, 23710007296)
Train Epoch: 23 [15500/33236 (47%)], loss_tgt 1880.863525390625
(13902544896, 23710007296)
Train Epoch: 23 [16000/33236 (48%)], loss_tgt 1647.4322509765625
(13902544896, 23710007296)
Train Epoch: 23 [16500/33236 (50%)], loss_tgt 1471.9146728515625
(13902544896, 23710007296)
Train Epoch: 23 [17000/33236 (51%)], loss_tgt 1677.063232421875
(13902544896, 23710007296)
Train Epoch: 23 [17500/33236 (53%)], loss_tgt 1295.21435546875
(13902544896, 23710007296)
Train Epoch: 23 [18000/33236 (54%)], loss_tgt 1150.2642822265625
(13902544896, 23710007296)
Train Epoch: 23 [18500/33236 (56%)], loss_tgt 1779.69482421875
(13902544896, 23710007296)
Train Epoch: 23 [19000/33236 (57%)], loss_tgt 1560.7850341796875
(13902544896, 23710007296)
Train Epoch: 23 [19500/33236 (59%)], loss_tgt 1740.1103515625
(13902544896, 23710007296)
Train Epoch: 23 [20000/33236 (60%)], loss_tgt 1544.76123046875
(13902544896, 23710007296)
Train Epoch: 23 [20500/33236 (62%)], loss_tgt 1684.928955078125
(13902544896, 23710007296)
Train Epoch: 23 [21000/33236 (63%)], loss_tgt 1634.9656982421875
(13902544896, 23710007296)
Train Epoch: 23 [21500/33236 (65%)], loss_tgt 1526.6761474609375
(13902544896, 23710007296)
Train Epoch: 23 [22000/33236 (66%)], loss_tgt 1572.107666015625
(13902544896, 23710007296)
Train Epoch: 23 [22500/33236 (68%)], loss_tgt 1628.764892578125
(13902544896, 23710007296)
Train Epoch: 23 [23000/33236 (69%)], loss_tgt 1810.2169189453125
(13902544896, 23710007296)
Train Epoch: 23 [23500/33236 (71%)], loss_tgt 1756.7261962890625
(13902544896, 23710007296)
Train Epoch: 23 [24000/33236 (72%)], loss_tgt 1562.756103515625
(13902544896, 23710007296)
Train Epoch: 23 [24500/33236 (74%)], loss_tgt 1866.03369140625
(13902544896, 23710007296)
Train Epoch: 23 [25000/33236 (75%)], loss_tgt 1539.23681640625
(13902544896, 23710007296)
Train Epoch: 23 [25500/33236 (77%)], loss_tgt 1734.75927734375
(13902544896, 23710007296)
Train Epoch: 23 [26000/33236 (78%)], loss_tgt 1597.4752197265625
(13902544896, 23710007296)
Train Epoch: 23 [26500/33236 (80%)], loss_tgt 1718.941650390625
(13902544896, 23710007296)
Train Epoch: 23 [27000/33236 (81%)], loss_tgt 1404.358154296875
(13902544896, 23710007296)
Train Epoch: 23 [27500/33236 (83%)], loss_tgt 1283.26220703125
(13902544896, 23710007296)
Train Epoch: 23 [28000/33236 (84%)], loss_tgt 1466.8255615234375
(13902544896, 23710007296)
Train Epoch: 23 [28500/33236 (86%)], loss_tgt 1779.498291015625
(13902544896, 23710007296)
Train Epoch: 23 [29000/33236 (87%)], loss_tgt 1157.88671875
(13902544896, 23710007296)
Train Epoch: 23 [29500/33236 (89%)], loss_tgt 1779.29248046875
(13902544896, 23710007296)
Train Epoch: 23 [30000/33236 (90%)], loss_tgt 1515.806640625
(13902544896, 23710007296)
Train Epoch: 23 [30500/33236 (92%)], loss_tgt 1677.202880859375
(13902544896, 23710007296)
Train Epoch: 23 [31000/33236 (93%)], loss_tgt 1356.9559326171875
(13902544896, 23710007296)
Train Epoch: 23 [31500/33236 (95%)], loss_tgt 1388.1053466796875
(13902544896, 23710007296)
Train Epoch: 23 [32000/33236 (96%)], loss_tgt 1446.5406494140625
(13902544896, 23710007296)
Train Epoch: 23 [32500/33236 (98%)], loss_tgt 1703.82177734375
(13902544896, 23710007296)
Train Epoch: 23 [33000/33236 (99%)], loss_tgt 1470.9620361328125
----------------------------------------Epoch: 24----------------------------------------
(13902544896, 23710007296)
Train Epoch: 24 [0/33236 (0%)], loss_tgt 1184.630615234375
(13902544896, 23710007296)
Train Epoch: 24 [500/33236 (2%)], loss_tgt 1742.622802734375
(13902544896, 23710007296)
Train Epoch: 24 [1000/33236 (3%)], loss_tgt 1638.639404296875
(13902544896, 23710007296)
Train Epoch: 24 [1500/33236 (5%)], loss_tgt 1288.6259765625
(13902544896, 23710007296)
Train Epoch: 24 [2000/33236 (6%)], loss_tgt 1323.05908203125
(13902544896, 23710007296)
Train Epoch: 24 [2500/33236 (8%)], loss_tgt 1276.6728515625
(13902544896, 23710007296)
Train Epoch: 24 [3000/33236 (9%)], loss_tgt 1737.1715087890625
(13902544896, 23710007296)
Train Epoch: 24 [3500/33236 (11%)], loss_tgt 1742.4964599609375
(13902544896, 23710007296)
Train Epoch: 24 [4000/33236 (12%)], loss_tgt 868.083984375
(13902544896, 23710007296)
Train Epoch: 24 [4500/33236 (14%)], loss_tgt 1391.0426025390625
(13902544896, 23710007296)
Train Epoch: 24 [5000/33236 (15%)], loss_tgt 1416.6085205078125
(13902544896, 23710007296)
Train Epoch: 24 [5500/33236 (17%)], loss_tgt 1755.993408203125
(13902544896, 23710007296)
Train Epoch: 24 [6000/33236 (18%)], loss_tgt 1463.50244140625
(13902544896, 23710007296)
Train Epoch: 24 [6500/33236 (20%)], loss_tgt 1774.0927734375
(13902544896, 23710007296)
Train Epoch: 24 [7000/33236 (21%)], loss_tgt 1453.47705078125
(13902544896, 23710007296)
Train Epoch: 24 [7500/33236 (23%)], loss_tgt 1738.9609375
(13902544896, 23710007296)
Train Epoch: 24 [8000/33236 (24%)], loss_tgt 1706.1396484375
(13902544896, 23710007296)
Train Epoch: 24 [8500/33236 (26%)], loss_tgt 1694.98583984375
(13902544896, 23710007296)
Train Epoch: 24 [9000/33236 (27%)], loss_tgt 1703.1268310546875
(13902544896, 23710007296)
Train Epoch: 24 [9500/33236 (29%)], loss_tgt 1501.104248046875
(13902544896, 23710007296)
Train Epoch: 24 [10000/33236 (30%)], loss_tgt 1747.690185546875
(13902544896, 23710007296)
Train Epoch: 24 [10500/33236 (32%)], loss_tgt 1510.513427734375
(13902544896, 23710007296)
Train Epoch: 24 [11000/33236 (33%)], loss_tgt 1648.8828125
(13902544896, 23710007296)
Train Epoch: 24 [11500/33236 (35%)], loss_tgt 1833.4173583984375
(13902544896, 23710007296)
Train Epoch: 24 [12000/33236 (36%)], loss_tgt 1465.7303466796875
(13902544896, 23710007296)
Train Epoch: 24 [12500/33236 (38%)], loss_tgt 1320.8438720703125
(13902544896, 23710007296)
Train Epoch: 24 [13000/33236 (39%)], loss_tgt 1746.248779296875
(13902544896, 23710007296)
Train Epoch: 24 [13500/33236 (41%)], loss_tgt 1576.652587890625
(13902544896, 23710007296)
Train Epoch: 24 [14000/33236 (42%)], loss_tgt 1520.587890625
(13902544896, 23710007296)
Train Epoch: 24 [14500/33236 (44%)], loss_tgt 1704.42431640625
(13902544896, 23710007296)
Train Epoch: 24 [15000/33236 (45%)], loss_tgt 1726.6068115234375
(13902544896, 23710007296)
Train Epoch: 24 [15500/33236 (47%)], loss_tgt 1371.2054443359375
(13902544896, 23710007296)
Train Epoch: 24 [16000/33236 (48%)], loss_tgt 1778.896484375
(13902544896, 23710007296)
Train Epoch: 24 [16500/33236 (50%)], loss_tgt 1331.9844970703125
(13902544896, 23710007296)
Train Epoch: 24 [17000/33236 (51%)], loss_tgt 1629.621337890625
(13902544896, 23710007296)
Train Epoch: 24 [17500/33236 (53%)], loss_tgt 1717.595947265625
(13902544896, 23710007296)
Train Epoch: 24 [18000/33236 (54%)], loss_tgt 1575.2791748046875
(13902544896, 23710007296)
Train Epoch: 24 [18500/33236 (56%)], loss_tgt 1800.355712890625
(13902544896, 23710007296)
Train Epoch: 24 [19000/33236 (57%)], loss_tgt 1734.548095703125
(13902544896, 23710007296)
Train Epoch: 24 [19500/33236 (59%)], loss_tgt 1478.33251953125
(13902544896, 23710007296)
Train Epoch: 24 [20000/33236 (60%)], loss_tgt 1599.657470703125
(13902544896, 23710007296)
Train Epoch: 24 [20500/33236 (62%)], loss_tgt 1439.58935546875
(13902544896, 23710007296)
Train Epoch: 24 [21000/33236 (63%)], loss_tgt 1600.600341796875
(13902544896, 23710007296)
Train Epoch: 24 [21500/33236 (65%)], loss_tgt 1270.349609375
(13902544896, 23710007296)
Train Epoch: 24 [22000/33236 (66%)], loss_tgt 1635.518310546875
(13902544896, 23710007296)
Train Epoch: 24 [22500/33236 (68%)], loss_tgt 1818.1180419921875
(13902544896, 23710007296)
Train Epoch: 24 [23000/33236 (69%)], loss_tgt 1430.323974609375
(13902544896, 23710007296)
Train Epoch: 24 [23500/33236 (71%)], loss_tgt 1406.9105224609375
(13902544896, 23710007296)
Train Epoch: 24 [24000/33236 (72%)], loss_tgt 1796.782470703125
(13902544896, 23710007296)
Train Epoch: 24 [24500/33236 (74%)], loss_tgt 1674.799072265625
(13902544896, 23710007296)
Train Epoch: 24 [25000/33236 (75%)], loss_tgt 1749.015625
(13902544896, 23710007296)
Train Epoch: 24 [25500/33236 (77%)], loss_tgt 1081.3031005859375
(13902544896, 23710007296)
Train Epoch: 24 [26000/33236 (78%)], loss_tgt 833.2266235351562
(13902544896, 23710007296)
Train Epoch: 24 [26500/33236 (80%)], loss_tgt 1769.23779296875
(13902544896, 23710007296)
Train Epoch: 24 [27000/33236 (81%)], loss_tgt 1464.2313232421875
(13902544896, 23710007296)
Train Epoch: 24 [27500/33236 (83%)], loss_tgt 1584.0184326171875
(13902544896, 23710007296)
Train Epoch: 24 [28000/33236 (84%)], loss_tgt 1552.7462158203125
(13902544896, 23710007296)
Train Epoch: 24 [28500/33236 (86%)], loss_tgt 1404.9183349609375
(13902544896, 23710007296)
Train Epoch: 24 [29000/33236 (87%)], loss_tgt 1516.7476806640625
(13902544896, 23710007296)
Train Epoch: 24 [29500/33236 (89%)], loss_tgt 1501.71142578125
(13902544896, 23710007296)
Train Epoch: 24 [30000/33236 (90%)], loss_tgt 1678.764404296875
(13902544896, 23710007296)
Train Epoch: 24 [30500/33236 (92%)], loss_tgt 1810.515625
(13902544896, 23710007296)
Train Epoch: 24 [31000/33236 (93%)], loss_tgt 1318.878662109375
(13902544896, 23710007296)
Train Epoch: 24 [31500/33236 (95%)], loss_tgt 1330.9549560546875
(13902544896, 23710007296)
Train Epoch: 24 [32000/33236 (96%)], loss_tgt 1739.5499267578125
(13902544896, 23710007296)
Train Epoch: 24 [32500/33236 (98%)], loss_tgt 1533.8812255859375
(13902544896, 23710007296)
Train Epoch: 24 [33000/33236 (99%)], loss_tgt 1806.419189453125
----------------------------------------Epoch: 25----------------------------------------
(13902544896, 23710007296)
Train Epoch: 25 [0/33236 (0%)], loss_tgt 1745.268798828125
(13902544896, 23710007296)
Train Epoch: 25 [500/33236 (2%)], loss_tgt 1570.94189453125
(13902544896, 23710007296)
Train Epoch: 25 [1000/33236 (3%)], loss_tgt 1297.0091552734375
(13902544896, 23710007296)
Train Epoch: 25 [1500/33236 (5%)], loss_tgt 1638.176025390625
(13902544896, 23710007296)
Train Epoch: 25 [2000/33236 (6%)], loss_tgt 1733.989990234375
(13902544896, 23710007296)
Train Epoch: 25 [2500/33236 (8%)], loss_tgt 1703.531982421875
(13902544896, 23710007296)
Train Epoch: 25 [3000/33236 (9%)], loss_tgt 1381.6556396484375
(13902544896, 23710007296)
Train Epoch: 25 [3500/33236 (11%)], loss_tgt 1444.464599609375
(13902544896, 23710007296)
Train Epoch: 25 [4000/33236 (12%)], loss_tgt 1497.442138671875
(13902544896, 23710007296)
Train Epoch: 25 [4500/33236 (14%)], loss_tgt 1726.51904296875
(13902544896, 23710007296)
Train Epoch: 25 [5000/33236 (15%)], loss_tgt 1481.365478515625
(13902544896, 23710007296)
Train Epoch: 25 [5500/33236 (17%)], loss_tgt 1851.182861328125
(13902544896, 23710007296)
Train Epoch: 25 [6000/33236 (18%)], loss_tgt 1523.571044921875
(13902544896, 23710007296)
Train Epoch: 25 [6500/33236 (20%)], loss_tgt 1820.889892578125
(13902544896, 23710007296)
Train Epoch: 25 [7000/33236 (21%)], loss_tgt 1499.282470703125
(13902544896, 23710007296)
Train Epoch: 25 [7500/33236 (23%)], loss_tgt 1494.837646484375
(13902544896, 23710007296)
Train Epoch: 25 [8000/33236 (24%)], loss_tgt 1485.16650390625
(13902544896, 23710007296)
Train Epoch: 25 [8500/33236 (26%)], loss_tgt 1772.0423583984375
(13902544896, 23710007296)
Train Epoch: 25 [9000/33236 (27%)], loss_tgt 876.1513061523438
(13902544896, 23710007296)
Train Epoch: 25 [9500/33236 (29%)], loss_tgt 1702.412353515625
(13902544896, 23710007296)
Train Epoch: 25 [10000/33236 (30%)], loss_tgt 1272.645751953125
(13902544896, 23710007296)
Train Epoch: 25 [10500/33236 (32%)], loss_tgt 1668.019775390625
(13902544896, 23710007296)
Train Epoch: 25 [11000/33236 (33%)], loss_tgt 1316.6702880859375
(13902544896, 23710007296)
Train Epoch: 25 [11500/33236 (35%)], loss_tgt 1212.0625
(13902544896, 23710007296)
Train Epoch: 25 [12000/33236 (36%)], loss_tgt 1405.248779296875
(13902544896, 23710007296)
Train Epoch: 25 [12500/33236 (38%)], loss_tgt 1756.54931640625
(13902544896, 23710007296)
Train Epoch: 25 [13000/33236 (39%)], loss_tgt 1793.300537109375
(13902544896, 23710007296)
Train Epoch: 25 [13500/33236 (41%)], loss_tgt 936.0628051757812
(13902544896, 23710007296)
Train Epoch: 25 [14000/33236 (42%)], loss_tgt 1833.87158203125
(13902544896, 23710007296)
Train Epoch: 25 [14500/33236 (44%)], loss_tgt 1000.218994140625
(13902544896, 23710007296)
Train Epoch: 25 [15000/33236 (45%)], loss_tgt 1766.841552734375
(13902544896, 23710007296)
Train Epoch: 25 [15500/33236 (47%)], loss_tgt 1562.9210205078125
(13902544896, 23710007296)
Train Epoch: 25 [16000/33236 (48%)], loss_tgt 1718.17724609375
(13902544896, 23710007296)
Train Epoch: 25 [16500/33236 (50%)], loss_tgt 1718.4375
(13902544896, 23710007296)
Train Epoch: 25 [17000/33236 (51%)], loss_tgt 1125.1231689453125
(13902544896, 23710007296)
Train Epoch: 25 [17500/33236 (53%)], loss_tgt 1634.3643798828125
(13902544896, 23710007296)
Train Epoch: 25 [18000/33236 (54%)], loss_tgt 1542.7086181640625
(13902544896, 23710007296)
Train Epoch: 25 [18500/33236 (56%)], loss_tgt 1540.60107421875
(13902544896, 23710007296)
Train Epoch: 25 [19000/33236 (57%)], loss_tgt 1336.0244140625
(13902544896, 23710007296)
Train Epoch: 25 [19500/33236 (59%)], loss_tgt 1772.574462890625
(13902544896, 23710007296)
Train Epoch: 25 [20000/33236 (60%)], loss_tgt 1577.259033203125
(13902544896, 23710007296)
Train Epoch: 25 [20500/33236 (62%)], loss_tgt 1573.4775390625
(13902544896, 23710007296)
Train Epoch: 25 [21000/33236 (63%)], loss_tgt 1371.25634765625
(13902544896, 23710007296)
Train Epoch: 25 [21500/33236 (65%)], loss_tgt 1444.4267578125
(13902544896, 23710007296)
Train Epoch: 25 [22000/33236 (66%)], loss_tgt 1214.5870361328125
(13902544896, 23710007296)
Train Epoch: 25 [22500/33236 (68%)], loss_tgt 1034.9400634765625
(13902544896, 23710007296)
Train Epoch: 25 [23000/33236 (69%)], loss_tgt 1575.68115234375
(13902544896, 23710007296)
Train Epoch: 25 [23500/33236 (71%)], loss_tgt 1318.916259765625
(13902544896, 23710007296)
Train Epoch: 25 [24000/33236 (72%)], loss_tgt 1530.4893798828125
(13902544896, 23710007296)
Train Epoch: 25 [24500/33236 (74%)], loss_tgt 1760.1781005859375
(13902544896, 23710007296)
Train Epoch: 25 [25000/33236 (75%)], loss_tgt 1224.4271240234375
(13902544896, 23710007296)
Train Epoch: 25 [25500/33236 (77%)], loss_tgt 1647.6317138671875
(13902544896, 23710007296)
Train Epoch: 25 [26000/33236 (78%)], loss_tgt 1780.69287109375
(13902544896, 23710007296)
Train Epoch: 25 [26500/33236 (80%)], loss_tgt 1540.254150390625
(13902544896, 23710007296)
Train Epoch: 25 [27000/33236 (81%)], loss_tgt 1491.25439453125
(13902544896, 23710007296)
Train Epoch: 25 [27500/33236 (83%)], loss_tgt 1424.940673828125
(13902544896, 23710007296)
Train Epoch: 25 [28000/33236 (84%)], loss_tgt 1543.6126708984375
(13902544896, 23710007296)
Train Epoch: 25 [28500/33236 (86%)], loss_tgt 1476.681640625
(13902544896, 23710007296)
Train Epoch: 25 [29000/33236 (87%)], loss_tgt 1540.6602783203125
(13902544896, 23710007296)
Train Epoch: 25 [29500/33236 (89%)], loss_tgt 1689.5716552734375
(13902544896, 23710007296)
Train Epoch: 25 [30000/33236 (90%)], loss_tgt 1685.6234130859375
(13902544896, 23710007296)
Train Epoch: 25 [30500/33236 (92%)], loss_tgt 1601.8038330078125
(13902544896, 23710007296)
Train Epoch: 25 [31000/33236 (93%)], loss_tgt 1401.6075439453125
(13902544896, 23710007296)
Train Epoch: 25 [31500/33236 (95%)], loss_tgt 1484.735107421875
(13902544896, 23710007296)
Train Epoch: 25 [32000/33236 (96%)], loss_tgt 1823.68115234375
(13902544896, 23710007296)
Train Epoch: 25 [32500/33236 (98%)], loss_tgt 1791.167724609375
(13902544896, 23710007296)
Train Epoch: 25 [33000/33236 (99%)], loss_tgt 1727.3270263671875
----------------------------------------Epoch: 26----------------------------------------
(13902544896, 23710007296)
Train Epoch: 26 [0/33236 (0%)], loss_tgt 1560.0653076171875
(13902544896, 23710007296)
Train Epoch: 26 [500/33236 (2%)], loss_tgt 1541.6876220703125
(13902544896, 23710007296)
Train Epoch: 26 [1000/33236 (3%)], loss_tgt 1742.3720703125
(13902544896, 23710007296)
Train Epoch: 26 [1500/33236 (5%)], loss_tgt 1714.3919677734375
(13902544896, 23710007296)
Train Epoch: 26 [2000/33236 (6%)], loss_tgt 1510.8603515625
(13902544896, 23710007296)
Train Epoch: 26 [2500/33236 (8%)], loss_tgt 1413.75048828125
(13902544896, 23710007296)
Train Epoch: 26 [3000/33236 (9%)], loss_tgt 1755.691650390625
(13902544896, 23710007296)
Train Epoch: 26 [3500/33236 (11%)], loss_tgt 1370.632568359375
(13902544896, 23710007296)
Train Epoch: 26 [4000/33236 (12%)], loss_tgt 1480.0338134765625
(13902544896, 23710007296)
Train Epoch: 26 [4500/33236 (14%)], loss_tgt 1534.181396484375
(13902544896, 23710007296)
Train Epoch: 26 [5000/33236 (15%)], loss_tgt 1638.777099609375
(13902544896, 23710007296)
Train Epoch: 26 [5500/33236 (17%)], loss_tgt 1638.301025390625
(13902544896, 23710007296)
Train Epoch: 26 [6000/33236 (18%)], loss_tgt 1626.7633056640625
(13902544896, 23710007296)
Train Epoch: 26 [6500/33236 (20%)], loss_tgt 1719.9765625
(13902544896, 23710007296)
Train Epoch: 26 [7000/33236 (21%)], loss_tgt 1730.3111572265625
(13902544896, 23710007296)
Train Epoch: 26 [7500/33236 (23%)], loss_tgt 1466.8817138671875
(13902544896, 23710007296)
Train Epoch: 26 [8000/33236 (24%)], loss_tgt 1378.5576171875
(13902544896, 23710007296)
Train Epoch: 26 [8500/33236 (26%)], loss_tgt 1746.099365234375
(13902544896, 23710007296)
Train Epoch: 26 [9000/33236 (27%)], loss_tgt 1292.5509033203125
(13902544896, 23710007296)
Train Epoch: 26 [9500/33236 (29%)], loss_tgt 1382.28955078125
(13902544896, 23710007296)
Train Epoch: 26 [10000/33236 (30%)], loss_tgt 1581.20947265625
(13902544896, 23710007296)
Train Epoch: 26 [10500/33236 (32%)], loss_tgt 1214.046875
(13902544896, 23710007296)
Train Epoch: 26 [11000/33236 (33%)], loss_tgt 1608.10986328125
(13902544896, 23710007296)
Train Epoch: 26 [11500/33236 (35%)], loss_tgt 1411.6502685546875
(13902544896, 23710007296)
Train Epoch: 26 [12000/33236 (36%)], loss_tgt 1516.4091796875
(13902544896, 23710007296)
Train Epoch: 26 [12500/33236 (38%)], loss_tgt 1635.54248046875
(13902544896, 23710007296)
Train Epoch: 26 [13000/33236 (39%)], loss_tgt 1369.046630859375
(13902544896, 23710007296)
Train Epoch: 26 [13500/33236 (41%)], loss_tgt 1788.8359375
(13902544896, 23710007296)
Train Epoch: 26 [14000/33236 (42%)], loss_tgt 1721.85595703125
(13902544896, 23710007296)
Train Epoch: 26 [14500/33236 (44%)], loss_tgt 1317.1427001953125
(13902544896, 23710007296)
Train Epoch: 26 [15000/33236 (45%)], loss_tgt 1626.8905029296875
(13902544896, 23710007296)
Train Epoch: 26 [15500/33236 (47%)], loss_tgt 1439.06689453125
(13902544896, 23710007296)
Train Epoch: 26 [16000/33236 (48%)], loss_tgt 1787.5556640625
(13902544896, 23710007296)
Train Epoch: 26 [16500/33236 (50%)], loss_tgt 1552.498291015625
(13902544896, 23710007296)
Train Epoch: 26 [17000/33236 (51%)], loss_tgt 1285.3709716796875
(13902544896, 23710007296)
Train Epoch: 26 [17500/33236 (53%)], loss_tgt 1691.955078125
(13902544896, 23710007296)
Train Epoch: 26 [18000/33236 (54%)], loss_tgt 1711.340087890625
(13902544896, 23710007296)
Train Epoch: 26 [18500/33236 (56%)], loss_tgt 1413.0008544921875
(13902544896, 23710007296)
Train Epoch: 26 [19000/33236 (57%)], loss_tgt 1483.286376953125
(13902544896, 23710007296)
Train Epoch: 26 [19500/33236 (59%)], loss_tgt 1687.1087646484375
(13902544896, 23710007296)
Train Epoch: 26 [20000/33236 (60%)], loss_tgt 1298.2496337890625
(13902544896, 23710007296)
Train Epoch: 26 [20500/33236 (62%)], loss_tgt 1625.2520751953125
(13902544896, 23710007296)
Train Epoch: 26 [21000/33236 (63%)], loss_tgt 1594.6240234375
(13902544896, 23710007296)
Train Epoch: 26 [21500/33236 (65%)], loss_tgt 1643.000244140625
(13902544896, 23710007296)
Train Epoch: 26 [22000/33236 (66%)], loss_tgt 1779.34814453125
(13902544896, 23710007296)
Train Epoch: 26 [22500/33236 (68%)], loss_tgt 1617.65966796875
(13902544896, 23710007296)
Train Epoch: 26 [23000/33236 (69%)], loss_tgt 1681.724609375
(13902544896, 23710007296)
Train Epoch: 26 [23500/33236 (71%)], loss_tgt 1417.4949951171875
(13902544896, 23710007296)
Train Epoch: 26 [24000/33236 (72%)], loss_tgt 1691.80859375
(13902544896, 23710007296)
Train Epoch: 26 [24500/33236 (74%)], loss_tgt 1524.7237548828125
(13902544896, 23710007296)
Train Epoch: 26 [25000/33236 (75%)], loss_tgt 1737.4892578125
(13902544896, 23710007296)
Train Epoch: 26 [25500/33236 (77%)], loss_tgt 1330.3558349609375
(13902544896, 23710007296)
Train Epoch: 26 [26000/33236 (78%)], loss_tgt 1459.5394287109375
(13902544896, 23710007296)
Train Epoch: 26 [26500/33236 (80%)], loss_tgt 1563.703369140625
(13902544896, 23710007296)
Train Epoch: 26 [27000/33236 (81%)], loss_tgt 1692.671142578125
(13902544896, 23710007296)
Train Epoch: 26 [27500/33236 (83%)], loss_tgt 1670.69482421875
(13902544896, 23710007296)
Train Epoch: 26 [28000/33236 (84%)], loss_tgt 1457.1102294921875
(13902544896, 23710007296)
Train Epoch: 26 [28500/33236 (86%)], loss_tgt 1520.4747314453125
(13902544896, 23710007296)
Train Epoch: 26 [29000/33236 (87%)], loss_tgt 1045.579833984375
(13902544896, 23710007296)
Train Epoch: 26 [29500/33236 (89%)], loss_tgt 1744.01806640625
(13902544896, 23710007296)
Train Epoch: 26 [30000/33236 (90%)], loss_tgt 1602.437255859375
(13902544896, 23710007296)
Train Epoch: 26 [30500/33236 (92%)], loss_tgt 1575.1162109375
(13902544896, 23710007296)
Train Epoch: 26 [31000/33236 (93%)], loss_tgt 1413.9429931640625
(13902544896, 23710007296)
Train Epoch: 26 [31500/33236 (95%)], loss_tgt 1689.944091796875
(13902544896, 23710007296)
Train Epoch: 26 [32000/33236 (96%)], loss_tgt 1453.4320068359375
(13902544896, 23710007296)
Train Epoch: 26 [32500/33236 (98%)], loss_tgt 1574.962890625
(13902544896, 23710007296)
Train Epoch: 26 [33000/33236 (99%)], loss_tgt 1728.087890625
----------------------------------------Epoch: 27----------------------------------------
(13902544896, 23710007296)
Train Epoch: 27 [0/33236 (0%)], loss_tgt 1699.4339599609375
(13902544896, 23710007296)
Train Epoch: 27 [500/33236 (2%)], loss_tgt 1665.263916015625
(13902544896, 23710007296)
Train Epoch: 27 [1000/33236 (3%)], loss_tgt 1537.767578125
(13902544896, 23710007296)
Train Epoch: 27 [1500/33236 (5%)], loss_tgt 1297.9945068359375
(13902544896, 23710007296)
Train Epoch: 27 [2000/33236 (6%)], loss_tgt 1681.55517578125
(13902544896, 23710007296)
Train Epoch: 27 [2500/33236 (8%)], loss_tgt 1557.1785888671875
(13902544896, 23710007296)
Train Epoch: 27 [3000/33236 (9%)], loss_tgt 1784.5701904296875
(13902544896, 23710007296)
Train Epoch: 27 [3500/33236 (11%)], loss_tgt 1426.0247802734375
(13902544896, 23710007296)
Train Epoch: 27 [4000/33236 (12%)], loss_tgt 1522.221923828125
(13902544896, 23710007296)
Train Epoch: 27 [4500/33236 (14%)], loss_tgt 1785.72607421875
(13902544896, 23710007296)
Train Epoch: 27 [5000/33236 (15%)], loss_tgt 1737.775390625
(13902544896, 23710007296)
Train Epoch: 27 [5500/33236 (17%)], loss_tgt 1223.119873046875
(13902544896, 23710007296)
Train Epoch: 27 [6000/33236 (18%)], loss_tgt 1266.658203125
(13902544896, 23710007296)
Train Epoch: 27 [6500/33236 (20%)], loss_tgt 1720.89794921875
(13902544896, 23710007296)
Train Epoch: 27 [7000/33236 (21%)], loss_tgt 1404.2591552734375
(13902544896, 23710007296)
Train Epoch: 27 [7500/33236 (23%)], loss_tgt 1723.167236328125
(13902544896, 23710007296)
Train Epoch: 27 [8000/33236 (24%)], loss_tgt 1154.822021484375
(13902544896, 23710007296)
Train Epoch: 27 [8500/33236 (26%)], loss_tgt 1604.9180908203125
(13902544896, 23710007296)
Train Epoch: 27 [9000/33236 (27%)], loss_tgt 1767.94091796875
(13902544896, 23710007296)
Train Epoch: 27 [9500/33236 (29%)], loss_tgt 1819.1900634765625
(13902544896, 23710007296)
Train Epoch: 27 [10000/33236 (30%)], loss_tgt 1795.0390625
(13902544896, 23710007296)
Train Epoch: 27 [10500/33236 (32%)], loss_tgt 1435.7186279296875
(13902544896, 23710007296)
Train Epoch: 27 [11000/33236 (33%)], loss_tgt 1696.106689453125
(13902544896, 23710007296)
Train Epoch: 27 [11500/33236 (35%)], loss_tgt 1353.3773193359375
(13902544896, 23710007296)
Train Epoch: 27 [12000/33236 (36%)], loss_tgt 1277.2025146484375
(13902544896, 23710007296)
Train Epoch: 27 [12500/33236 (38%)], loss_tgt 1376.0760498046875
(13902544896, 23710007296)
Train Epoch: 27 [13000/33236 (39%)], loss_tgt 1714.27001953125
(13902544896, 23710007296)
Train Epoch: 27 [13500/33236 (41%)], loss_tgt 1614.3134765625
(13902544896, 23710007296)
Train Epoch: 27 [14000/33236 (42%)], loss_tgt 1747.91845703125
(13902544896, 23710007296)
Train Epoch: 27 [14500/33236 (44%)], loss_tgt 1632.4132080078125
(13902544896, 23710007296)
Train Epoch: 27 [15000/33236 (45%)], loss_tgt 1760.017578125
(13902544896, 23710007296)
Train Epoch: 27 [15500/33236 (47%)], loss_tgt 1488.71435546875
(13902544896, 23710007296)
Train Epoch: 27 [16000/33236 (48%)], loss_tgt 1228.22021484375
(13902544896, 23710007296)
Train Epoch: 27 [16500/33236 (50%)], loss_tgt 1463.211181640625
(13902544896, 23710007296)
Train Epoch: 27 [17000/33236 (51%)], loss_tgt 1700.485595703125
(13902544896, 23710007296)
Train Epoch: 27 [17500/33236 (53%)], loss_tgt 1135.435302734375
(13902544896, 23710007296)
Train Epoch: 27 [18000/33236 (54%)], loss_tgt 1641.0281982421875
(13902544896, 23710007296)
Train Epoch: 27 [18500/33236 (56%)], loss_tgt 1605.3836669921875
(13902544896, 23710007296)
Train Epoch: 27 [19000/33236 (57%)], loss_tgt 1690.979736328125
(13902544896, 23710007296)
Train Epoch: 27 [19500/33236 (59%)], loss_tgt 1683.3033447265625
(13902544896, 23710007296)
Train Epoch: 27 [20000/33236 (60%)], loss_tgt 1714.28369140625
(13902544896, 23710007296)
Train Epoch: 27 [20500/33236 (62%)], loss_tgt 1599.27392578125
(13902544896, 23710007296)
Train Epoch: 27 [21000/33236 (63%)], loss_tgt 1662.291015625
(13902544896, 23710007296)
Train Epoch: 27 [21500/33236 (65%)], loss_tgt 1273.6309814453125
(13902544896, 23710007296)
Train Epoch: 27 [22000/33236 (66%)], loss_tgt 1054.87548828125
(13902544896, 23710007296)
Train Epoch: 27 [22500/33236 (68%)], loss_tgt 1771.1065673828125
(13902544896, 23710007296)
Train Epoch: 27 [23000/33236 (69%)], loss_tgt 1667.705810546875
(13902544896, 23710007296)
Train Epoch: 27 [23500/33236 (71%)], loss_tgt 1728.38720703125
(13902544896, 23710007296)
Train Epoch: 27 [24000/33236 (72%)], loss_tgt 1452.981689453125
(13902544896, 23710007296)
Train Epoch: 27 [24500/33236 (74%)], loss_tgt 1728.67822265625
(13902544896, 23710007296)
Train Epoch: 27 [25000/33236 (75%)], loss_tgt 1765.294921875
(13902544896, 23710007296)
Train Epoch: 27 [25500/33236 (77%)], loss_tgt 1746.6220703125
(13902544896, 23710007296)
Train Epoch: 27 [26000/33236 (78%)], loss_tgt 1719.1463623046875
(13902544896, 23710007296)
Train Epoch: 27 [26500/33236 (80%)], loss_tgt 1790.1939697265625
(13902544896, 23710007296)
Train Epoch: 27 [27000/33236 (81%)], loss_tgt 1215.512451171875
(13902544896, 23710007296)
Train Epoch: 27 [27500/33236 (83%)], loss_tgt 1402.58203125
(13902544896, 23710007296)
Train Epoch: 27 [28000/33236 (84%)], loss_tgt 1482.1483154296875
(13902544896, 23710007296)
Train Epoch: 27 [28500/33236 (86%)], loss_tgt 1015.9456176757812
(13902544896, 23710007296)
Train Epoch: 27 [29000/33236 (87%)], loss_tgt 1419.6259765625
(13902544896, 23710007296)
Train Epoch: 27 [29500/33236 (89%)], loss_tgt 1548.4798583984375
(13902544896, 23710007296)
Train Epoch: 27 [30000/33236 (90%)], loss_tgt 1386.3936767578125
(13902544896, 23710007296)
Train Epoch: 27 [30500/33236 (92%)], loss_tgt 1761.310791015625
(13902544896, 23710007296)
Train Epoch: 27 [31000/33236 (93%)], loss_tgt 1721.222900390625
(13902544896, 23710007296)
Train Epoch: 27 [31500/33236 (95%)], loss_tgt 1453.305908203125
(13902544896, 23710007296)
Train Epoch: 27 [32000/33236 (96%)], loss_tgt 1533.5517578125
(13902544896, 23710007296)
Train Epoch: 27 [32500/33236 (98%)], loss_tgt 1528.240966796875
(13902544896, 23710007296)
Train Epoch: 27 [33000/33236 (99%)], loss_tgt 1780.704345703125
----------------------------------------Epoch: 28----------------------------------------
(13902544896, 23710007296)
Train Epoch: 28 [0/33236 (0%)], loss_tgt 1785.9571533203125
(13902544896, 23710007296)
Train Epoch: 28 [500/33236 (2%)], loss_tgt 1789.0595703125
(13902544896, 23710007296)
Train Epoch: 28 [1000/33236 (3%)], loss_tgt 1796.593505859375
(13902544896, 23710007296)
Train Epoch: 28 [1500/33236 (5%)], loss_tgt 927.875
(13902544896, 23710007296)
Train Epoch: 28 [2000/33236 (6%)], loss_tgt 1577.2685546875
(13902544896, 23710007296)
Train Epoch: 28 [2500/33236 (8%)], loss_tgt 1570.041015625
(13902544896, 23710007296)
Train Epoch: 28 [3000/33236 (9%)], loss_tgt 1732.95361328125
(13902544896, 23710007296)
Train Epoch: 28 [3500/33236 (11%)], loss_tgt 1487.56884765625
(13902544896, 23710007296)
Train Epoch: 28 [4000/33236 (12%)], loss_tgt 1339.699462890625
(13902544896, 23710007296)
Train Epoch: 28 [4500/33236 (14%)], loss_tgt 1742.599609375
(13902544896, 23710007296)
Train Epoch: 28 [5000/33236 (15%)], loss_tgt 1531.4554443359375
(13902544896, 23710007296)
Train Epoch: 28 [5500/33236 (17%)], loss_tgt 1460.08154296875
(13902544896, 23710007296)
Train Epoch: 28 [6000/33236 (18%)], loss_tgt 1801.589111328125
(13902544896, 23710007296)
Train Epoch: 28 [6500/33236 (20%)], loss_tgt 1688.84423828125
(13902544896, 23710007296)
Train Epoch: 28 [7000/33236 (21%)], loss_tgt 1426.7681884765625
(13902544896, 23710007296)
Train Epoch: 28 [7500/33236 (23%)], loss_tgt 982.8148803710938
(13902544896, 23710007296)
Train Epoch: 28 [8000/33236 (24%)], loss_tgt 1414.55712890625
(13902544896, 23710007296)
Train Epoch: 28 [8500/33236 (26%)], loss_tgt 1486.240478515625
(13902544896, 23710007296)
Train Epoch: 28 [9000/33236 (27%)], loss_tgt 1716.57080078125
(13902544896, 23710007296)
Train Epoch: 28 [9500/33236 (29%)], loss_tgt 1747.827392578125
(13902544896, 23710007296)
Train Epoch: 28 [10000/33236 (30%)], loss_tgt 1310.2125244140625
(13902544896, 23710007296)
Train Epoch: 28 [10500/33236 (32%)], loss_tgt 1234.1966552734375
(13902544896, 23710007296)
Train Epoch: 28 [11000/33236 (33%)], loss_tgt 1334.865478515625
(13902544896, 23710007296)
Train Epoch: 28 [11500/33236 (35%)], loss_tgt 1732.841552734375
(13902544896, 23710007296)
Train Epoch: 28 [12000/33236 (36%)], loss_tgt 1586.927490234375
(13902544896, 23710007296)
Train Epoch: 28 [12500/33236 (38%)], loss_tgt 1578.698486328125
(13902544896, 23710007296)
Train Epoch: 28 [13000/33236 (39%)], loss_tgt 1586.1436767578125
(13902544896, 23710007296)
Train Epoch: 28 [13500/33236 (41%)], loss_tgt 1107.8302001953125
(13902544896, 23710007296)
Train Epoch: 28 [14000/33236 (42%)], loss_tgt 1573.302490234375
(13902544896, 23710007296)
Train Epoch: 28 [14500/33236 (44%)], loss_tgt 1469.7752685546875
(13902544896, 23710007296)
Train Epoch: 28 [15000/33236 (45%)], loss_tgt 1705.9224853515625
(13902544896, 23710007296)
Train Epoch: 28 [15500/33236 (47%)], loss_tgt 1440.13720703125
(13902544896, 23710007296)
Train Epoch: 28 [16000/33236 (48%)], loss_tgt 1601.62744140625
(13902544896, 23710007296)
Train Epoch: 28 [16500/33236 (50%)], loss_tgt 1582.9781494140625
(13902544896, 23710007296)
Train Epoch: 28 [17000/33236 (51%)], loss_tgt 1572.0181884765625
(13902544896, 23710007296)
Train Epoch: 28 [17500/33236 (53%)], loss_tgt 1490.59375
(13902544896, 23710007296)
Train Epoch: 28 [18000/33236 (54%)], loss_tgt 1459.2274169921875
(13902544896, 23710007296)
Train Epoch: 28 [18500/33236 (56%)], loss_tgt 1545.318359375
(13902544896, 23710007296)
Train Epoch: 28 [19000/33236 (57%)], loss_tgt 1514.0760498046875
(13902544896, 23710007296)
Train Epoch: 28 [19500/33236 (59%)], loss_tgt 1626.353759765625
(13902544896, 23710007296)
Train Epoch: 28 [20000/33236 (60%)], loss_tgt 1658.6279296875
(13902544896, 23710007296)
Train Epoch: 28 [20500/33236 (62%)], loss_tgt 1785.2454833984375
(13902544896, 23710007296)
Train Epoch: 28 [21000/33236 (63%)], loss_tgt 1577.326904296875
(13902544896, 23710007296)
Train Epoch: 28 [21500/33236 (65%)], loss_tgt 1810.20751953125
(13902544896, 23710007296)
Train Epoch: 28 [22000/33236 (66%)], loss_tgt 1495.050048828125
(13902544896, 23710007296)
Train Epoch: 28 [22500/33236 (68%)], loss_tgt 1679.3037109375
(13902544896, 23710007296)
Train Epoch: 28 [23000/33236 (69%)], loss_tgt 1495.724853515625
(13902544896, 23710007296)
Train Epoch: 28 [23500/33236 (71%)], loss_tgt 1730.087158203125
(13902544896, 23710007296)
Train Epoch: 28 [24000/33236 (72%)], loss_tgt 1542.1925048828125
(13902544896, 23710007296)
Train Epoch: 28 [24500/33236 (74%)], loss_tgt 1429.11865234375
(13902544896, 23710007296)
Train Epoch: 28 [25000/33236 (75%)], loss_tgt 1598.62255859375
(13902544896, 23710007296)
Train Epoch: 28 [25500/33236 (77%)], loss_tgt 1522.2080078125
(13902544896, 23710007296)
Train Epoch: 28 [26000/33236 (78%)], loss_tgt 1607.677734375
(13902544896, 23710007296)
Train Epoch: 28 [26500/33236 (80%)], loss_tgt 1774.39111328125
(13902544896, 23710007296)
Train Epoch: 28 [27000/33236 (81%)], loss_tgt 1176.67138671875
(13902544896, 23710007296)
Train Epoch: 28 [27500/33236 (83%)], loss_tgt 1401.9588623046875
(13902544896, 23710007296)
Train Epoch: 28 [28000/33236 (84%)], loss_tgt 1450.27392578125
(13902544896, 23710007296)
Train Epoch: 28 [28500/33236 (86%)], loss_tgt 1756.30712890625
(13902544896, 23710007296)
Train Epoch: 28 [29000/33236 (87%)], loss_tgt 1731.306396484375
(13902544896, 23710007296)
Train Epoch: 28 [29500/33236 (89%)], loss_tgt 1429.2314453125
(13902544896, 23710007296)
Train Epoch: 28 [30000/33236 (90%)], loss_tgt 1295.6822509765625
(13902544896, 23710007296)
Train Epoch: 28 [30500/33236 (92%)], loss_tgt 1647.5618896484375
(13902544896, 23710007296)
Train Epoch: 28 [31000/33236 (93%)], loss_tgt 1609.4610595703125
(13902544896, 23710007296)
Train Epoch: 28 [31500/33236 (95%)], loss_tgt 1788.529296875
(13902544896, 23710007296)
Train Epoch: 28 [32000/33236 (96%)], loss_tgt 1760.555419921875
(13902544896, 23710007296)
Train Epoch: 28 [32500/33236 (98%)], loss_tgt 1592.738037109375
(13902544896, 23710007296)
Train Epoch: 28 [33000/33236 (99%)], loss_tgt 1796.492431640625
----------------------------------------Epoch: 29----------------------------------------
(13902544896, 23710007296)
Train Epoch: 29 [0/33236 (0%)], loss_tgt 1800.331787109375
(13902544896, 23710007296)
Train Epoch: 29 [500/33236 (2%)], loss_tgt 1291.5484619140625
(13902544896, 23710007296)
Train Epoch: 29 [1000/33236 (3%)], loss_tgt 1418.4923095703125
(13902544896, 23710007296)
Train Epoch: 29 [1500/33236 (5%)], loss_tgt 762.788330078125
(13902544896, 23710007296)
Train Epoch: 29 [2000/33236 (6%)], loss_tgt 1464.4931640625
(13902544896, 23710007296)
Train Epoch: 29 [2500/33236 (8%)], loss_tgt 1304.4415283203125
(13902544896, 23710007296)
Train Epoch: 29 [3000/33236 (9%)], loss_tgt 1706.8966064453125
(13902544896, 23710007296)
Train Epoch: 29 [3500/33236 (11%)], loss_tgt 1668.084716796875
(13902544896, 23710007296)
Train Epoch: 29 [4000/33236 (12%)], loss_tgt 1502.9984130859375
(13902544896, 23710007296)
Train Epoch: 29 [4500/33236 (14%)], loss_tgt 1527.98291015625
(13902544896, 23710007296)
Train Epoch: 29 [5000/33236 (15%)], loss_tgt 1775.523681640625
(13902544896, 23710007296)
Train Epoch: 29 [5500/33236 (17%)], loss_tgt 1825.61572265625
(13902544896, 23710007296)
Train Epoch: 29 [6000/33236 (18%)], loss_tgt 1759.5128173828125
(13902544896, 23710007296)
Train Epoch: 29 [6500/33236 (20%)], loss_tgt 1512.586669921875
(13902544896, 23710007296)
Train Epoch: 29 [7000/33236 (21%)], loss_tgt 1446.17138671875
(13902544896, 23710007296)
Train Epoch: 29 [7500/33236 (23%)], loss_tgt 990.5618286132812
(13902544896, 23710007296)
Train Epoch: 29 [8000/33236 (24%)], loss_tgt 1067.2669677734375
(13902544896, 23710007296)
Train Epoch: 29 [8500/33236 (26%)], loss_tgt 1739.717529296875
(13902544896, 23710007296)
Train Epoch: 29 [9000/33236 (27%)], loss_tgt 1462.227294921875
(13902544896, 23710007296)
Train Epoch: 29 [9500/33236 (29%)], loss_tgt 1796.236083984375
(13902544896, 23710007296)
Train Epoch: 29 [10000/33236 (30%)], loss_tgt 1784.66064453125
(13902544896, 23710007296)
Train Epoch: 29 [10500/33236 (32%)], loss_tgt 1486.312255859375
(13902544896, 23710007296)
Train Epoch: 29 [11000/33236 (33%)], loss_tgt 1175.18017578125
(13902544896, 23710007296)
Train Epoch: 29 [11500/33236 (35%)], loss_tgt 1503.94580078125
(13902544896, 23710007296)
Train Epoch: 29 [12000/33236 (36%)], loss_tgt 1804.220703125
(13902544896, 23710007296)
Train Epoch: 29 [12500/33236 (38%)], loss_tgt 1442.70361328125
(13902544896, 23710007296)
Train Epoch: 29 [13000/33236 (39%)], loss_tgt 1436.1031494140625
(13902544896, 23710007296)
Train Epoch: 29 [13500/33236 (41%)], loss_tgt 1812.472900390625
(13902544896, 23710007296)
Train Epoch: 29 [14000/33236 (42%)], loss_tgt 1531.9278564453125
(13902544896, 23710007296)
Train Epoch: 29 [14500/33236 (44%)], loss_tgt 1572.697265625
(13902544896, 23710007296)
Train Epoch: 29 [15000/33236 (45%)], loss_tgt 1756.054443359375
(13902544896, 23710007296)
Train Epoch: 29 [15500/33236 (47%)], loss_tgt 1509.7960205078125
(13902544896, 23710007296)
Train Epoch: 29 [16000/33236 (48%)], loss_tgt 1593.14453125
(13902544896, 23710007296)
Train Epoch: 29 [16500/33236 (50%)], loss_tgt 1404.7998046875
(13902544896, 23710007296)
Train Epoch: 29 [17000/33236 (51%)], loss_tgt 1817.79150390625
(13902544896, 23710007296)
Train Epoch: 29 [17500/33236 (53%)], loss_tgt 1738.393310546875
(13902544896, 23710007296)
Train Epoch: 29 [18000/33236 (54%)], loss_tgt 1605.64892578125
(13902544896, 23710007296)
Train Epoch: 29 [18500/33236 (56%)], loss_tgt 1495.1719970703125
(13902544896, 23710007296)
Train Epoch: 29 [19000/33236 (57%)], loss_tgt 1453.602294921875
(13902544896, 23710007296)
Train Epoch: 29 [19500/33236 (59%)], loss_tgt 1300.2216796875
(13902544896, 23710007296)
Train Epoch: 29 [20000/33236 (60%)], loss_tgt 1467.9564208984375
(13902544896, 23710007296)
Train Epoch: 29 [20500/33236 (62%)], loss_tgt 1754.5380859375
(13902544896, 23710007296)
Train Epoch: 29 [21000/33236 (63%)], loss_tgt 1581.2432861328125
(13902544896, 23710007296)
Train Epoch: 29 [21500/33236 (65%)], loss_tgt 1711.484375
(13902544896, 23710007296)
Train Epoch: 29 [22000/33236 (66%)], loss_tgt 1681.3544921875
(13902544896, 23710007296)
Train Epoch: 29 [22500/33236 (68%)], loss_tgt 1617.0379638671875
(13902544896, 23710007296)
Train Epoch: 29 [23000/33236 (69%)], loss_tgt 1578.6669921875
(13902544896, 23710007296)
Train Epoch: 29 [23500/33236 (71%)], loss_tgt 1491.1572265625
(13902544896, 23710007296)
Train Epoch: 29 [24000/33236 (72%)], loss_tgt 1781.103515625
(13902544896, 23710007296)
Train Epoch: 29 [24500/33236 (74%)], loss_tgt 1609.3887939453125
(13902544896, 23710007296)
Train Epoch: 29 [25000/33236 (75%)], loss_tgt 1724.814697265625
(13902544896, 23710007296)
Train Epoch: 29 [25500/33236 (77%)], loss_tgt 1760.18212890625
(13902544896, 23710007296)
Train Epoch: 29 [26000/33236 (78%)], loss_tgt 1341.6717529296875
(13902544896, 23710007296)
Train Epoch: 29 [26500/33236 (80%)], loss_tgt 1398.156494140625
(13902544896, 23710007296)
Train Epoch: 29 [27000/33236 (81%)], loss_tgt 1517.71337890625
(13902544896, 23710007296)
Train Epoch: 29 [27500/33236 (83%)], loss_tgt 1506.4471435546875
(13902544896, 23710007296)
Train Epoch: 29 [28000/33236 (84%)], loss_tgt 1554.968994140625
(13902544896, 23710007296)
Train Epoch: 29 [28500/33236 (86%)], loss_tgt 1503.107177734375
(13902544896, 23710007296)
Train Epoch: 29 [29000/33236 (87%)], loss_tgt 1712.6220703125
(13902544896, 23710007296)
Train Epoch: 29 [29500/33236 (89%)], loss_tgt 1104.16064453125
(13902544896, 23710007296)
Train Epoch: 29 [30000/33236 (90%)], loss_tgt 1687.09375
(13902544896, 23710007296)
Train Epoch: 29 [30500/33236 (92%)], loss_tgt 1376.541748046875
(13902544896, 23710007296)
Train Epoch: 29 [31000/33236 (93%)], loss_tgt 1266.7939453125
(13902544896, 23710007296)
Train Epoch: 29 [31500/33236 (95%)], loss_tgt 1387.180419921875
(13902544896, 23710007296)
Train Epoch: 29 [32000/33236 (96%)], loss_tgt 1527.966796875
(13902544896, 23710007296)
Train Epoch: 29 [32500/33236 (98%)], loss_tgt 1277.514404296875
(13902544896, 23710007296)
Train Epoch: 29 [33000/33236 (99%)], loss_tgt 1538.69873046875
----------------------------------------Epoch: 30----------------------------------------
(13902544896, 23710007296)
Train Epoch: 30 [0/33236 (0%)], loss_tgt 1354.2364501953125
(13902544896, 23710007296)
Train Epoch: 30 [500/33236 (2%)], loss_tgt 1381.267822265625
(13902544896, 23710007296)
Train Epoch: 30 [1000/33236 (3%)], loss_tgt 1484.923828125
(13902544896, 23710007296)
Train Epoch: 30 [1500/33236 (5%)], loss_tgt 1609.59814453125
(13902544896, 23710007296)
Train Epoch: 30 [2000/33236 (6%)], loss_tgt 1537.6474609375
(13902544896, 23710007296)
Train Epoch: 30 [2500/33236 (8%)], loss_tgt 1726.310546875
(13902544896, 23710007296)
Train Epoch: 30 [3000/33236 (9%)], loss_tgt 1585.3487548828125
(13902544896, 23710007296)
Train Epoch: 30 [3500/33236 (11%)], loss_tgt 1728.426513671875
(13902544896, 23710007296)
Train Epoch: 30 [4000/33236 (12%)], loss_tgt 1711.251953125
(13902544896, 23710007296)
Train Epoch: 30 [4500/33236 (14%)], loss_tgt 1733.8516845703125
(13902544896, 23710007296)
Train Epoch: 30 [5000/33236 (15%)], loss_tgt 1765.04638671875
(13902544896, 23710007296)
Train Epoch: 30 [5500/33236 (17%)], loss_tgt 1468.565673828125
(13902544896, 23710007296)
Train Epoch: 30 [6000/33236 (18%)], loss_tgt 1596.6463623046875
(13902544896, 23710007296)
Train Epoch: 30 [6500/33236 (20%)], loss_tgt 1452.18798828125
(13902544896, 23710007296)
Train Epoch: 30 [7000/33236 (21%)], loss_tgt 1597.7720947265625
(13902544896, 23710007296)
Train Epoch: 30 [7500/33236 (23%)], loss_tgt 1559.473388671875
(13902544896, 23710007296)
Train Epoch: 30 [8000/33236 (24%)], loss_tgt 1173.020751953125
(13902544896, 23710007296)
Train Epoch: 30 [8500/33236 (26%)], loss_tgt 1288.5501708984375
(13902544896, 23710007296)
Train Epoch: 30 [9000/33236 (27%)], loss_tgt 1511.640869140625
(13902544896, 23710007296)
Train Epoch: 30 [9500/33236 (29%)], loss_tgt 1205.4632568359375
(13902544896, 23710007296)
Train Epoch: 30 [10000/33236 (30%)], loss_tgt 1563.1376953125
(13902544896, 23710007296)
Train Epoch: 30 [10500/33236 (32%)], loss_tgt 1795.9228515625
(13902544896, 23710007296)
Train Epoch: 30 [11000/33236 (33%)], loss_tgt 1703.811279296875
(13902544896, 23710007296)
Train Epoch: 30 [11500/33236 (35%)], loss_tgt 1326.8131103515625
(13902544896, 23710007296)
Train Epoch: 30 [12000/33236 (36%)], loss_tgt 1734.71630859375
(13902544896, 23710007296)
Train Epoch: 30 [12500/33236 (38%)], loss_tgt 1543.9119873046875
(13902544896, 23710007296)
Train Epoch: 30 [13000/33236 (39%)], loss_tgt 1737.457275390625
(13902544896, 23710007296)
Train Epoch: 30 [13500/33236 (41%)], loss_tgt 1799.65087890625
(13902544896, 23710007296)
Train Epoch: 30 [14000/33236 (42%)], loss_tgt 1710.5380859375
(13902544896, 23710007296)
Train Epoch: 30 [14500/33236 (44%)], loss_tgt 1280.8048095703125
(13902544896, 23710007296)
Train Epoch: 30 [15000/33236 (45%)], loss_tgt 1310.202880859375
(13902544896, 23710007296)
Train Epoch: 30 [15500/33236 (47%)], loss_tgt 1548.6605224609375
(13902544896, 23710007296)
Train Epoch: 30 [16000/33236 (48%)], loss_tgt 1558.973876953125
(13902544896, 23710007296)
Train Epoch: 30 [16500/33236 (50%)], loss_tgt 1764.676025390625
(13902544896, 23710007296)
Train Epoch: 30 [17000/33236 (51%)], loss_tgt 1280.454345703125
(13902544896, 23710007296)
Train Epoch: 30 [17500/33236 (53%)], loss_tgt 1563.2216796875
(13902544896, 23710007296)
Train Epoch: 30 [18000/33236 (54%)], loss_tgt 1497.3128662109375
(13902544896, 23710007296)
Train Epoch: 30 [18500/33236 (56%)], loss_tgt 1186.09814453125
(13902544896, 23710007296)
Train Epoch: 30 [19000/33236 (57%)], loss_tgt 1517.7467041015625
(13902544896, 23710007296)
Train Epoch: 30 [19500/33236 (59%)], loss_tgt 1758.059326171875
(13902544896, 23710007296)
Train Epoch: 30 [20000/33236 (60%)], loss_tgt 1831.427978515625
(13902544896, 23710007296)
Train Epoch: 30 [20500/33236 (62%)], loss_tgt 1461.03955078125
(13902544896, 23710007296)
Train Epoch: 30 [21000/33236 (63%)], loss_tgt 1429.978759765625
(13902544896, 23710007296)
Train Epoch: 30 [21500/33236 (65%)], loss_tgt 1257.8306884765625
(13902544896, 23710007296)
Train Epoch: 30 [22000/33236 (66%)], loss_tgt 1726.10791015625
(13902544896, 23710007296)
Train Epoch: 30 [22500/33236 (68%)], loss_tgt 1470.286376953125
(13902544896, 23710007296)
Train Epoch: 30 [23000/33236 (69%)], loss_tgt 1216.5460205078125
(13902544896, 23710007296)
Train Epoch: 30 [23500/33236 (71%)], loss_tgt 1729.423828125
(13902544896, 23710007296)
Train Epoch: 30 [24000/33236 (72%)], loss_tgt 1691.338623046875
(13902544896, 23710007296)
Train Epoch: 30 [24500/33236 (74%)], loss_tgt 1063.8189697265625
(13902544896, 23710007296)
Train Epoch: 30 [25000/33236 (75%)], loss_tgt 1664.589599609375
(13902544896, 23710007296)
Train Epoch: 30 [25500/33236 (77%)], loss_tgt 1654.26513671875
(13902544896, 23710007296)
Train Epoch: 30 [26000/33236 (78%)], loss_tgt 1703.688232421875
(13902544896, 23710007296)
Train Epoch: 30 [26500/33236 (80%)], loss_tgt 1562.355712890625
(13902544896, 23710007296)
Train Epoch: 30 [27000/33236 (81%)], loss_tgt 1732.9197998046875
(13902544896, 23710007296)
Train Epoch: 30 [27500/33236 (83%)], loss_tgt 1490.1688232421875
(13902544896, 23710007296)
Train Epoch: 30 [28000/33236 (84%)], loss_tgt 1780.69970703125
(13902544896, 23710007296)
Train Epoch: 30 [28500/33236 (86%)], loss_tgt 1559.175048828125
(13902544896, 23710007296)
Train Epoch: 30 [29000/33236 (87%)], loss_tgt 1515.8751220703125
(13902544896, 23710007296)
Train Epoch: 30 [29500/33236 (89%)], loss_tgt 884.1865234375
(13902544896, 23710007296)
Train Epoch: 30 [30000/33236 (90%)], loss_tgt 1732.702392578125
(13902544896, 23710007296)
Train Epoch: 30 [30500/33236 (92%)], loss_tgt 1677.068115234375
(13902544896, 23710007296)
Train Epoch: 30 [31000/33236 (93%)], loss_tgt 1623.825927734375
(13902544896, 23710007296)
Train Epoch: 30 [31500/33236 (95%)], loss_tgt 1756.745849609375
(13902544896, 23710007296)
Train Epoch: 30 [32000/33236 (96%)], loss_tgt 1780.984619140625
(13902544896, 23710007296)
Train Epoch: 30 [32500/33236 (98%)], loss_tgt 1424.307373046875
(13902544896, 23710007296)
Train Epoch: 30 [33000/33236 (99%)], loss_tgt 1623.4041748046875
----------------------------------------Epoch: 31----------------------------------------
(13902544896, 23710007296)
Train Epoch: 31 [0/33236 (0%)], loss_tgt 1780.402099609375
(13902544896, 23710007296)
Train Epoch: 31 [500/33236 (2%)], loss_tgt 1282.6510009765625
(13902544896, 23710007296)
Train Epoch: 31 [1000/33236 (3%)], loss_tgt 1102.3817138671875
(13902544896, 23710007296)
Train Epoch: 31 [1500/33236 (5%)], loss_tgt 1492.83935546875
(13902544896, 23710007296)
Train Epoch: 31 [2000/33236 (6%)], loss_tgt 1107.73388671875
(13902544896, 23710007296)
Train Epoch: 31 [2500/33236 (8%)], loss_tgt 1789.931396484375
(13902544896, 23710007296)
Train Epoch: 31 [3000/33236 (9%)], loss_tgt 1519.9420166015625
(13902544896, 23710007296)
Train Epoch: 31 [3500/33236 (11%)], loss_tgt 912.8588256835938
(13902544896, 23710007296)
Train Epoch: 31 [4000/33236 (12%)], loss_tgt 1667.8592529296875
(13902544896, 23710007296)
Train Epoch: 31 [4500/33236 (14%)], loss_tgt 1435.032958984375
(13902544896, 23710007296)
Train Epoch: 31 [5000/33236 (15%)], loss_tgt 1603.5855712890625
(13902544896, 23710007296)
Train Epoch: 31 [5500/33236 (17%)], loss_tgt 1278.40576171875
(13902544896, 23710007296)
Train Epoch: 31 [6000/33236 (18%)], loss_tgt 1644.4150390625
(13902544896, 23710007296)
Train Epoch: 31 [6500/33236 (20%)], loss_tgt 1669.9453125
(13902544896, 23710007296)
Train Epoch: 31 [7000/33236 (21%)], loss_tgt 1539.8970947265625
(13902544896, 23710007296)
Train Epoch: 31 [7500/33236 (23%)], loss_tgt 1603.0927734375
(13902544896, 23710007296)
Train Epoch: 31 [8000/33236 (24%)], loss_tgt 1334.172607421875
(13902544896, 23710007296)
Train Epoch: 31 [8500/33236 (26%)], loss_tgt 1154.13623046875
(13902544896, 23710007296)
Train Epoch: 31 [9000/33236 (27%)], loss_tgt 1629.5384521484375
(13902544896, 23710007296)
Train Epoch: 31 [9500/33236 (29%)], loss_tgt 1626.0611572265625
(13902544896, 23710007296)
Train Epoch: 31 [10000/33236 (30%)], loss_tgt 1818.29931640625
(13902544896, 23710007296)
Train Epoch: 31 [10500/33236 (32%)], loss_tgt 1425.46142578125
(13902544896, 23710007296)
Train Epoch: 31 [11000/33236 (33%)], loss_tgt 1523.3431396484375
(13902544896, 23710007296)
Train Epoch: 31 [11500/33236 (35%)], loss_tgt 1556.2569580078125
(13902544896, 23710007296)
Train Epoch: 31 [12000/33236 (36%)], loss_tgt 1671.776611328125
(13902544896, 23710007296)
Train Epoch: 31 [12500/33236 (38%)], loss_tgt 1532.301513671875
(13902544896, 23710007296)
Train Epoch: 31 [13000/33236 (39%)], loss_tgt 1569.5107421875
(13902544896, 23710007296)
Train Epoch: 31 [13500/33236 (41%)], loss_tgt 1293.83349609375
(13902544896, 23710007296)
Train Epoch: 31 [14000/33236 (42%)], loss_tgt 1800.97412109375
(13902544896, 23710007296)
Train Epoch: 31 [14500/33236 (44%)], loss_tgt 1766.4384765625
(13902544896, 23710007296)
Train Epoch: 31 [15000/33236 (45%)], loss_tgt 1588.103515625
(13902544896, 23710007296)
Train Epoch: 31 [15500/33236 (47%)], loss_tgt 1286.0665283203125
(13902544896, 23710007296)
Train Epoch: 31 [16000/33236 (48%)], loss_tgt 1597.08349609375
(13902544896, 23710007296)
Train Epoch: 31 [16500/33236 (50%)], loss_tgt 1704.40478515625
(13902544896, 23710007296)
Train Epoch: 31 [17000/33236 (51%)], loss_tgt 1730.44775390625
(13902544896, 23710007296)
Train Epoch: 31 [17500/33236 (53%)], loss_tgt 1570.6884765625
(13902544896, 23710007296)
Train Epoch: 31 [18000/33236 (54%)], loss_tgt 1693.424072265625
(13902544896, 23710007296)
Train Epoch: 31 [18500/33236 (56%)], loss_tgt 1447.69775390625
(13902544896, 23710007296)
Train Epoch: 31 [19000/33236 (57%)], loss_tgt 1833.4913330078125
(13902544896, 23710007296)
Train Epoch: 31 [19500/33236 (59%)], loss_tgt 1039.906005859375
(13902544896, 23710007296)
Train Epoch: 31 [20000/33236 (60%)], loss_tgt 1500.66845703125
(13902544896, 23710007296)
Train Epoch: 31 [20500/33236 (62%)], loss_tgt 1563.7841796875
(13902544896, 23710007296)
Train Epoch: 31 [21000/33236 (63%)], loss_tgt 1464.8377685546875
(13902544896, 23710007296)
Train Epoch: 31 [21500/33236 (65%)], loss_tgt 1501.15087890625
(13902544896, 23710007296)
Train Epoch: 31 [22000/33236 (66%)], loss_tgt 1586.0244140625
(13902544896, 23710007296)
Train Epoch: 31 [22500/33236 (68%)], loss_tgt 1530.96142578125
(13902544896, 23710007296)
Train Epoch: 31 [23000/33236 (69%)], loss_tgt 1743.9483642578125
(13902544896, 23710007296)
Train Epoch: 31 [23500/33236 (71%)], loss_tgt 1730.1925048828125
(13902544896, 23710007296)
Train Epoch: 31 [24000/33236 (72%)], loss_tgt 969.4351196289062
(13902544896, 23710007296)
Train Epoch: 31 [24500/33236 (74%)], loss_tgt 1816.044677734375
(13902544896, 23710007296)
Train Epoch: 31 [25000/33236 (75%)], loss_tgt 1504.291015625
(13902544896, 23710007296)
Train Epoch: 31 [25500/33236 (77%)], loss_tgt 1342.795654296875
(13902544896, 23710007296)
Train Epoch: 31 [26000/33236 (78%)], loss_tgt 1425.5191650390625
(13902544896, 23710007296)
Train Epoch: 31 [26500/33236 (80%)], loss_tgt 1561.265625
(13902544896, 23710007296)
Train Epoch: 31 [27000/33236 (81%)], loss_tgt 1437.7401123046875
(13902544896, 23710007296)
Train Epoch: 31 [27500/33236 (83%)], loss_tgt 1610.0511474609375
(13902544896, 23710007296)
Train Epoch: 31 [28000/33236 (84%)], loss_tgt 1343.76171875
(13902544896, 23710007296)
Train Epoch: 31 [28500/33236 (86%)], loss_tgt 1532.877197265625
(13902544896, 23710007296)
Train Epoch: 31 [29000/33236 (87%)], loss_tgt 1610.9970703125
(13902544896, 23710007296)
Train Epoch: 31 [29500/33236 (89%)], loss_tgt 1464.4833984375
(13902544896, 23710007296)
Train Epoch: 31 [30000/33236 (90%)], loss_tgt 1614.7010498046875
(13902544896, 23710007296)
Train Epoch: 31 [30500/33236 (92%)], loss_tgt 1554.7440185546875
(13902544896, 23710007296)
Train Epoch: 31 [31000/33236 (93%)], loss_tgt 1618.591796875
(13902544896, 23710007296)
Train Epoch: 31 [31500/33236 (95%)], loss_tgt 1688.5106201171875
(13902544896, 23710007296)
Train Epoch: 31 [32000/33236 (96%)], loss_tgt 1776.420166015625
(13902544896, 23710007296)
Train Epoch: 31 [32500/33236 (98%)], loss_tgt 1356.9976806640625
(13902544896, 23710007296)
Train Epoch: 31 [33000/33236 (99%)], loss_tgt 1774.384033203125
----------------------------------------Epoch: 32----------------------------------------
(13902544896, 23710007296)
Train Epoch: 32 [0/33236 (0%)], loss_tgt 1414.8544921875
(13902544896, 23710007296)
Train Epoch: 32 [500/33236 (2%)], loss_tgt 1034.5103759765625
(13902544896, 23710007296)
Train Epoch: 32 [1000/33236 (3%)], loss_tgt 1745.583251953125
(13902544896, 23710007296)
Train Epoch: 32 [1500/33236 (5%)], loss_tgt 1333.2626953125
(13902544896, 23710007296)
Train Epoch: 32 [2000/33236 (6%)], loss_tgt 1735.2373046875
(13902544896, 23710007296)
Train Epoch: 32 [2500/33236 (8%)], loss_tgt 1538.2808837890625
(13902544896, 23710007296)
Train Epoch: 32 [3000/33236 (9%)], loss_tgt 1732.8349609375
(13902544896, 23710007296)
Train Epoch: 32 [3500/33236 (11%)], loss_tgt 1691.56396484375
(13902544896, 23710007296)
Train Epoch: 32 [4000/33236 (12%)], loss_tgt 1362.913330078125
(13902544896, 23710007296)
Train Epoch: 32 [4500/33236 (14%)], loss_tgt 1716.7890625
(13902544896, 23710007296)
Train Epoch: 32 [5000/33236 (15%)], loss_tgt 1584.1834716796875
(13902544896, 23710007296)
Train Epoch: 32 [5500/33236 (17%)], loss_tgt 1495.0667724609375
(13902544896, 23710007296)
Train Epoch: 32 [6000/33236 (18%)], loss_tgt 1503.446044921875
(13902544896, 23710007296)
Train Epoch: 32 [6500/33236 (20%)], loss_tgt 1700.222900390625
(13902544896, 23710007296)
Train Epoch: 32 [7000/33236 (21%)], loss_tgt 1333.238037109375
(13902544896, 23710007296)
Train Epoch: 32 [7500/33236 (23%)], loss_tgt 1371.257568359375
(13902544896, 23710007296)
Train Epoch: 32 [8000/33236 (24%)], loss_tgt 1373.109375
(13902544896, 23710007296)
Train Epoch: 32 [8500/33236 (26%)], loss_tgt 1764.18994140625
(13902544896, 23710007296)
Train Epoch: 32 [9000/33236 (27%)], loss_tgt 1537.791748046875
(13902544896, 23710007296)
Train Epoch: 32 [9500/33236 (29%)], loss_tgt 1142.2269287109375
(13902544896, 23710007296)
Train Epoch: 32 [10000/33236 (30%)], loss_tgt 1618.5198974609375
(13902544896, 23710007296)
Train Epoch: 32 [10500/33236 (32%)], loss_tgt 1197.8590087890625
(13902544896, 23710007296)
Train Epoch: 32 [11000/33236 (33%)], loss_tgt 1457.336181640625
(13902544896, 23710007296)
Train Epoch: 32 [11500/33236 (35%)], loss_tgt 1602.971435546875
(13902544896, 23710007296)
Train Epoch: 32 [12000/33236 (36%)], loss_tgt 1047.464111328125
(13902544896, 23710007296)
Train Epoch: 32 [12500/33236 (38%)], loss_tgt 1563.1400146484375
(13902544896, 23710007296)
Train Epoch: 32 [13000/33236 (39%)], loss_tgt 1741.21484375
(13902544896, 23710007296)
Train Epoch: 32 [13500/33236 (41%)], loss_tgt 1304.718017578125
(13902544896, 23710007296)
Train Epoch: 32 [14000/33236 (42%)], loss_tgt 1722.05029296875
(13902544896, 23710007296)
Train Epoch: 32 [14500/33236 (44%)], loss_tgt 1166.450927734375
(13902544896, 23710007296)
Train Epoch: 32 [15000/33236 (45%)], loss_tgt 1757.1806640625
(13902544896, 23710007296)
Train Epoch: 32 [15500/33236 (47%)], loss_tgt 1478.00927734375
(13902544896, 23710007296)
Train Epoch: 32 [16000/33236 (48%)], loss_tgt 1813.77734375
(13902544896, 23710007296)
Train Epoch: 32 [16500/33236 (50%)], loss_tgt 1779.08642578125
(13902544896, 23710007296)
Train Epoch: 32 [17000/33236 (51%)], loss_tgt 1791.425537109375
(13902544896, 23710007296)
Train Epoch: 32 [17500/33236 (53%)], loss_tgt 1557.0133056640625
(13902544896, 23710007296)
Train Epoch: 32 [18000/33236 (54%)], loss_tgt 1378.984375
(13902544896, 23710007296)
Train Epoch: 32 [18500/33236 (56%)], loss_tgt 1660.3896484375
(13902544896, 23710007296)
Train Epoch: 32 [19000/33236 (57%)], loss_tgt 1739.048583984375
(13902544896, 23710007296)
Train Epoch: 32 [19500/33236 (59%)], loss_tgt 1525.694580078125
(13902544896, 23710007296)
Train Epoch: 32 [20000/33236 (60%)], loss_tgt 1428.888671875
(13902544896, 23710007296)
Train Epoch: 32 [20500/33236 (62%)], loss_tgt 1542.320068359375
(13902544896, 23710007296)
Train Epoch: 32 [21000/33236 (63%)], loss_tgt 1735.3341064453125
(13902544896, 23710007296)
Train Epoch: 32 [21500/33236 (65%)], loss_tgt 1342.369873046875
(13902544896, 23710007296)
Train Epoch: 32 [22000/33236 (66%)], loss_tgt 1489.28564453125
(13902544896, 23710007296)
Train Epoch: 32 [22500/33236 (68%)], loss_tgt 1512.339111328125
(13902544896, 23710007296)
Train Epoch: 32 [23000/33236 (69%)], loss_tgt 1755.37646484375
(13902544896, 23710007296)
Train Epoch: 32 [23500/33236 (71%)], loss_tgt 1749.2742919921875
(13902544896, 23710007296)
Train Epoch: 32 [24000/33236 (72%)], loss_tgt 1540.93310546875
(13902544896, 23710007296)
Train Epoch: 32 [24500/33236 (74%)], loss_tgt 1772.3133544921875
(13902544896, 23710007296)
Train Epoch: 32 [25000/33236 (75%)], loss_tgt 1401.36865234375
(13902544896, 23710007296)
Train Epoch: 32 [25500/33236 (77%)], loss_tgt 1264.4493408203125
(13902544896, 23710007296)
Train Epoch: 32 [26000/33236 (78%)], loss_tgt 1671.09619140625
(13902544896, 23710007296)
Train Epoch: 32 [26500/33236 (80%)], loss_tgt 1774.92578125
(13902544896, 23710007296)
Train Epoch: 32 [27000/33236 (81%)], loss_tgt 1758.31591796875
(13902544896, 23710007296)
Train Epoch: 32 [27500/33236 (83%)], loss_tgt 1792.49560546875
(13902544896, 23710007296)
Train Epoch: 32 [28000/33236 (84%)], loss_tgt 1455.5364990234375
(13902544896, 23710007296)
Train Epoch: 32 [28500/33236 (86%)], loss_tgt 1485.6697998046875
(13902544896, 23710007296)
Train Epoch: 32 [29000/33236 (87%)], loss_tgt 1160.1812744140625
(13902544896, 23710007296)
Train Epoch: 32 [29500/33236 (89%)], loss_tgt 1458.0302734375
(13902544896, 23710007296)
Train Epoch: 32 [30000/33236 (90%)], loss_tgt 1611.8843994140625
(13902544896, 23710007296)
Train Epoch: 32 [30500/33236 (92%)], loss_tgt 1445.99267578125
(13902544896, 23710007296)
Train Epoch: 32 [31000/33236 (93%)], loss_tgt 1718.7694091796875
(13902544896, 23710007296)
Train Epoch: 32 [31500/33236 (95%)], loss_tgt 1608.882568359375
(13902544896, 23710007296)
Train Epoch: 32 [32000/33236 (96%)], loss_tgt 1386.234375
(13902544896, 23710007296)
Train Epoch: 32 [32500/33236 (98%)], loss_tgt 1648.8291015625
(13902544896, 23710007296)
Train Epoch: 32 [33000/33236 (99%)], loss_tgt 1703.779541015625
----------------------------------------Epoch: 33----------------------------------------
(13902544896, 23710007296)
Train Epoch: 33 [0/33236 (0%)], loss_tgt 1604.0677490234375
(13902544896, 23710007296)
Train Epoch: 33 [500/33236 (2%)], loss_tgt 1664.81005859375
(13902544896, 23710007296)
Train Epoch: 33 [1000/33236 (3%)], loss_tgt 1402.42822265625
(13902544896, 23710007296)
Train Epoch: 33 [1500/33236 (5%)], loss_tgt 1471.593994140625
(13902544896, 23710007296)
Train Epoch: 33 [2000/33236 (6%)], loss_tgt 1831.735107421875
(13902544896, 23710007296)
Train Epoch: 33 [2500/33236 (8%)], loss_tgt 1603.34326171875
(13902544896, 23710007296)
Train Epoch: 33 [3000/33236 (9%)], loss_tgt 1517.17431640625
(13902544896, 23710007296)
Train Epoch: 33 [3500/33236 (11%)], loss_tgt 1132.65185546875
(13902544896, 23710007296)
Train Epoch: 33 [4000/33236 (12%)], loss_tgt 1518.218017578125
(13902544896, 23710007296)
Train Epoch: 33 [4500/33236 (14%)], loss_tgt 1815.770751953125
(13902544896, 23710007296)
Train Epoch: 33 [5000/33236 (15%)], loss_tgt 1530.7764892578125
(13902544896, 23710007296)
Train Epoch: 33 [5500/33236 (17%)], loss_tgt 1377.6279296875
(13902544896, 23710007296)
Train Epoch: 33 [6000/33236 (18%)], loss_tgt 1569.1788330078125
(13902544896, 23710007296)
Train Epoch: 33 [6500/33236 (20%)], loss_tgt 1516.3333740234375
(13902544896, 23710007296)
Train Epoch: 33 [7000/33236 (21%)], loss_tgt 1584.82568359375
(13902544896, 23710007296)
Train Epoch: 33 [7500/33236 (23%)], loss_tgt 1572.3416748046875
(13902544896, 23710007296)
Train Epoch: 33 [8000/33236 (24%)], loss_tgt 1516.5517578125
(13902544896, 23710007296)
Train Epoch: 33 [8500/33236 (26%)], loss_tgt 1470.9974365234375
(13902544896, 23710007296)
Train Epoch: 33 [9000/33236 (27%)], loss_tgt 1383.7998046875
(13902544896, 23710007296)
Train Epoch: 33 [9500/33236 (29%)], loss_tgt 1583.5672607421875
(13902544896, 23710007296)
Train Epoch: 33 [10000/33236 (30%)], loss_tgt 1333.30126953125
(13902544896, 23710007296)
Train Epoch: 33 [10500/33236 (32%)], loss_tgt 1066.5206298828125
(13902544896, 23710007296)
Train Epoch: 33 [11000/33236 (33%)], loss_tgt 1372.5087890625
(13902544896, 23710007296)
Train Epoch: 33 [11500/33236 (35%)], loss_tgt 1602.303955078125
(13902544896, 23710007296)
Train Epoch: 33 [12000/33236 (36%)], loss_tgt 1432.34423828125
(13902544896, 23710007296)
Train Epoch: 33 [12500/33236 (38%)], loss_tgt 1703.475341796875
(13902544896, 23710007296)
Train Epoch: 33 [13000/33236 (39%)], loss_tgt 1478.23828125
(13902544896, 23710007296)
Train Epoch: 33 [13500/33236 (41%)], loss_tgt 1539.52294921875
(13902544896, 23710007296)
Train Epoch: 33 [14000/33236 (42%)], loss_tgt 1323.97216796875
(13902544896, 23710007296)
Train Epoch: 33 [14500/33236 (44%)], loss_tgt 1760.203369140625
(13902544896, 23710007296)
Train Epoch: 33 [15000/33236 (45%)], loss_tgt 1692.97216796875
(13902544896, 23710007296)
Train Epoch: 33 [15500/33236 (47%)], loss_tgt 1761.896728515625
(13902544896, 23710007296)
Train Epoch: 33 [16000/33236 (48%)], loss_tgt 1523.08154296875
(13902544896, 23710007296)
Train Epoch: 33 [16500/33236 (50%)], loss_tgt 1271.9608154296875
(13902544896, 23710007296)
Train Epoch: 33 [17000/33236 (51%)], loss_tgt 967.216796875
(13902544896, 23710007296)
Train Epoch: 33 [17500/33236 (53%)], loss_tgt 1815.549072265625
(13902544896, 23710007296)
Train Epoch: 33 [18000/33236 (54%)], loss_tgt 1278.769775390625
(13902544896, 23710007296)
Train Epoch: 33 [18500/33236 (56%)], loss_tgt 1227.4351806640625
(13902544896, 23710007296)
Train Epoch: 33 [19000/33236 (57%)], loss_tgt 1567.5758056640625
(13902544896, 23710007296)
Train Epoch: 33 [19500/33236 (59%)], loss_tgt 1420.046142578125
(13902544896, 23710007296)
Train Epoch: 33 [20000/33236 (60%)], loss_tgt 1602.824951171875
(13902544896, 23710007296)
Train Epoch: 33 [20500/33236 (62%)], loss_tgt 1344.1226806640625
(13902544896, 23710007296)
Train Epoch: 33 [21000/33236 (63%)], loss_tgt 1738.167724609375
(13902544896, 23710007296)
Train Epoch: 33 [21500/33236 (65%)], loss_tgt 1828.82275390625
(13902544896, 23710007296)
Train Epoch: 33 [22000/33236 (66%)], loss_tgt 1619.5999755859375
(13902544896, 23710007296)
Train Epoch: 33 [22500/33236 (68%)], loss_tgt 1685.986083984375
(13902544896, 23710007296)
Train Epoch: 33 [23000/33236 (69%)], loss_tgt 1150.3245849609375
(13902544896, 23710007296)
Train Epoch: 33 [23500/33236 (71%)], loss_tgt 1483.81884765625
(13902544896, 23710007296)
Train Epoch: 33 [24000/33236 (72%)], loss_tgt 1179.393798828125
(13902544896, 23710007296)
Train Epoch: 33 [24500/33236 (74%)], loss_tgt 1614.693359375
(13902544896, 23710007296)
Train Epoch: 33 [25000/33236 (75%)], loss_tgt 1495.900634765625
(13902544896, 23710007296)
Train Epoch: 33 [25500/33236 (77%)], loss_tgt 1495.7210693359375
(13902544896, 23710007296)
Train Epoch: 33 [26000/33236 (78%)], loss_tgt 1339.2088623046875
(13902544896, 23710007296)
Train Epoch: 33 [26500/33236 (80%)], loss_tgt 1474.5460205078125
(13902544896, 23710007296)
Train Epoch: 33 [27000/33236 (81%)], loss_tgt 1638.498046875
(13902544896, 23710007296)
Train Epoch: 33 [27500/33236 (83%)], loss_tgt 1756.04931640625
(13902544896, 23710007296)
Train Epoch: 33 [28000/33236 (84%)], loss_tgt 1364.730224609375
(13902544896, 23710007296)
Train Epoch: 33 [28500/33236 (86%)], loss_tgt 1615.542724609375
(13902544896, 23710007296)
Train Epoch: 33 [29000/33236 (87%)], loss_tgt 1518.1004638671875
(13902544896, 23710007296)
Train Epoch: 33 [29500/33236 (89%)], loss_tgt 1620.7208251953125
(13902544896, 23710007296)
Train Epoch: 33 [30000/33236 (90%)], loss_tgt 1727.915771484375
(13902544896, 23710007296)
Train Epoch: 33 [30500/33236 (92%)], loss_tgt 1764.763427734375
(13902544896, 23710007296)
Train Epoch: 33 [31000/33236 (93%)], loss_tgt 1702.497802734375
(13902544896, 23710007296)
Train Epoch: 33 [31500/33236 (95%)], loss_tgt 1155.304931640625
(13902544896, 23710007296)
Train Epoch: 33 [32000/33236 (96%)], loss_tgt 1565.4832763671875
(13902544896, 23710007296)
Train Epoch: 33 [32500/33236 (98%)], loss_tgt 1820.2041015625
(13902544896, 23710007296)
Train Epoch: 33 [33000/33236 (99%)], loss_tgt 1278.265625
----------------------------------------Epoch: 34----------------------------------------
(13902544896, 23710007296)
Train Epoch: 34 [0/33236 (0%)], loss_tgt 1565.0018310546875
(13902544896, 23710007296)
Train Epoch: 34 [500/33236 (2%)], loss_tgt 913.3048095703125
(13902544896, 23710007296)
Train Epoch: 34 [1000/33236 (3%)], loss_tgt 1617.4361572265625
(13902544896, 23710007296)
Train Epoch: 34 [1500/33236 (5%)], loss_tgt 1657.68603515625
(13902544896, 23710007296)
Train Epoch: 34 [2000/33236 (6%)], loss_tgt 1587.8929443359375
(13902544896, 23710007296)
Train Epoch: 34 [2500/33236 (8%)], loss_tgt 1604.98779296875
(13902544896, 23710007296)
Train Epoch: 34 [3000/33236 (9%)], loss_tgt 1270.34912109375
(13902544896, 23710007296)
Train Epoch: 34 [3500/33236 (11%)], loss_tgt 1710.44580078125
(13902544896, 23710007296)
Train Epoch: 34 [4000/33236 (12%)], loss_tgt 1776.5023193359375
(13902544896, 23710007296)
Train Epoch: 34 [4500/33236 (14%)], loss_tgt 1190.779296875
(13902544896, 23710007296)
Train Epoch: 34 [5000/33236 (15%)], loss_tgt 1373.459228515625
(13902544896, 23710007296)
Train Epoch: 34 [5500/33236 (17%)], loss_tgt 1562.2723388671875
(13902544896, 23710007296)
Train Epoch: 34 [6000/33236 (18%)], loss_tgt 1041.9453125
(13902544896, 23710007296)
Train Epoch: 34 [6500/33236 (20%)], loss_tgt 1447.47900390625
(13902544896, 23710007296)
Train Epoch: 34 [7000/33236 (21%)], loss_tgt 1715.494384765625
(13902544896, 23710007296)
Train Epoch: 34 [7500/33236 (23%)], loss_tgt 1598.19775390625
(13902544896, 23710007296)
Train Epoch: 34 [8000/33236 (24%)], loss_tgt 1773.9007568359375
(13902544896, 23710007296)
Train Epoch: 34 [8500/33236 (26%)], loss_tgt 1271.0511474609375
(13902544896, 23710007296)
Train Epoch: 34 [9000/33236 (27%)], loss_tgt 1596.4853515625
(13902544896, 23710007296)
Train Epoch: 34 [9500/33236 (29%)], loss_tgt 1246.512451171875
(13902544896, 23710007296)
Train Epoch: 34 [10000/33236 (30%)], loss_tgt 1750.48388671875
(13902544896, 23710007296)
Train Epoch: 34 [10500/33236 (32%)], loss_tgt 1141.038330078125
(13902544896, 23710007296)
Train Epoch: 34 [11000/33236 (33%)], loss_tgt 1426.0126953125
(13902544896, 23710007296)
Train Epoch: 34 [11500/33236 (35%)], loss_tgt 1313.2763671875
(13902544896, 23710007296)
Train Epoch: 34 [12000/33236 (36%)], loss_tgt 1409.302978515625
(13902544896, 23710007296)
Train Epoch: 34 [12500/33236 (38%)], loss_tgt 1457.5811767578125
(13902544896, 23710007296)
Train Epoch: 34 [13000/33236 (39%)], loss_tgt 1747.8778076171875
(13902544896, 23710007296)
Train Epoch: 34 [13500/33236 (41%)], loss_tgt 1412.965087890625
(13902544896, 23710007296)
Train Epoch: 34 [14000/33236 (42%)], loss_tgt 1349.5135498046875
(13902544896, 23710007296)
Train Epoch: 34 [14500/33236 (44%)], loss_tgt 1223.784912109375
(13902544896, 23710007296)
Train Epoch: 34 [15000/33236 (45%)], loss_tgt 1615.1500244140625
(13902544896, 23710007296)
Train Epoch: 34 [15500/33236 (47%)], loss_tgt 1260.2548828125
(13902544896, 23710007296)
Train Epoch: 34 [16000/33236 (48%)], loss_tgt 1640.49609375
(13902544896, 23710007296)
Train Epoch: 34 [16500/33236 (50%)], loss_tgt 1738.839599609375
(13902544896, 23710007296)
Train Epoch: 34 [17000/33236 (51%)], loss_tgt 1074.2047119140625
(13902544896, 23710007296)
Train Epoch: 34 [17500/33236 (53%)], loss_tgt 1631.798583984375
(13902544896, 23710007296)
Train Epoch: 34 [18000/33236 (54%)], loss_tgt 1251.8582763671875
(13902544896, 23710007296)
Train Epoch: 34 [18500/33236 (56%)], loss_tgt 1557.9581298828125
(13902544896, 23710007296)
Train Epoch: 34 [19000/33236 (57%)], loss_tgt 1341.686767578125
(13902544896, 23710007296)
Train Epoch: 34 [19500/33236 (59%)], loss_tgt 1515.484130859375
(13902544896, 23710007296)
Train Epoch: 34 [20000/33236 (60%)], loss_tgt 1441.46337890625
(13902544896, 23710007296)
Train Epoch: 34 [20500/33236 (62%)], loss_tgt 1069.3494873046875
(13902544896, 23710007296)
Train Epoch: 34 [21000/33236 (63%)], loss_tgt 1352.5826416015625
(13902544896, 23710007296)
Train Epoch: 34 [21500/33236 (65%)], loss_tgt 1390.822021484375
(13902544896, 23710007296)
Train Epoch: 34 [22000/33236 (66%)], loss_tgt 1385.1190185546875
(13902544896, 23710007296)
Train Epoch: 34 [22500/33236 (68%)], loss_tgt 1626.8826904296875
(13902544896, 23710007296)
Train Epoch: 34 [23000/33236 (69%)], loss_tgt 1209.1348876953125
(13902544896, 23710007296)
Train Epoch: 34 [23500/33236 (71%)], loss_tgt 1482.5169677734375
(13902544896, 23710007296)
Train Epoch: 34 [24000/33236 (72%)], loss_tgt 1745.799072265625
(13902544896, 23710007296)
Train Epoch: 34 [24500/33236 (74%)], loss_tgt 1621.931884765625
(13902544896, 23710007296)
Train Epoch: 34 [25000/33236 (75%)], loss_tgt 1899.87646484375
(13902544896, 23710007296)
Train Epoch: 34 [25500/33236 (77%)], loss_tgt 1517.887451171875
(13902544896, 23710007296)
Train Epoch: 34 [26000/33236 (78%)], loss_tgt 1546.235107421875
(13902544896, 23710007296)
Train Epoch: 34 [26500/33236 (80%)], loss_tgt 1178.606689453125
(13902544896, 23710007296)
Train Epoch: 34 [27000/33236 (81%)], loss_tgt 1399.908935546875
(13902544896, 23710007296)
Train Epoch: 34 [27500/33236 (83%)], loss_tgt 1566.47802734375
(13902544896, 23710007296)
Train Epoch: 34 [28000/33236 (84%)], loss_tgt 1766.47607421875
(13902544896, 23710007296)
Train Epoch: 34 [28500/33236 (86%)], loss_tgt 1322.867431640625
(13902544896, 23710007296)
Train Epoch: 34 [29000/33236 (87%)], loss_tgt 1400.074462890625
(13902544896, 23710007296)
Train Epoch: 34 [29500/33236 (89%)], loss_tgt 1739.817138671875
(13902544896, 23710007296)
Train Epoch: 34 [30000/33236 (90%)], loss_tgt 1748.5543212890625
(13902544896, 23710007296)
Train Epoch: 34 [30500/33236 (92%)], loss_tgt 1576.861328125
(13902544896, 23710007296)
Train Epoch: 34 [31000/33236 (93%)], loss_tgt 1838.6915283203125
(13902544896, 23710007296)
Train Epoch: 34 [31500/33236 (95%)], loss_tgt 1741.000732421875
(13902544896, 23710007296)
Train Epoch: 34 [32000/33236 (96%)], loss_tgt 1799.71142578125
(13902544896, 23710007296)
Train Epoch: 34 [32500/33236 (98%)], loss_tgt 1719.853515625
(13902544896, 23710007296)
Train Epoch: 34 [33000/33236 (99%)], loss_tgt 1750.58984375
----------------------------------------Epoch: 35----------------------------------------
(13902544896, 23710007296)
Train Epoch: 35 [0/33236 (0%)], loss_tgt 1606.895751953125
(13902544896, 23710007296)
Train Epoch: 35 [500/33236 (2%)], loss_tgt 1510.0228271484375
(13902544896, 23710007296)
Train Epoch: 35 [1000/33236 (3%)], loss_tgt 1806.212158203125
(13902544896, 23710007296)
Train Epoch: 35 [1500/33236 (5%)], loss_tgt 1469.7606201171875
(13902544896, 23710007296)
Train Epoch: 35 [2000/33236 (6%)], loss_tgt 1218.208984375
(13902544896, 23710007296)
Train Epoch: 35 [2500/33236 (8%)], loss_tgt 1380.25732421875
(13902544896, 23710007296)
Train Epoch: 35 [3000/33236 (9%)], loss_tgt 1183.6158447265625
(13902544896, 23710007296)
Train Epoch: 35 [3500/33236 (11%)], loss_tgt 1527.7816162109375
(13902544896, 23710007296)
Train Epoch: 35 [4000/33236 (12%)], loss_tgt 1394.96435546875
(13902544896, 23710007296)
Train Epoch: 35 [4500/33236 (14%)], loss_tgt 1603.0076904296875
(13902544896, 23710007296)
Train Epoch: 35 [5000/33236 (15%)], loss_tgt 1752.496337890625
(13902544896, 23710007296)
Train Epoch: 35 [5500/33236 (17%)], loss_tgt 1531.56982421875
(13902544896, 23710007296)
Train Epoch: 35 [6000/33236 (18%)], loss_tgt 1640.3284912109375
(13902544896, 23710007296)
Train Epoch: 35 [6500/33236 (20%)], loss_tgt 1704.37158203125
(13902544896, 23710007296)
Train Epoch: 35 [7000/33236 (21%)], loss_tgt 1775.734130859375
(13902544896, 23710007296)
Train Epoch: 35 [7500/33236 (23%)], loss_tgt 1325.3011474609375
(13902544896, 23710007296)
Train Epoch: 35 [8000/33236 (24%)], loss_tgt 1544.365478515625
(13902544896, 23710007296)
Train Epoch: 35 [8500/33236 (26%)], loss_tgt 1743.236328125
(13902544896, 23710007296)
Train Epoch: 35 [9000/33236 (27%)], loss_tgt 1394.87890625
(13902544896, 23710007296)
Train Epoch: 35 [9500/33236 (29%)], loss_tgt 1461.656005859375
(13902544896, 23710007296)
Train Epoch: 35 [10000/33236 (30%)], loss_tgt 1555.6759033203125
(13902544896, 23710007296)
Train Epoch: 35 [10500/33236 (32%)], loss_tgt 1694.397216796875
(13902544896, 23710007296)
Train Epoch: 35 [11000/33236 (33%)], loss_tgt 1862.797119140625
(13902544896, 23710007296)
Train Epoch: 35 [11500/33236 (35%)], loss_tgt 1553.668212890625
(13902544896, 23710007296)
Train Epoch: 35 [12000/33236 (36%)], loss_tgt 1278.144775390625
(13902544896, 23710007296)
Train Epoch: 35 [12500/33236 (38%)], loss_tgt 1523.509033203125
(13902544896, 23710007296)
Train Epoch: 35 [13000/33236 (39%)], loss_tgt 1658.3643798828125
(13902544896, 23710007296)
Train Epoch: 35 [13500/33236 (41%)], loss_tgt 1503.9078369140625
(13902544896, 23710007296)
Train Epoch: 35 [14000/33236 (42%)], loss_tgt 1618.7493896484375
(13902544896, 23710007296)
Train Epoch: 35 [14500/33236 (44%)], loss_tgt 1539.764404296875
(13902544896, 23710007296)
Train Epoch: 35 [15000/33236 (45%)], loss_tgt 951.7990112304688
(13902544896, 23710007296)
Train Epoch: 35 [15500/33236 (47%)], loss_tgt 1576.326416015625
(13902544896, 23710007296)
Train Epoch: 35 [16000/33236 (48%)], loss_tgt 1602.6240234375
(13902544896, 23710007296)
Train Epoch: 35 [16500/33236 (50%)], loss_tgt 1408.3447265625
(13902544896, 23710007296)
Train Epoch: 35 [17000/33236 (51%)], loss_tgt 1399.754150390625
(13902544896, 23710007296)
Train Epoch: 35 [17500/33236 (53%)], loss_tgt 1753.377197265625
(13902544896, 23710007296)
Train Epoch: 35 [18000/33236 (54%)], loss_tgt 1502.2130126953125
(13902544896, 23710007296)
Train Epoch: 35 [18500/33236 (56%)], loss_tgt 1407.5831298828125
(13902544896, 23710007296)
Train Epoch: 35 [19000/33236 (57%)], loss_tgt 1766.9034423828125
(13902544896, 23710007296)
Train Epoch: 35 [19500/33236 (59%)], loss_tgt 1277.778564453125
(13902544896, 23710007296)
Train Epoch: 35 [20000/33236 (60%)], loss_tgt 1298.7435302734375
(13902544896, 23710007296)
Train Epoch: 35 [20500/33236 (62%)], loss_tgt 1534.7822265625
(13902544896, 23710007296)
Train Epoch: 35 [21000/33236 (63%)], loss_tgt 1579.799072265625
(13902544896, 23710007296)
Train Epoch: 35 [21500/33236 (65%)], loss_tgt 1522.2432861328125
(13902544896, 23710007296)
Train Epoch: 35 [22000/33236 (66%)], loss_tgt 1544.3499755859375
(13902544896, 23710007296)
Train Epoch: 35 [22500/33236 (68%)], loss_tgt 1101.5858154296875
(13902544896, 23710007296)
Train Epoch: 35 [23000/33236 (69%)], loss_tgt 1343.011474609375
(13902544896, 23710007296)
Train Epoch: 35 [23500/33236 (71%)], loss_tgt 1779.090576171875
(13902544896, 23710007296)
Train Epoch: 35 [24000/33236 (72%)], loss_tgt 1742.3768310546875
(13902544896, 23710007296)
Train Epoch: 35 [24500/33236 (74%)], loss_tgt 1081.0428466796875
(13902544896, 23710007296)
Train Epoch: 35 [25000/33236 (75%)], loss_tgt 1187.45751953125
(13902544896, 23710007296)
Train Epoch: 35 [25500/33236 (77%)], loss_tgt 1256.1319580078125
(13902544896, 23710007296)
Train Epoch: 35 [26000/33236 (78%)], loss_tgt 1517.032958984375
(13902544896, 23710007296)
Train Epoch: 35 [26500/33236 (80%)], loss_tgt 1725.7989501953125
(13902544896, 23710007296)
Train Epoch: 35 [27000/33236 (81%)], loss_tgt 1086.468505859375
(13902544896, 23710007296)
Train Epoch: 35 [27500/33236 (83%)], loss_tgt 1594.660400390625
(13902544896, 23710007296)
Train Epoch: 35 [28000/33236 (84%)], loss_tgt 1518.188232421875
(13902544896, 23710007296)
Train Epoch: 35 [28500/33236 (86%)], loss_tgt 1781.96630859375
(13902544896, 23710007296)
Train Epoch: 35 [29000/33236 (87%)], loss_tgt 1401.7535400390625
(13902544896, 23710007296)
Train Epoch: 35 [29500/33236 (89%)], loss_tgt 1402.092529296875
(13902544896, 23710007296)
Train Epoch: 35 [30000/33236 (90%)], loss_tgt 1681.122314453125
(13902544896, 23710007296)
Train Epoch: 35 [30500/33236 (92%)], loss_tgt 1669.458984375
(13902544896, 23710007296)
Train Epoch: 35 [31000/33236 (93%)], loss_tgt 1385.3480224609375
(13902544896, 23710007296)
Train Epoch: 35 [31500/33236 (95%)], loss_tgt 1567.866943359375
(13902544896, 23710007296)
Train Epoch: 35 [32000/33236 (96%)], loss_tgt 1580.849365234375
(13902544896, 23710007296)
Train Epoch: 35 [32500/33236 (98%)], loss_tgt 1573.965087890625
(13902544896, 23710007296)
Train Epoch: 35 [33000/33236 (99%)], loss_tgt 1673.742431640625
----------------------------------------Epoch: 36----------------------------------------
(13902544896, 23710007296)
Train Epoch: 36 [0/33236 (0%)], loss_tgt 1635.225341796875
(13902544896, 23710007296)
Train Epoch: 36 [500/33236 (2%)], loss_tgt 1343.6611328125
(13902544896, 23710007296)
Train Epoch: 36 [1000/33236 (3%)], loss_tgt 1220.0166015625
(13902544896, 23710007296)
Train Epoch: 36 [1500/33236 (5%)], loss_tgt 1579.6253662109375
(13902544896, 23710007296)
Train Epoch: 36 [2000/33236 (6%)], loss_tgt 1565.835205078125
(13902544896, 23710007296)
Train Epoch: 36 [2500/33236 (8%)], loss_tgt 1619.8106689453125
(13902544896, 23710007296)
Train Epoch: 36 [3000/33236 (9%)], loss_tgt 1197.9278564453125
(13902544896, 23710007296)
Train Epoch: 36 [3500/33236 (11%)], loss_tgt 1469.555419921875
(13902544896, 23710007296)
Train Epoch: 36 [4000/33236 (12%)], loss_tgt 1102.5206298828125
(13902544896, 23710007296)
Train Epoch: 36 [4500/33236 (14%)], loss_tgt 1277.4456787109375
(13902544896, 23710007296)
Train Epoch: 36 [5000/33236 (15%)], loss_tgt 1622.428955078125
(13902544896, 23710007296)
Train Epoch: 36 [5500/33236 (17%)], loss_tgt 1436.565185546875
(13902544896, 23710007296)
Train Epoch: 36 [6000/33236 (18%)], loss_tgt 1217.491455078125
(13902544896, 23710007296)
Train Epoch: 36 [6500/33236 (20%)], loss_tgt 1374.94384765625
(13902544896, 23710007296)
Train Epoch: 36 [7000/33236 (21%)], loss_tgt 1704.5810546875
(13902544896, 23710007296)
Train Epoch: 36 [7500/33236 (23%)], loss_tgt 1539.2369384765625
(13902544896, 23710007296)
Train Epoch: 36 [8000/33236 (24%)], loss_tgt 1339.96875
(13902544896, 23710007296)
Train Epoch: 36 [8500/33236 (26%)], loss_tgt 1813.531982421875
(13902544896, 23710007296)
Train Epoch: 36 [9000/33236 (27%)], loss_tgt 1416.91943359375
(13902544896, 23710007296)
Train Epoch: 36 [9500/33236 (29%)], loss_tgt 933.641845703125
(13902544896, 23710007296)
Train Epoch: 36 [10000/33236 (30%)], loss_tgt 1704.378173828125
(13902544896, 23710007296)
Train Epoch: 36 [10500/33236 (32%)], loss_tgt 1276.204833984375
(13902544896, 23710007296)
Train Epoch: 36 [11000/33236 (33%)], loss_tgt 1400.234619140625
(13902544896, 23710007296)
Train Epoch: 36 [11500/33236 (35%)], loss_tgt 1376.638671875
(13902544896, 23710007296)
Train Epoch: 36 [12000/33236 (36%)], loss_tgt 1724.189453125
(13902544896, 23710007296)
Train Epoch: 36 [12500/33236 (38%)], loss_tgt 906.6896362304688
(13902544896, 23710007296)
Train Epoch: 36 [13000/33236 (39%)], loss_tgt 1370.225341796875
(13902544896, 23710007296)
Train Epoch: 36 [13500/33236 (41%)], loss_tgt 1512.598876953125
(13902544896, 23710007296)
Train Epoch: 36 [14000/33236 (42%)], loss_tgt 1193.4715576171875
(13902544896, 23710007296)
Train Epoch: 36 [14500/33236 (44%)], loss_tgt 1522.5870361328125
(13902544896, 23710007296)
Train Epoch: 36 [15000/33236 (45%)], loss_tgt 1539.3883056640625
(13902544896, 23710007296)
Train Epoch: 36 [15500/33236 (47%)], loss_tgt 1537.078857421875
(13902544896, 23710007296)
Train Epoch: 36 [16000/33236 (48%)], loss_tgt 1482.470947265625
(13902544896, 23710007296)
Train Epoch: 36 [16500/33236 (50%)], loss_tgt 1700.29248046875
(13902544896, 23710007296)
Train Epoch: 36 [17000/33236 (51%)], loss_tgt 1570.97021484375
(13902544896, 23710007296)
Train Epoch: 36 [17500/33236 (53%)], loss_tgt 1077.4371337890625
(13902544896, 23710007296)
Train Epoch: 36 [18000/33236 (54%)], loss_tgt 1760.989013671875
(13902544896, 23710007296)
Train Epoch: 36 [18500/33236 (56%)], loss_tgt 1650.0926513671875
(13902544896, 23710007296)
Train Epoch: 36 [19000/33236 (57%)], loss_tgt 1615.2041015625
(13902544896, 23710007296)
Train Epoch: 36 [19500/33236 (59%)], loss_tgt 1604.555908203125
(13902544896, 23710007296)
Train Epoch: 36 [20000/33236 (60%)], loss_tgt 1743.32080078125
(13902544896, 23710007296)
Train Epoch: 36 [20500/33236 (62%)], loss_tgt 1701.61767578125
(13902544896, 23710007296)
Train Epoch: 36 [21000/33236 (63%)], loss_tgt 1402.92333984375
(13902544896, 23710007296)
Train Epoch: 36 [21500/33236 (65%)], loss_tgt 1773.62353515625
(13902544896, 23710007296)
Train Epoch: 36 [22000/33236 (66%)], loss_tgt 1738.51953125
(13902544896, 23710007296)
Train Epoch: 36 [22500/33236 (68%)], loss_tgt 1378.2496337890625
(13902544896, 23710007296)
Train Epoch: 36 [23000/33236 (69%)], loss_tgt 1691.3529052734375
(13902544896, 23710007296)
Train Epoch: 36 [23500/33236 (71%)], loss_tgt 1725.383544921875
(13902544896, 23710007296)
Train Epoch: 36 [24000/33236 (72%)], loss_tgt 1545.442626953125
(13902544896, 23710007296)
Train Epoch: 36 [24500/33236 (74%)], loss_tgt 1513.7108154296875
(13902544896, 23710007296)
Train Epoch: 36 [25000/33236 (75%)], loss_tgt 1785.004638671875
(13902544896, 23710007296)
Train Epoch: 36 [25500/33236 (77%)], loss_tgt 1512.6422119140625
(13902544896, 23710007296)
Train Epoch: 36 [26000/33236 (78%)], loss_tgt 1357.980224609375
(13902544896, 23710007296)
Train Epoch: 36 [26500/33236 (80%)], loss_tgt 1718.322998046875
(13902544896, 23710007296)
Train Epoch: 36 [27000/33236 (81%)], loss_tgt 1780.127197265625
(13902544896, 23710007296)
Train Epoch: 36 [27500/33236 (83%)], loss_tgt 1692.191650390625
(13902544896, 23710007296)
Train Epoch: 36 [28000/33236 (84%)], loss_tgt 1495.1080322265625
(13902544896, 23710007296)
Train Epoch: 36 [28500/33236 (86%)], loss_tgt 1714.781005859375
(13902544896, 23710007296)
Train Epoch: 36 [29000/33236 (87%)], loss_tgt 1539.25732421875
(13902544896, 23710007296)
Train Epoch: 36 [29500/33236 (89%)], loss_tgt 1712.478271484375
(13902544896, 23710007296)
Train Epoch: 36 [30000/33236 (90%)], loss_tgt 1796.867431640625
(13902544896, 23710007296)
Train Epoch: 36 [30500/33236 (92%)], loss_tgt 1173.043701171875
(13902544896, 23710007296)
Train Epoch: 36 [31000/33236 (93%)], loss_tgt 1525.9512939453125
(13902544896, 23710007296)
Train Epoch: 36 [31500/33236 (95%)], loss_tgt 1123.986572265625
(13902544896, 23710007296)
Train Epoch: 36 [32000/33236 (96%)], loss_tgt 1585.4346923828125
(13902544896, 23710007296)
Train Epoch: 36 [32500/33236 (98%)], loss_tgt 1325.2724609375
(13902544896, 23710007296)
Train Epoch: 36 [33000/33236 (99%)], loss_tgt 1159.197265625
----------------------------------------Epoch: 37----------------------------------------
(13902544896, 23710007296)
Train Epoch: 37 [0/33236 (0%)], loss_tgt 1717.188720703125
(13902544896, 23710007296)
Train Epoch: 37 [500/33236 (2%)], loss_tgt 1551.850830078125
(13902544896, 23710007296)
Train Epoch: 37 [1000/33236 (3%)], loss_tgt 894.69873046875
(13902544896, 23710007296)
Train Epoch: 37 [1500/33236 (5%)], loss_tgt 1716.114501953125
(13902544896, 23710007296)
Train Epoch: 37 [2000/33236 (6%)], loss_tgt 1648.6673583984375
(13902544896, 23710007296)
Train Epoch: 37 [2500/33236 (8%)], loss_tgt 1399.1903076171875
(13902544896, 23710007296)
Train Epoch: 37 [3000/33236 (9%)], loss_tgt 1537.6640625
(13902544896, 23710007296)
Train Epoch: 37 [3500/33236 (11%)], loss_tgt 1022.968994140625
(13902544896, 23710007296)
Train Epoch: 37 [4000/33236 (12%)], loss_tgt 1277.2808837890625
(13902544896, 23710007296)
Train Epoch: 37 [4500/33236 (14%)], loss_tgt 1504.769287109375
(13902544896, 23710007296)
Train Epoch: 37 [5000/33236 (15%)], loss_tgt 1474.849365234375
(13902544896, 23710007296)
Train Epoch: 37 [5500/33236 (17%)], loss_tgt 1253.33154296875
(13902544896, 23710007296)
Train Epoch: 37 [6000/33236 (18%)], loss_tgt 1273.72021484375
(13902544896, 23710007296)
Train Epoch: 37 [6500/33236 (20%)], loss_tgt 1721.3214111328125
(13902544896, 23710007296)
Train Epoch: 37 [7000/33236 (21%)], loss_tgt 1355.1458740234375
(13902544896, 23710007296)
Train Epoch: 37 [7500/33236 (23%)], loss_tgt 1563.32421875
(13902544896, 23710007296)
Train Epoch: 37 [8000/33236 (24%)], loss_tgt 1490.9287109375
(13902544896, 23710007296)
Train Epoch: 37 [8500/33236 (26%)], loss_tgt 1521.5301513671875
(13902544896, 23710007296)
Train Epoch: 37 [9000/33236 (27%)], loss_tgt 1697.049072265625
(13902544896, 23710007296)
Train Epoch: 37 [9500/33236 (29%)], loss_tgt 1362.167236328125
(13902544896, 23710007296)
Train Epoch: 37 [10000/33236 (30%)], loss_tgt 1722.467529296875
(13902544896, 23710007296)
Train Epoch: 37 [10500/33236 (32%)], loss_tgt 1545.432373046875
(13902544896, 23710007296)
Train Epoch: 37 [11000/33236 (33%)], loss_tgt 1455.0479736328125
(13902544896, 23710007296)
Train Epoch: 37 [11500/33236 (35%)], loss_tgt 1267.3583984375
(13902544896, 23710007296)
Train Epoch: 37 [12000/33236 (36%)], loss_tgt 1594.3826904296875
(13902544896, 23710007296)
Train Epoch: 37 [12500/33236 (38%)], loss_tgt 1265.68701171875
(13902544896, 23710007296)
Train Epoch: 37 [13000/33236 (39%)], loss_tgt 1417.7164306640625
(13902544896, 23710007296)
Train Epoch: 37 [13500/33236 (41%)], loss_tgt 1527.7247314453125
(13902544896, 23710007296)
Train Epoch: 37 [14000/33236 (42%)], loss_tgt 1308.96435546875
(13902544896, 23710007296)
Train Epoch: 37 [14500/33236 (44%)], loss_tgt 1681.9189453125
(13902544896, 23710007296)
Train Epoch: 37 [15000/33236 (45%)], loss_tgt 1687.033935546875
(13902544896, 23710007296)
Train Epoch: 37 [15500/33236 (47%)], loss_tgt 1665.41943359375
(13902544896, 23710007296)
Train Epoch: 37 [16000/33236 (48%)], loss_tgt 1639.601318359375
(13902544896, 23710007296)
Train Epoch: 37 [16500/33236 (50%)], loss_tgt 1506.2222900390625
(13902544896, 23710007296)
Train Epoch: 37 [17000/33236 (51%)], loss_tgt 1760.448974609375
(13902544896, 23710007296)
Train Epoch: 37 [17500/33236 (53%)], loss_tgt 1135.131591796875
(13902544896, 23710007296)
Train Epoch: 37 [18000/33236 (54%)], loss_tgt 1494.138916015625
(13902544896, 23710007296)
Train Epoch: 37 [18500/33236 (56%)], loss_tgt 1366.8775634765625
(13902544896, 23710007296)
Train Epoch: 37 [19000/33236 (57%)], loss_tgt 1460.25390625
(13902544896, 23710007296)
Train Epoch: 37 [19500/33236 (59%)], loss_tgt 1560.5279541015625
(13902544896, 23710007296)
Train Epoch: 37 [20000/33236 (60%)], loss_tgt 1578.1217041015625
(13902544896, 23710007296)
Train Epoch: 37 [20500/33236 (62%)], loss_tgt 1787.52587890625
(13902544896, 23710007296)
Train Epoch: 37 [21000/33236 (63%)], loss_tgt 1619.6024169921875
(13902544896, 23710007296)
Train Epoch: 37 [21500/33236 (65%)], loss_tgt 1352.20361328125
(13902544896, 23710007296)
Train Epoch: 37 [22000/33236 (66%)], loss_tgt 1512.027587890625
(13902544896, 23710007296)
Train Epoch: 37 [22500/33236 (68%)], loss_tgt 1628.8055419921875
(13902544896, 23710007296)
Train Epoch: 37 [23000/33236 (69%)], loss_tgt 1744.3531494140625
(13902544896, 23710007296)
Train Epoch: 37 [23500/33236 (71%)], loss_tgt 1221.188720703125
(13902544896, 23710007296)
Train Epoch: 37 [24000/33236 (72%)], loss_tgt 1258.58203125
(13902544896, 23710007296)
Train Epoch: 37 [24500/33236 (74%)], loss_tgt 1759.876220703125
(13902544896, 23710007296)
Train Epoch: 37 [25000/33236 (75%)], loss_tgt 1470.464599609375
(13902544896, 23710007296)
Train Epoch: 37 [25500/33236 (77%)], loss_tgt 1547.4061279296875
(13902544896, 23710007296)
Train Epoch: 37 [26000/33236 (78%)], loss_tgt 1627.169189453125
(13902544896, 23710007296)
Train Epoch: 37 [26500/33236 (80%)], loss_tgt 1735.99560546875
(13902544896, 23710007296)
Train Epoch: 37 [27000/33236 (81%)], loss_tgt 1398.9671630859375
(13902544896, 23710007296)
Train Epoch: 37 [27500/33236 (83%)], loss_tgt 1416.4254150390625
(13902544896, 23710007296)
Train Epoch: 37 [28000/33236 (84%)], loss_tgt 1446.7412109375
(13902544896, 23710007296)
Train Epoch: 37 [28500/33236 (86%)], loss_tgt 1626.81787109375
(13902544896, 23710007296)
Train Epoch: 37 [29000/33236 (87%)], loss_tgt 1572.7132568359375
(13902544896, 23710007296)
Train Epoch: 37 [29500/33236 (89%)], loss_tgt 1632.685546875
(13902544896, 23710007296)
Train Epoch: 37 [30000/33236 (90%)], loss_tgt 1509.2203369140625
(13902544896, 23710007296)
Train Epoch: 37 [30500/33236 (92%)], loss_tgt 1564.40478515625
(13902544896, 23710007296)
Train Epoch: 37 [31000/33236 (93%)], loss_tgt 1620.64404296875
(13902544896, 23710007296)
Train Epoch: 37 [31500/33236 (95%)], loss_tgt 1798.359375
(13902544896, 23710007296)
Train Epoch: 37 [32000/33236 (96%)], loss_tgt 1483.968505859375
(13902544896, 23710007296)
Train Epoch: 37 [32500/33236 (98%)], loss_tgt 1762.011962890625
(13902544896, 23710007296)
Train Epoch: 37 [33000/33236 (99%)], loss_tgt 1283.3035888671875
----------------------------------------Epoch: 38----------------------------------------
(13902544896, 23710007296)
Train Epoch: 38 [0/33236 (0%)], loss_tgt 1260.3790283203125
(13902544896, 23710007296)
Train Epoch: 38 [500/33236 (2%)], loss_tgt 1768.8701171875
(13902544896, 23710007296)
Train Epoch: 38 [1000/33236 (3%)], loss_tgt 1484.992919921875
(13902544896, 23710007296)
Train Epoch: 38 [1500/33236 (5%)], loss_tgt 1751.9892578125
(13902544896, 23710007296)
Train Epoch: 38 [2000/33236 (6%)], loss_tgt 1499.640380859375
(13902544896, 23710007296)
Train Epoch: 38 [2500/33236 (8%)], loss_tgt 1472.59814453125
(13902544896, 23710007296)
Train Epoch: 38 [3000/33236 (9%)], loss_tgt 1784.767578125
(13902544896, 23710007296)
Train Epoch: 38 [3500/33236 (11%)], loss_tgt 1215.1400146484375
(13902544896, 23710007296)
Train Epoch: 38 [4000/33236 (12%)], loss_tgt 1404.823974609375
(13902544896, 23710007296)
Train Epoch: 38 [4500/33236 (14%)], loss_tgt 1736.8792724609375
(13902544896, 23710007296)
Train Epoch: 38 [5000/33236 (15%)], loss_tgt 1633.522705078125
(13902544896, 23710007296)
Train Epoch: 38 [5500/33236 (17%)], loss_tgt 1201.64208984375
(13902544896, 23710007296)
Train Epoch: 38 [6000/33236 (18%)], loss_tgt 1453.142578125
(13902544896, 23710007296)
Train Epoch: 38 [6500/33236 (20%)], loss_tgt 1187.49951171875
(13902544896, 23710007296)
Train Epoch: 38 [7000/33236 (21%)], loss_tgt 1428.481201171875
(13902544896, 23710007296)
Train Epoch: 38 [7500/33236 (23%)], loss_tgt 1691.8291015625
(13902544896, 23710007296)
Train Epoch: 38 [8000/33236 (24%)], loss_tgt 1721.94775390625
(13902544896, 23710007296)
Train Epoch: 38 [8500/33236 (26%)], loss_tgt 1753.5174560546875
(13902544896, 23710007296)
Train Epoch: 38 [9000/33236 (27%)], loss_tgt 1541.9039306640625
(13902544896, 23710007296)
Train Epoch: 38 [9500/33236 (29%)], loss_tgt 1853.27685546875
(13902544896, 23710007296)
Train Epoch: 38 [10000/33236 (30%)], loss_tgt 1322.6363525390625
(13902544896, 23710007296)
Train Epoch: 38 [10500/33236 (32%)], loss_tgt 1232.864501953125
(13902544896, 23710007296)
Train Epoch: 38 [11000/33236 (33%)], loss_tgt 1318.1666259765625
(13902544896, 23710007296)
Train Epoch: 38 [11500/33236 (35%)], loss_tgt 1515.544677734375
(13902544896, 23710007296)
Train Epoch: 38 [12000/33236 (36%)], loss_tgt 1720.24658203125
(13902544896, 23710007296)
Train Epoch: 38 [12500/33236 (38%)], loss_tgt 1317.7413330078125
(13902544896, 23710007296)
Train Epoch: 38 [13000/33236 (39%)], loss_tgt 1735.669677734375
(13902544896, 23710007296)
Train Epoch: 38 [13500/33236 (41%)], loss_tgt 1581.6241455078125
(13902544896, 23710007296)
Train Epoch: 38 [14000/33236 (42%)], loss_tgt 1579.547119140625
(13902544896, 23710007296)
Train Epoch: 38 [14500/33236 (44%)], loss_tgt 1519.0029296875
(13902544896, 23710007296)
Train Epoch: 38 [15000/33236 (45%)], loss_tgt 1414.076171875
(13902544896, 23710007296)
Train Epoch: 38 [15500/33236 (47%)], loss_tgt 1471.359130859375
(13902544896, 23710007296)
Train Epoch: 38 [16000/33236 (48%)], loss_tgt 1431.377685546875
(13902544896, 23710007296)
Train Epoch: 38 [16500/33236 (50%)], loss_tgt 1037.9041748046875
(13902544896, 23710007296)
Train Epoch: 38 [17000/33236 (51%)], loss_tgt 1747.959228515625
(13902544896, 23710007296)
Train Epoch: 38 [17500/33236 (53%)], loss_tgt 1714.762939453125
(13902544896, 23710007296)
Train Epoch: 38 [18000/33236 (54%)], loss_tgt 1568.1441650390625
(13902544896, 23710007296)
Train Epoch: 38 [18500/33236 (56%)], loss_tgt 1351.02197265625
(13902544896, 23710007296)
Train Epoch: 38 [19000/33236 (57%)], loss_tgt 1324.083984375
(13902544896, 23710007296)
Train Epoch: 38 [19500/33236 (59%)], loss_tgt 1318.913330078125
(13902544896, 23710007296)
Train Epoch: 38 [20000/33236 (60%)], loss_tgt 1591.251220703125
(13902544896, 23710007296)
Train Epoch: 38 [20500/33236 (62%)], loss_tgt 1836.53076171875
(13902544896, 23710007296)
Train Epoch: 38 [21000/33236 (63%)], loss_tgt 1435.4998779296875
(13902544896, 23710007296)
Train Epoch: 38 [21500/33236 (65%)], loss_tgt 1365.9862060546875
(13902544896, 23710007296)
Train Epoch: 38 [22000/33236 (66%)], loss_tgt 1708.813720703125
(13902544896, 23710007296)
Train Epoch: 38 [22500/33236 (68%)], loss_tgt 1485.3663330078125
(13902544896, 23710007296)
Train Epoch: 38 [23000/33236 (69%)], loss_tgt 1641.2584228515625
(13902544896, 23710007296)
Train Epoch: 38 [23500/33236 (71%)], loss_tgt 1337.170166015625
(13902544896, 23710007296)
Train Epoch: 38 [24000/33236 (72%)], loss_tgt 1730.5009765625
(13902544896, 23710007296)
Train Epoch: 38 [24500/33236 (74%)], loss_tgt 1489.42333984375
(13902544896, 23710007296)
Train Epoch: 38 [25000/33236 (75%)], loss_tgt 1826.18603515625
(13902544896, 23710007296)
Train Epoch: 38 [25500/33236 (77%)], loss_tgt 1628.909912109375
(13902544896, 23710007296)
Train Epoch: 38 [26000/33236 (78%)], loss_tgt 1443.18603515625
(13902544896, 23710007296)
Train Epoch: 38 [26500/33236 (80%)], loss_tgt 1474.6483154296875
(13902544896, 23710007296)
Train Epoch: 38 [27000/33236 (81%)], loss_tgt 1757.7353515625
(13902544896, 23710007296)
Train Epoch: 38 [27500/33236 (83%)], loss_tgt 1335.333740234375
(13902544896, 23710007296)
Train Epoch: 38 [28000/33236 (84%)], loss_tgt 1465.3076171875
(13902544896, 23710007296)
Train Epoch: 38 [28500/33236 (86%)], loss_tgt 1261.7003173828125
(13902544896, 23710007296)
Train Epoch: 38 [29000/33236 (87%)], loss_tgt 1348.4365234375
(13902544896, 23710007296)
Train Epoch: 38 [29500/33236 (89%)], loss_tgt 1349.982177734375
(13902544896, 23710007296)
Train Epoch: 38 [30000/33236 (90%)], loss_tgt 1406.728271484375
(13902544896, 23710007296)
Train Epoch: 38 [30500/33236 (92%)], loss_tgt 1616.328857421875
(13902544896, 23710007296)
Train Epoch: 38 [31000/33236 (93%)], loss_tgt 1416.7568359375
(13902544896, 23710007296)
Train Epoch: 38 [31500/33236 (95%)], loss_tgt 715.1505126953125
(13902544896, 23710007296)
Train Epoch: 38 [32000/33236 (96%)], loss_tgt 1542.044189453125
(13902544896, 23710007296)
Train Epoch: 38 [32500/33236 (98%)], loss_tgt 1582.576171875
(13902544896, 23710007296)
Train Epoch: 38 [33000/33236 (99%)], loss_tgt 1664.103759765625
----------------------------------------Epoch: 39----------------------------------------
(13902544896, 23710007296)
Train Epoch: 39 [0/33236 (0%)], loss_tgt 1733.046142578125
(13902544896, 23710007296)
Train Epoch: 39 [500/33236 (2%)], loss_tgt 1308.6201171875
(13902544896, 23710007296)
Train Epoch: 39 [1000/33236 (3%)], loss_tgt 1731.1109619140625
(13902544896, 23710007296)
Train Epoch: 39 [1500/33236 (5%)], loss_tgt 1706.601318359375
(13902544896, 23710007296)
Train Epoch: 39 [2000/33236 (6%)], loss_tgt 1741.50732421875
(13902544896, 23710007296)
Train Epoch: 39 [2500/33236 (8%)], loss_tgt 1689.5443115234375
(13902544896, 23710007296)
Train Epoch: 39 [3000/33236 (9%)], loss_tgt 1692.48828125
(13902544896, 23710007296)
Train Epoch: 39 [3500/33236 (11%)], loss_tgt 1796.980224609375
(13902544896, 23710007296)
Train Epoch: 39 [4000/33236 (12%)], loss_tgt 1567.64794921875
(13902544896, 23710007296)
Train Epoch: 39 [4500/33236 (14%)], loss_tgt 1792.986083984375
(13902544896, 23710007296)
Train Epoch: 39 [5000/33236 (15%)], loss_tgt 1607.14501953125
(13902544896, 23710007296)
Train Epoch: 39 [5500/33236 (17%)], loss_tgt 1833.816650390625
(13902544896, 23710007296)
Train Epoch: 39 [6000/33236 (18%)], loss_tgt 1706.455078125
(13902544896, 23710007296)
Train Epoch: 39 [6500/33236 (20%)], loss_tgt 1442.2791748046875
(13902544896, 23710007296)
Train Epoch: 39 [7000/33236 (21%)], loss_tgt 1564.185302734375
(13902544896, 23710007296)
Train Epoch: 39 [7500/33236 (23%)], loss_tgt 896.037841796875
(13902544896, 23710007296)
Train Epoch: 39 [8000/33236 (24%)], loss_tgt 1722.728515625
(13902544896, 23710007296)
Train Epoch: 39 [8500/33236 (26%)], loss_tgt 1327.1451416015625
(13902544896, 23710007296)
Train Epoch: 39 [9000/33236 (27%)], loss_tgt 1450.7210693359375
(13902544896, 23710007296)
Train Epoch: 39 [9500/33236 (29%)], loss_tgt 1715.794921875
(13902544896, 23710007296)
Train Epoch: 39 [10000/33236 (30%)], loss_tgt 1829.08154296875
(13902544896, 23710007296)
Train Epoch: 39 [10500/33236 (32%)], loss_tgt 1699.438720703125
(13902544896, 23710007296)
Train Epoch: 39 [11000/33236 (33%)], loss_tgt 1777.697998046875
(13902544896, 23710007296)
Train Epoch: 39 [11500/33236 (35%)], loss_tgt 1763.1763916015625
(13902544896, 23710007296)
Train Epoch: 39 [12000/33236 (36%)], loss_tgt 1734.048583984375
(13902544896, 23710007296)
Train Epoch: 39 [12500/33236 (38%)], loss_tgt 1565.905029296875
(13902544896, 23710007296)
Train Epoch: 39 [13000/33236 (39%)], loss_tgt 1548.21630859375
(13902544896, 23710007296)
Train Epoch: 39 [13500/33236 (41%)], loss_tgt 1462.44677734375
(13902544896, 23710007296)
Train Epoch: 39 [14000/33236 (42%)], loss_tgt 1383.0355224609375
(13902544896, 23710007296)
Train Epoch: 39 [14500/33236 (44%)], loss_tgt 1118.3756103515625
(13902544896, 23710007296)
Train Epoch: 39 [15000/33236 (45%)], loss_tgt 1579.4234619140625
(13902544896, 23710007296)
Train Epoch: 39 [15500/33236 (47%)], loss_tgt 1794.67041015625
(13902544896, 23710007296)
Train Epoch: 39 [16000/33236 (48%)], loss_tgt 1394.5736083984375
(13902544896, 23710007296)
Train Epoch: 39 [16500/33236 (50%)], loss_tgt 1482.1478271484375
(13902544896, 23710007296)
Train Epoch: 39 [17000/33236 (51%)], loss_tgt 1531.864013671875
(13902544896, 23710007296)
Train Epoch: 39 [17500/33236 (53%)], loss_tgt 1430.630859375
(13902544896, 23710007296)
Train Epoch: 39 [18000/33236 (54%)], loss_tgt 1546.4781494140625
(13902544896, 23710007296)
Train Epoch: 39 [18500/33236 (56%)], loss_tgt 1306.45654296875
(13902544896, 23710007296)
Train Epoch: 39 [19000/33236 (57%)], loss_tgt 1678.8372802734375
(13902544896, 23710007296)
Train Epoch: 39 [19500/33236 (59%)], loss_tgt 1772.6763916015625
(13902544896, 23710007296)
Train Epoch: 39 [20000/33236 (60%)], loss_tgt 1530.3057861328125
(13902544896, 23710007296)
Train Epoch: 39 [20500/33236 (62%)], loss_tgt 1343.40673828125
(13902544896, 23710007296)
Train Epoch: 39 [21000/33236 (63%)], loss_tgt 1673.46044921875
(13902544896, 23710007296)
Train Epoch: 39 [21500/33236 (65%)], loss_tgt 1480.9564208984375
(13902544896, 23710007296)
Train Epoch: 39 [22000/33236 (66%)], loss_tgt 1217.676513671875
(13902544896, 23710007296)
Train Epoch: 39 [22500/33236 (68%)], loss_tgt 1803.4010009765625
(13902544896, 23710007296)
Train Epoch: 39 [23000/33236 (69%)], loss_tgt 1559.9031982421875
(13902544896, 23710007296)
Train Epoch: 39 [23500/33236 (71%)], loss_tgt 1305.0731201171875
(13902544896, 23710007296)
Train Epoch: 39 [24000/33236 (72%)], loss_tgt 1759.490966796875
(13902544896, 23710007296)
Train Epoch: 39 [24500/33236 (74%)], loss_tgt 1772.590576171875
(13902544896, 23710007296)
Train Epoch: 39 [25000/33236 (75%)], loss_tgt 1478.1678466796875
(13902544896, 23710007296)
Train Epoch: 39 [25500/33236 (77%)], loss_tgt 1362.330078125
(13902544896, 23710007296)
Train Epoch: 39 [26000/33236 (78%)], loss_tgt 1044.935546875
(13902544896, 23710007296)
Train Epoch: 39 [26500/33236 (80%)], loss_tgt 1748.729736328125
(13902544896, 23710007296)
Train Epoch: 39 [27000/33236 (81%)], loss_tgt 1602.256591796875
(13902544896, 23710007296)
Train Epoch: 39 [27500/33236 (83%)], loss_tgt 1803.021240234375
(13902544896, 23710007296)
Train Epoch: 39 [28000/33236 (84%)], loss_tgt 1775.149169921875
(13902544896, 23710007296)
Train Epoch: 39 [28500/33236 (86%)], loss_tgt 1416.7603759765625
(13902544896, 23710007296)
Train Epoch: 39 [29000/33236 (87%)], loss_tgt 1754.258056640625
(13902544896, 23710007296)
Train Epoch: 39 [29500/33236 (89%)], loss_tgt 1701.560791015625
(13902544896, 23710007296)
Train Epoch: 39 [30000/33236 (90%)], loss_tgt 1551.15576171875
(13902544896, 23710007296)
Train Epoch: 39 [30500/33236 (92%)], loss_tgt 1526.39501953125
(13902544896, 23710007296)
Train Epoch: 39 [31000/33236 (93%)], loss_tgt 1801.776611328125
(13902544896, 23710007296)
Train Epoch: 39 [31500/33236 (95%)], loss_tgt 1437.84033203125
(13902544896, 23710007296)
Train Epoch: 39 [32000/33236 (96%)], loss_tgt 1320.346435546875
(13902544896, 23710007296)
Train Epoch: 39 [32500/33236 (98%)], loss_tgt 1252.35205078125
(13902544896, 23710007296)
Train Epoch: 39 [33000/33236 (99%)], loss_tgt 1565.7774658203125
----------------------------------------Epoch: 40----------------------------------------
(13902544896, 23710007296)
Train Epoch: 40 [0/33236 (0%)], loss_tgt 1401.5911865234375
(13902544896, 23710007296)
Train Epoch: 40 [500/33236 (2%)], loss_tgt 1585.944580078125
(13902544896, 23710007296)
Train Epoch: 40 [1000/33236 (3%)], loss_tgt 1324.9959716796875
(13902544896, 23710007296)
Train Epoch: 40 [1500/33236 (5%)], loss_tgt 1542.0396728515625
(13902544896, 23710007296)
Train Epoch: 40 [2000/33236 (6%)], loss_tgt 1538.4537353515625
(13902544896, 23710007296)
Train Epoch: 40 [2500/33236 (8%)], loss_tgt 1723.3646240234375
(13902544896, 23710007296)
Train Epoch: 40 [3000/33236 (9%)], loss_tgt 1636.000244140625
(13902544896, 23710007296)
Train Epoch: 40 [3500/33236 (11%)], loss_tgt 1473.4244384765625
(13902544896, 23710007296)
Train Epoch: 40 [4000/33236 (12%)], loss_tgt 1580.7861328125
(13902544896, 23710007296)
Train Epoch: 40 [4500/33236 (14%)], loss_tgt 1610.1943359375
(13902544896, 23710007296)
Train Epoch: 40 [5000/33236 (15%)], loss_tgt 1779.2362060546875
(13902544896, 23710007296)
Train Epoch: 40 [5500/33236 (17%)], loss_tgt 1549.420654296875
(13902544896, 23710007296)
Train Epoch: 40 [6000/33236 (18%)], loss_tgt 1755.4803466796875
(13902544896, 23710007296)
Train Epoch: 40 [6500/33236 (20%)], loss_tgt 1615.9918212890625
(13902544896, 23710007296)
Train Epoch: 40 [7000/33236 (21%)], loss_tgt 1516.61474609375
(13902544896, 23710007296)
Train Epoch: 40 [7500/33236 (23%)], loss_tgt 1621.19287109375
(13902544896, 23710007296)
Train Epoch: 40 [8000/33236 (24%)], loss_tgt 1274.046142578125
(13902544896, 23710007296)
Train Epoch: 40 [8500/33236 (26%)], loss_tgt 1617.608154296875
(13902544896, 23710007296)
Train Epoch: 40 [9000/33236 (27%)], loss_tgt 1770.013916015625
(13902544896, 23710007296)
Train Epoch: 40 [9500/33236 (29%)], loss_tgt 1737.234130859375
(13902544896, 23710007296)
Train Epoch: 40 [10000/33236 (30%)], loss_tgt 1191.287109375
(13902544896, 23710007296)
Train Epoch: 40 [10500/33236 (32%)], loss_tgt 1396.8251953125
(13902544896, 23710007296)
Train Epoch: 40 [11000/33236 (33%)], loss_tgt 1496.13232421875
(13902544896, 23710007296)
Train Epoch: 40 [11500/33236 (35%)], loss_tgt 1642.243408203125
(13902544896, 23710007296)
Train Epoch: 40 [12000/33236 (36%)], loss_tgt 631.086181640625
(13902544896, 23710007296)
Train Epoch: 40 [12500/33236 (38%)], loss_tgt 1632.46923828125
(13902544896, 23710007296)
Train Epoch: 40 [13000/33236 (39%)], loss_tgt 1704.731201171875
(13902544896, 23710007296)
Train Epoch: 40 [13500/33236 (41%)], loss_tgt 1777.25146484375
(13902544896, 23710007296)
Train Epoch: 40 [14000/33236 (42%)], loss_tgt 1461.161865234375
(13902544896, 23710007296)
Train Epoch: 40 [14500/33236 (44%)], loss_tgt 1303.2568359375
(13902544896, 23710007296)
Train Epoch: 40 [15000/33236 (45%)], loss_tgt 1460.111328125
(13902544896, 23710007296)
Train Epoch: 40 [15500/33236 (47%)], loss_tgt 1544.4439697265625
(13902544896, 23710007296)
Train Epoch: 40 [16000/33236 (48%)], loss_tgt 1696.6741943359375
(13902544896, 23710007296)
Train Epoch: 40 [16500/33236 (50%)], loss_tgt 1711.5037841796875
(13902544896, 23710007296)
Train Epoch: 40 [17000/33236 (51%)], loss_tgt 1478.88037109375
(13902544896, 23710007296)
Train Epoch: 40 [17500/33236 (53%)], loss_tgt 1390.0491943359375
(13902544896, 23710007296)
Train Epoch: 40 [18000/33236 (54%)], loss_tgt 1487.916259765625
(13902544896, 23710007296)
Train Epoch: 40 [18500/33236 (56%)], loss_tgt 1823.97509765625
(13902544896, 23710007296)
Train Epoch: 40 [19000/33236 (57%)], loss_tgt 1571.2174072265625
(13902544896, 23710007296)
Train Epoch: 40 [19500/33236 (59%)], loss_tgt 1553.4466552734375
(13902544896, 23710007296)
Train Epoch: 40 [20000/33236 (60%)], loss_tgt 1628.776123046875
(13902544896, 23710007296)
Train Epoch: 40 [20500/33236 (62%)], loss_tgt 1410.2086181640625
(13902544896, 23710007296)
Train Epoch: 40 [21000/33236 (63%)], loss_tgt 1696.754150390625
(13902544896, 23710007296)
Train Epoch: 40 [21500/33236 (65%)], loss_tgt 1600.3321533203125
(13902544896, 23710007296)
Train Epoch: 40 [22000/33236 (66%)], loss_tgt 1241.99365234375
(13902544896, 23710007296)
Train Epoch: 40 [22500/33236 (68%)], loss_tgt 1870.040283203125
(13902544896, 23710007296)
Train Epoch: 40 [23000/33236 (69%)], loss_tgt 1587.412353515625
(13902544896, 23710007296)
Train Epoch: 40 [23500/33236 (71%)], loss_tgt 1301.2034912109375
(13902544896, 23710007296)
Train Epoch: 40 [24000/33236 (72%)], loss_tgt 1660.126708984375
(13902544896, 23710007296)
Train Epoch: 40 [24500/33236 (74%)], loss_tgt 1716.9052734375
(13902544896, 23710007296)
Train Epoch: 40 [25000/33236 (75%)], loss_tgt 1713.7158203125
(13902544896, 23710007296)
Train Epoch: 40 [25500/33236 (77%)], loss_tgt 1621.928466796875
(13902544896, 23710007296)
Train Epoch: 40 [26000/33236 (78%)], loss_tgt 1534.0740966796875
(13902544896, 23710007296)
Train Epoch: 40 [26500/33236 (80%)], loss_tgt 1478.9339599609375
(13902544896, 23710007296)
Train Epoch: 40 [27000/33236 (81%)], loss_tgt 1529.62109375
(13902544896, 23710007296)
Train Epoch: 40 [27500/33236 (83%)], loss_tgt 1432.918212890625
(13902544896, 23710007296)
Train Epoch: 40 [28000/33236 (84%)], loss_tgt 1592.350341796875
(13902544896, 23710007296)
Train Epoch: 40 [28500/33236 (86%)], loss_tgt 932.3052978515625
(13902544896, 23710007296)
Train Epoch: 40 [29000/33236 (87%)], loss_tgt 1764.66064453125
(13902544896, 23710007296)
Train Epoch: 40 [29500/33236 (89%)], loss_tgt 1622.836181640625
(13902544896, 23710007296)
Train Epoch: 40 [30000/33236 (90%)], loss_tgt 1660.058349609375
(13902544896, 23710007296)
Train Epoch: 40 [30500/33236 (92%)], loss_tgt 1708.953369140625
(13902544896, 23710007296)
Train Epoch: 40 [31000/33236 (93%)], loss_tgt 1693.530517578125
(13902544896, 23710007296)
Train Epoch: 40 [31500/33236 (95%)], loss_tgt 1774.857177734375
(13902544896, 23710007296)
Train Epoch: 40 [32000/33236 (96%)], loss_tgt 1732.89208984375
(13902544896, 23710007296)
Train Epoch: 40 [32500/33236 (98%)], loss_tgt 1599.19873046875
(13902544896, 23710007296)
Train Epoch: 40 [33000/33236 (99%)], loss_tgt 1591.3475341796875
----------------------------------------Epoch: 41----------------------------------------
(13902544896, 23710007296)
Train Epoch: 41 [0/33236 (0%)], loss_tgt 1293.910400390625
(13902544896, 23710007296)
Train Epoch: 41 [500/33236 (2%)], loss_tgt 1781.872802734375
(13902544896, 23710007296)
Train Epoch: 41 [1000/33236 (3%)], loss_tgt 1652.810546875
(13902544896, 23710007296)
Train Epoch: 41 [1500/33236 (5%)], loss_tgt 1326.792236328125
(13902544896, 23710007296)
Train Epoch: 41 [2000/33236 (6%)], loss_tgt 1573.026123046875
(13902544896, 23710007296)
Train Epoch: 41 [2500/33236 (8%)], loss_tgt 1612.700439453125
(13902544896, 23710007296)
Train Epoch: 41 [3000/33236 (9%)], loss_tgt 1379.121826171875
(13902544896, 23710007296)
Train Epoch: 41 [3500/33236 (11%)], loss_tgt 1551.1724853515625
(13902544896, 23710007296)
Train Epoch: 41 [4000/33236 (12%)], loss_tgt 1322.041748046875
(13902544896, 23710007296)
Train Epoch: 41 [4500/33236 (14%)], loss_tgt 1477.369140625
(13902544896, 23710007296)
Train Epoch: 41 [5000/33236 (15%)], loss_tgt 1193.8160400390625
(13902544896, 23710007296)
Train Epoch: 41 [5500/33236 (17%)], loss_tgt 1673.904541015625
(13902544896, 23710007296)
Train Epoch: 41 [6000/33236 (18%)], loss_tgt 1717.14013671875
(13902544896, 23710007296)
Train Epoch: 41 [6500/33236 (20%)], loss_tgt 1313.01953125
(13902544896, 23710007296)
Train Epoch: 41 [7000/33236 (21%)], loss_tgt 1597.58984375
(13902544896, 23710007296)
Train Epoch: 41 [7500/33236 (23%)], loss_tgt 1378.079345703125
(13902544896, 23710007296)
Train Epoch: 41 [8000/33236 (24%)], loss_tgt 1534.681396484375
(13902544896, 23710007296)
Train Epoch: 41 [8500/33236 (26%)], loss_tgt 1474.6226806640625
(13902544896, 23710007296)
Train Epoch: 41 [9000/33236 (27%)], loss_tgt 1616.001953125
(13902544896, 23710007296)
Train Epoch: 41 [9500/33236 (29%)], loss_tgt 1452.013916015625
(13902544896, 23710007296)
Train Epoch: 41 [10000/33236 (30%)], loss_tgt 1197.6273193359375
(13902544896, 23710007296)
Train Epoch: 41 [10500/33236 (32%)], loss_tgt 1417.7283935546875
(13902544896, 23710007296)
Train Epoch: 41 [11000/33236 (33%)], loss_tgt 1755.29541015625
(13902544896, 23710007296)
Train Epoch: 41 [11500/33236 (35%)], loss_tgt 1471.7750244140625
(13902544896, 23710007296)
Train Epoch: 41 [12000/33236 (36%)], loss_tgt 1238.3223876953125
(13902544896, 23710007296)
Train Epoch: 41 [12500/33236 (38%)], loss_tgt 1406.8858642578125
(13902544896, 23710007296)
Train Epoch: 41 [13000/33236 (39%)], loss_tgt 1739.564697265625
(13902544896, 23710007296)
Train Epoch: 41 [13500/33236 (41%)], loss_tgt 1349.19580078125
(13902544896, 23710007296)
Train Epoch: 41 [14000/33236 (42%)], loss_tgt 1792.341064453125
(13902544896, 23710007296)
Train Epoch: 41 [14500/33236 (44%)], loss_tgt 1271.7181396484375
(13902544896, 23710007296)
Train Epoch: 41 [15000/33236 (45%)], loss_tgt 1549.707275390625
(13902544896, 23710007296)
Train Epoch: 41 [15500/33236 (47%)], loss_tgt 1581.6475830078125
(13902544896, 23710007296)
Train Epoch: 41 [16000/33236 (48%)], loss_tgt 1226.5029296875
(13902544896, 23710007296)
Train Epoch: 41 [16500/33236 (50%)], loss_tgt 1715.98583984375
(13902544896, 23710007296)
Train Epoch: 41 [17000/33236 (51%)], loss_tgt 1390.03515625
(13902544896, 23710007296)
Train Epoch: 41 [17500/33236 (53%)], loss_tgt 1578.7373046875
(13902544896, 23710007296)
Train Epoch: 41 [18000/33236 (54%)], loss_tgt 1271.8555908203125
(13902544896, 23710007296)
Train Epoch: 41 [18500/33236 (56%)], loss_tgt 1538.2303466796875
(13902544896, 23710007296)
Train Epoch: 41 [19000/33236 (57%)], loss_tgt 1509.5994873046875
(13902544896, 23710007296)
Train Epoch: 41 [19500/33236 (59%)], loss_tgt 1757.3148193359375
(13902544896, 23710007296)
Train Epoch: 41 [20000/33236 (60%)], loss_tgt 1756.546630859375
(13902544896, 23710007296)
Train Epoch: 41 [20500/33236 (62%)], loss_tgt 1737.5908203125
(13902544896, 23710007296)
Train Epoch: 41 [21000/33236 (63%)], loss_tgt 1489.6026611328125
(13902544896, 23710007296)
Train Epoch: 41 [21500/33236 (65%)], loss_tgt 1740.90234375
(13902544896, 23710007296)
Train Epoch: 41 [22000/33236 (66%)], loss_tgt 1741.6583251953125
(13902544896, 23710007296)
Train Epoch: 41 [22500/33236 (68%)], loss_tgt 1536.446044921875
(13902544896, 23710007296)
Train Epoch: 41 [23000/33236 (69%)], loss_tgt 1427.66796875
(13902544896, 23710007296)
Train Epoch: 41 [23500/33236 (71%)], loss_tgt 1444.580322265625
(13902544896, 23710007296)
Train Epoch: 41 [24000/33236 (72%)], loss_tgt 1463.7042236328125
(13902544896, 23710007296)
Train Epoch: 41 [24500/33236 (74%)], loss_tgt 1136.8367919921875
(13902544896, 23710007296)
Train Epoch: 41 [25000/33236 (75%)], loss_tgt 1309.6304931640625
(13902544896, 23710007296)
Train Epoch: 41 [25500/33236 (77%)], loss_tgt 1608.46142578125
(13902544896, 23710007296)
Train Epoch: 41 [26000/33236 (78%)], loss_tgt 1798.4896240234375
(13902544896, 23710007296)
Train Epoch: 41 [26500/33236 (80%)], loss_tgt 1699.14990234375
(13902544896, 23710007296)
Train Epoch: 41 [27000/33236 (81%)], loss_tgt 1269.906005859375
(13902544896, 23710007296)
Train Epoch: 41 [27500/33236 (83%)], loss_tgt 1445.43115234375
(13902544896, 23710007296)
Train Epoch: 41 [28000/33236 (84%)], loss_tgt 1601.1524658203125
(13902544896, 23710007296)
Train Epoch: 41 [28500/33236 (86%)], loss_tgt 1549.333251953125
(13902544896, 23710007296)
Train Epoch: 41 [29000/33236 (87%)], loss_tgt 1743.2459716796875
(13902544896, 23710007296)
Train Epoch: 41 [29500/33236 (89%)], loss_tgt 1412.45361328125
(13902544896, 23710007296)
Train Epoch: 41 [30000/33236 (90%)], loss_tgt 874.7435302734375
(13902544896, 23710007296)
Train Epoch: 41 [30500/33236 (92%)], loss_tgt 1570.6522216796875
(13902544896, 23710007296)
Train Epoch: 41 [31000/33236 (93%)], loss_tgt 1774.3798828125
(13902544896, 23710007296)
Train Epoch: 41 [31500/33236 (95%)], loss_tgt 1607.931884765625
(13902544896, 23710007296)
Train Epoch: 41 [32000/33236 (96%)], loss_tgt 1728.0908203125
(13902544896, 23710007296)
Train Epoch: 41 [32500/33236 (98%)], loss_tgt 1801.630615234375
(13902544896, 23710007296)
Train Epoch: 41 [33000/33236 (99%)], loss_tgt 1308.441650390625
----------------------------------------Epoch: 42----------------------------------------
(13902544896, 23710007296)
Train Epoch: 42 [0/33236 (0%)], loss_tgt 1517.22705078125
(13902544896, 23710007296)
Train Epoch: 42 [500/33236 (2%)], loss_tgt 1278.3984375
(13902544896, 23710007296)
Train Epoch: 42 [1000/33236 (3%)], loss_tgt 1613.605224609375
(13902544896, 23710007296)
Train Epoch: 42 [1500/33236 (5%)], loss_tgt 1516.968994140625
(13902544896, 23710007296)
Train Epoch: 42 [2000/33236 (6%)], loss_tgt 1009.1707763671875
(13902544896, 23710007296)
Train Epoch: 42 [2500/33236 (8%)], loss_tgt 889.81298828125
(13902544896, 23710007296)
Train Epoch: 42 [3000/33236 (9%)], loss_tgt 1770.015625
(13902544896, 23710007296)
Train Epoch: 42 [3500/33236 (11%)], loss_tgt 1584.6146240234375
(13902544896, 23710007296)
Train Epoch: 42 [4000/33236 (12%)], loss_tgt 1676.6396484375
(13902544896, 23710007296)
Train Epoch: 42 [4500/33236 (14%)], loss_tgt 1449.9783935546875
(13902544896, 23710007296)
Train Epoch: 42 [5000/33236 (15%)], loss_tgt 1779.6085205078125
(13902544896, 23710007296)
Train Epoch: 42 [5500/33236 (17%)], loss_tgt 1418.0799560546875
(13902544896, 23710007296)
Train Epoch: 42 [6000/33236 (18%)], loss_tgt 1257.4481201171875
(13902544896, 23710007296)
Train Epoch: 42 [6500/33236 (20%)], loss_tgt 1234.2088623046875
(13902544896, 23710007296)
Train Epoch: 42 [7000/33236 (21%)], loss_tgt 1336.9871826171875
(13902544896, 23710007296)
Train Epoch: 42 [7500/33236 (23%)], loss_tgt 1767.390380859375
(13902544896, 23710007296)
Train Epoch: 42 [8000/33236 (24%)], loss_tgt 1445.343505859375
(13902544896, 23710007296)
Train Epoch: 42 [8500/33236 (26%)], loss_tgt 1475.673828125
(13902544896, 23710007296)
Train Epoch: 42 [9000/33236 (27%)], loss_tgt 1558.283935546875
(13902544896, 23710007296)
Train Epoch: 42 [9500/33236 (29%)], loss_tgt 1757.787109375
(13902544896, 23710007296)
Train Epoch: 42 [10000/33236 (30%)], loss_tgt 1448.9134521484375
(13902544896, 23710007296)
Train Epoch: 42 [10500/33236 (32%)], loss_tgt 1273.0245361328125
(13902544896, 23710007296)
Train Epoch: 42 [11000/33236 (33%)], loss_tgt 1756.6162109375
(13902544896, 23710007296)
Train Epoch: 42 [11500/33236 (35%)], loss_tgt 1045.47900390625
(13902544896, 23710007296)
Train Epoch: 42 [12000/33236 (36%)], loss_tgt 1493.922607421875
(13902544896, 23710007296)
Train Epoch: 42 [12500/33236 (38%)], loss_tgt 1316.581787109375
(13902544896, 23710007296)
Train Epoch: 42 [13000/33236 (39%)], loss_tgt 1636.105224609375
(13902544896, 23710007296)
Train Epoch: 42 [13500/33236 (41%)], loss_tgt 1388.0369873046875
(13902544896, 23710007296)
Train Epoch: 42 [14000/33236 (42%)], loss_tgt 1087.6905517578125
(13902544896, 23710007296)
Train Epoch: 42 [14500/33236 (44%)], loss_tgt 1801.938720703125
(13902544896, 23710007296)
Train Epoch: 42 [15000/33236 (45%)], loss_tgt 1226.1156005859375
(13902544896, 23710007296)
Train Epoch: 42 [15500/33236 (47%)], loss_tgt 1550.706298828125
(13902544896, 23710007296)
Train Epoch: 42 [16000/33236 (48%)], loss_tgt 1398.24072265625
(13902544896, 23710007296)
Train Epoch: 42 [16500/33236 (50%)], loss_tgt 1484.124755859375
(13902544896, 23710007296)
Train Epoch: 42 [17000/33236 (51%)], loss_tgt 1323.9091796875
(13902544896, 23710007296)
Train Epoch: 42 [17500/33236 (53%)], loss_tgt 1803.377197265625
(13902544896, 23710007296)
Train Epoch: 42 [18000/33236 (54%)], loss_tgt 1677.97998046875
(13902544896, 23710007296)
Train Epoch: 42 [18500/33236 (56%)], loss_tgt 1626.009765625
(13902544896, 23710007296)
Train Epoch: 42 [19000/33236 (57%)], loss_tgt 1611.54541015625
(13902544896, 23710007296)
Train Epoch: 42 [19500/33236 (59%)], loss_tgt 1537.67431640625
(13902544896, 23710007296)
Train Epoch: 42 [20000/33236 (60%)], loss_tgt 1622.3548583984375
(13902544896, 23710007296)
Train Epoch: 42 [20500/33236 (62%)], loss_tgt 1456.00830078125
(13902544896, 23710007296)
Train Epoch: 42 [21000/33236 (63%)], loss_tgt 1804.2193603515625
(13902544896, 23710007296)
Train Epoch: 42 [21500/33236 (65%)], loss_tgt 1543.4718017578125
(13902544896, 23710007296)
Train Epoch: 42 [22000/33236 (66%)], loss_tgt 1325.25927734375
(13902544896, 23710007296)
Train Epoch: 42 [22500/33236 (68%)], loss_tgt 1698.2833251953125
(13902544896, 23710007296)
Train Epoch: 42 [23000/33236 (69%)], loss_tgt 1210.364990234375
(13902544896, 23710007296)
Train Epoch: 42 [23500/33236 (71%)], loss_tgt 1774.10302734375
(13902544896, 23710007296)
Train Epoch: 42 [24000/33236 (72%)], loss_tgt 1536.7933349609375
(13902544896, 23710007296)
Train Epoch: 42 [24500/33236 (74%)], loss_tgt 1541.43017578125
(13902544896, 23710007296)
Train Epoch: 42 [25000/33236 (75%)], loss_tgt 1322.218505859375
(13902544896, 23710007296)
Train Epoch: 42 [25500/33236 (77%)], loss_tgt 1778.8919677734375
(13902544896, 23710007296)
Train Epoch: 42 [26000/33236 (78%)], loss_tgt 1820.0615234375
(13902544896, 23710007296)
Train Epoch: 42 [26500/33236 (80%)], loss_tgt 1703.3359375
(13902544896, 23710007296)
Train Epoch: 42 [27000/33236 (81%)], loss_tgt 1549.2379150390625
(13902544896, 23710007296)
Train Epoch: 42 [27500/33236 (83%)], loss_tgt 1854.720947265625
(13902544896, 23710007296)
Train Epoch: 42 [28000/33236 (84%)], loss_tgt 1639.18017578125
(13902544896, 23710007296)
Train Epoch: 42 [28500/33236 (86%)], loss_tgt 1525.021728515625
(13902544896, 23710007296)
Train Epoch: 42 [29000/33236 (87%)], loss_tgt 1778.342041015625
(13902544896, 23710007296)
Train Epoch: 42 [29500/33236 (89%)], loss_tgt 1760.055419921875
(13902544896, 23710007296)
Train Epoch: 42 [30000/33236 (90%)], loss_tgt 1552.915771484375
(13902544896, 23710007296)
Train Epoch: 42 [30500/33236 (92%)], loss_tgt 1597.9609375
(13902544896, 23710007296)
Train Epoch: 42 [31000/33236 (93%)], loss_tgt 1849.52587890625
(13902544896, 23710007296)
Train Epoch: 42 [31500/33236 (95%)], loss_tgt 1764.8455810546875
(13902544896, 23710007296)
Train Epoch: 42 [32000/33236 (96%)], loss_tgt 1546.1495361328125
(13902544896, 23710007296)
Train Epoch: 42 [32500/33236 (98%)], loss_tgt 1575.6107177734375
(13902544896, 23710007296)
Train Epoch: 42 [33000/33236 (99%)], loss_tgt 1730.65869140625
----------------------------------------Epoch: 43----------------------------------------
(13902544896, 23710007296)
Train Epoch: 43 [0/33236 (0%)], loss_tgt 1610.015380859375
(13902544896, 23710007296)
Train Epoch: 43 [500/33236 (2%)], loss_tgt 1412.15234375
(13902544896, 23710007296)
Train Epoch: 43 [1000/33236 (3%)], loss_tgt 1541.1986083984375
(13902544896, 23710007296)
Train Epoch: 43 [1500/33236 (5%)], loss_tgt 1777.74072265625
(13902544896, 23710007296)
Train Epoch: 43 [2000/33236 (6%)], loss_tgt 1697.54931640625
(13902544896, 23710007296)
Train Epoch: 43 [2500/33236 (8%)], loss_tgt 1755.09033203125
(13902544896, 23710007296)
Train Epoch: 43 [3000/33236 (9%)], loss_tgt 1251.1478271484375
(13902544896, 23710007296)
Train Epoch: 43 [3500/33236 (11%)], loss_tgt 1720.5789794921875
(13902544896, 23710007296)
Train Epoch: 43 [4000/33236 (12%)], loss_tgt 1830.9420166015625
(13902544896, 23710007296)
Train Epoch: 43 [4500/33236 (14%)], loss_tgt 1575.4017333984375
(13902544896, 23710007296)
Train Epoch: 43 [5000/33236 (15%)], loss_tgt 1796.52880859375
(13902544896, 23710007296)
Train Epoch: 43 [5500/33236 (17%)], loss_tgt 1700.104736328125
(13902544896, 23710007296)
Train Epoch: 43 [6000/33236 (18%)], loss_tgt 872.91455078125
(13902544896, 23710007296)
Train Epoch: 43 [6500/33236 (20%)], loss_tgt 1452.2886962890625
(13902544896, 23710007296)
Train Epoch: 43 [7000/33236 (21%)], loss_tgt 1688.0400390625
(13902544896, 23710007296)
Train Epoch: 43 [7500/33236 (23%)], loss_tgt 1386.5966796875
(13902544896, 23710007296)
Train Epoch: 43 [8000/33236 (24%)], loss_tgt 1619.620361328125
(13902544896, 23710007296)
Train Epoch: 43 [8500/33236 (26%)], loss_tgt 1834.513671875
(13902544896, 23710007296)
Train Epoch: 43 [9000/33236 (27%)], loss_tgt 1497.8564453125
(13902544896, 23710007296)
Train Epoch: 43 [9500/33236 (29%)], loss_tgt 1412.6417236328125
(13902544896, 23710007296)
Train Epoch: 43 [10000/33236 (30%)], loss_tgt 1516.951904296875
(13902544896, 23710007296)
Train Epoch: 43 [10500/33236 (32%)], loss_tgt 1007.5634765625
(13902544896, 23710007296)
Train Epoch: 43 [11000/33236 (33%)], loss_tgt 1452.246826171875
(13902544896, 23710007296)
Train Epoch: 43 [11500/33236 (35%)], loss_tgt 1317.0206298828125
(13902544896, 23710007296)
Train Epoch: 43 [12000/33236 (36%)], loss_tgt 1669.919189453125
(13902544896, 23710007296)
Train Epoch: 43 [12500/33236 (38%)], loss_tgt 1728.816650390625
(13902544896, 23710007296)
Train Epoch: 43 [13000/33236 (39%)], loss_tgt 1496.4263916015625
(13902544896, 23710007296)
Train Epoch: 43 [13500/33236 (41%)], loss_tgt 1524.1212158203125
(13902544896, 23710007296)
Train Epoch: 43 [14000/33236 (42%)], loss_tgt 1463.859619140625
(13902544896, 23710007296)
Train Epoch: 43 [14500/33236 (44%)], loss_tgt 1762.4481201171875
(13902544896, 23710007296)
Train Epoch: 43 [15000/33236 (45%)], loss_tgt 1348.0875244140625
(13902544896, 23710007296)
Train Epoch: 43 [15500/33236 (47%)], loss_tgt 1545.6075439453125
(13902544896, 23710007296)
Train Epoch: 43 [16000/33236 (48%)], loss_tgt 1294.6640625
(13902544896, 23710007296)
Train Epoch: 43 [16500/33236 (50%)], loss_tgt 762.0126342773438
(13902544896, 23710007296)
Train Epoch: 43 [17000/33236 (51%)], loss_tgt 1743.891845703125
(13902544896, 23710007296)
Train Epoch: 43 [17500/33236 (53%)], loss_tgt 1623.348388671875
(13902544896, 23710007296)
Train Epoch: 43 [18000/33236 (54%)], loss_tgt 1584.9141845703125
(13902544896, 23710007296)
Train Epoch: 43 [18500/33236 (56%)], loss_tgt 1762.722412109375
(13902544896, 23710007296)
Train Epoch: 43 [19000/33236 (57%)], loss_tgt 1334.47216796875
(13902544896, 23710007296)
Train Epoch: 43 [19500/33236 (59%)], loss_tgt 1314.0765380859375
(13902544896, 23710007296)
Train Epoch: 43 [20000/33236 (60%)], loss_tgt 1486.650634765625
(13902544896, 23710007296)
Train Epoch: 43 [20500/33236 (62%)], loss_tgt 1181.8568115234375
(13902544896, 23710007296)
Train Epoch: 43 [21000/33236 (63%)], loss_tgt 1066.3668212890625
(13902544896, 23710007296)
Train Epoch: 43 [21500/33236 (65%)], loss_tgt 1430.264892578125
(13902544896, 23710007296)
Train Epoch: 43 [22000/33236 (66%)], loss_tgt 1438.0123291015625
(13902544896, 23710007296)
Train Epoch: 43 [22500/33236 (68%)], loss_tgt 1538.3040771484375
(13902544896, 23710007296)
Train Epoch: 43 [23000/33236 (69%)], loss_tgt 1710.07763671875
(13902544896, 23710007296)
Train Epoch: 43 [23500/33236 (71%)], loss_tgt 1131.3563232421875
(13902544896, 23710007296)
Train Epoch: 43 [24000/33236 (72%)], loss_tgt 1462.2340087890625
(13902544896, 23710007296)
Train Epoch: 43 [24500/33236 (74%)], loss_tgt 1534.3955078125
(13902544896, 23710007296)
Train Epoch: 43 [25000/33236 (75%)], loss_tgt 1777.088134765625
(13902544896, 23710007296)
Train Epoch: 43 [25500/33236 (77%)], loss_tgt 1352.6842041015625
(13902544896, 23710007296)
Train Epoch: 43 [26000/33236 (78%)], loss_tgt 1704.189208984375
(13902544896, 23710007296)
Train Epoch: 43 [26500/33236 (80%)], loss_tgt 1741.80615234375
(13902544896, 23710007296)
Train Epoch: 43 [27000/33236 (81%)], loss_tgt 1559.726806640625
(13902544896, 23710007296)
Train Epoch: 43 [27500/33236 (83%)], loss_tgt 1160.078857421875
(13902544896, 23710007296)
Train Epoch: 43 [28000/33236 (84%)], loss_tgt 1551.0384521484375
(13902544896, 23710007296)
Train Epoch: 43 [28500/33236 (86%)], loss_tgt 1581.4149169921875
(13902544896, 23710007296)
Train Epoch: 43 [29000/33236 (87%)], loss_tgt 1637.952880859375
(13902544896, 23710007296)
Train Epoch: 43 [29500/33236 (89%)], loss_tgt 1808.1593017578125
(13902544896, 23710007296)
Train Epoch: 43 [30000/33236 (90%)], loss_tgt 1392.3931884765625
(13902544896, 23710007296)
Train Epoch: 43 [30500/33236 (92%)], loss_tgt 1272.9425048828125
(13902544896, 23710007296)
Train Epoch: 43 [31000/33236 (93%)], loss_tgt 1573.5556640625
(13902544896, 23710007296)
Train Epoch: 43 [31500/33236 (95%)], loss_tgt 1545.5201416015625
(13902544896, 23710007296)
Train Epoch: 43 [32000/33236 (96%)], loss_tgt 1395.7230224609375
(13902544896, 23710007296)
Train Epoch: 43 [32500/33236 (98%)], loss_tgt 1737.89013671875
(13902544896, 23710007296)
Train Epoch: 43 [33000/33236 (99%)], loss_tgt 1487.710205078125
----------------------------------------Epoch: 44----------------------------------------
(13902544896, 23710007296)
Train Epoch: 44 [0/33236 (0%)], loss_tgt 1799.809814453125
(13902544896, 23710007296)
Train Epoch: 44 [500/33236 (2%)], loss_tgt 1810.2711181640625
(13902544896, 23710007296)
Train Epoch: 44 [1000/33236 (3%)], loss_tgt 1365.7208251953125
(13902544896, 23710007296)
Train Epoch: 44 [1500/33236 (5%)], loss_tgt 1470.6563720703125
(13902544896, 23710007296)
Train Epoch: 44 [2000/33236 (6%)], loss_tgt 1364.29931640625
(13902544896, 23710007296)
Train Epoch: 44 [2500/33236 (8%)], loss_tgt 1586.909423828125
(13902544896, 23710007296)
Train Epoch: 44 [3000/33236 (9%)], loss_tgt 1629.865478515625
(13902544896, 23710007296)
Train Epoch: 44 [3500/33236 (11%)], loss_tgt 1736.09765625
(13902544896, 23710007296)
Train Epoch: 44 [4000/33236 (12%)], loss_tgt 1593.864990234375
(13902544896, 23710007296)
Train Epoch: 44 [4500/33236 (14%)], loss_tgt 1132.643310546875
(13902544896, 23710007296)
Train Epoch: 44 [5000/33236 (15%)], loss_tgt 1549.758544921875
(13902544896, 23710007296)
Train Epoch: 44 [5500/33236 (17%)], loss_tgt 1377.082763671875
(13902544896, 23710007296)
Train Epoch: 44 [6000/33236 (18%)], loss_tgt 1573.9427490234375
(13902544896, 23710007296)
Train Epoch: 44 [6500/33236 (20%)], loss_tgt 1526.8455810546875
(13902544896, 23710007296)
Train Epoch: 44 [7000/33236 (21%)], loss_tgt 1465.998291015625
(13902544896, 23710007296)
Train Epoch: 44 [7500/33236 (23%)], loss_tgt 1414.266845703125
(13902544896, 23710007296)
Train Epoch: 44 [8000/33236 (24%)], loss_tgt 1557.69970703125
(13902544896, 23710007296)
Train Epoch: 44 [8500/33236 (26%)], loss_tgt 1725.50537109375
(13902544896, 23710007296)
Train Epoch: 44 [9000/33236 (27%)], loss_tgt 1799.340576171875
(13902544896, 23710007296)
Train Epoch: 44 [9500/33236 (29%)], loss_tgt 1741.1494140625
(13902544896, 23710007296)
Train Epoch: 44 [10000/33236 (30%)], loss_tgt 1412.5537109375
(13902544896, 23710007296)
Train Epoch: 44 [10500/33236 (32%)], loss_tgt 1097.9539794921875
(13902544896, 23710007296)
Train Epoch: 44 [11000/33236 (33%)], loss_tgt 1072.962890625
(13902544896, 23710007296)
Train Epoch: 44 [11500/33236 (35%)], loss_tgt 1089.7506103515625
(13902544896, 23710007296)
Train Epoch: 44 [12000/33236 (36%)], loss_tgt 1832.279296875
(13902544896, 23710007296)
Train Epoch: 44 [12500/33236 (38%)], loss_tgt 1472.9615478515625
(13902544896, 23710007296)
Train Epoch: 44 [13000/33236 (39%)], loss_tgt 1255.900390625
(13902544896, 23710007296)
Train Epoch: 44 [13500/33236 (41%)], loss_tgt 1612.221435546875
(13902544896, 23710007296)
Train Epoch: 44 [14000/33236 (42%)], loss_tgt 1730.216064453125
(13902544896, 23710007296)
Train Epoch: 44 [14500/33236 (44%)], loss_tgt 1511.791748046875
(13902544896, 23710007296)
Train Epoch: 44 [15000/33236 (45%)], loss_tgt 1684.581787109375
(13902544896, 23710007296)
Train Epoch: 44 [15500/33236 (47%)], loss_tgt 1676.9381103515625
(13902544896, 23710007296)
Train Epoch: 44 [16000/33236 (48%)], loss_tgt 1483.6962890625
(13902544896, 23710007296)
Train Epoch: 44 [16500/33236 (50%)], loss_tgt 1610.737060546875
(13902544896, 23710007296)
Train Epoch: 44 [17000/33236 (51%)], loss_tgt 1510.979248046875
(13902544896, 23710007296)
Train Epoch: 44 [17500/33236 (53%)], loss_tgt 1358.510498046875
(13902544896, 23710007296)
Train Epoch: 44 [18000/33236 (54%)], loss_tgt 1491.529296875
(13902544896, 23710007296)
Train Epoch: 44 [18500/33236 (56%)], loss_tgt 1753.881103515625
(13902544896, 23710007296)
Train Epoch: 44 [19000/33236 (57%)], loss_tgt 1526.79150390625
(13902544896, 23710007296)
Train Epoch: 44 [19500/33236 (59%)], loss_tgt 1604.3251953125
(13902544896, 23710007296)
Train Epoch: 44 [20000/33236 (60%)], loss_tgt 1716.4617919921875
(13902544896, 23710007296)
Train Epoch: 44 [20500/33236 (62%)], loss_tgt 1251.5523681640625
(13902544896, 23710007296)
Train Epoch: 44 [21000/33236 (63%)], loss_tgt 1530.6497802734375
(13902544896, 23710007296)
Train Epoch: 44 [21500/33236 (65%)], loss_tgt 1553.342041015625
(13902544896, 23710007296)
Train Epoch: 44 [22000/33236 (66%)], loss_tgt 1415.906005859375
(13902544896, 23710007296)
Train Epoch: 44 [22500/33236 (68%)], loss_tgt 1467.39501953125
(13902544896, 23710007296)
Train Epoch: 44 [23000/33236 (69%)], loss_tgt 1218.927978515625
(13902544896, 23710007296)
Train Epoch: 44 [23500/33236 (71%)], loss_tgt 1571.1893310546875
(13902544896, 23710007296)
Train Epoch: 44 [24000/33236 (72%)], loss_tgt 1560.19677734375
(13902544896, 23710007296)
Train Epoch: 44 [24500/33236 (74%)], loss_tgt 1528.852783203125
(13902544896, 23710007296)
Train Epoch: 44 [25000/33236 (75%)], loss_tgt 1321.5625
(13902544896, 23710007296)
Train Epoch: 44 [25500/33236 (77%)], loss_tgt 1127.397705078125
(13902544896, 23710007296)
Train Epoch: 44 [26000/33236 (78%)], loss_tgt 1610.817138671875
(13902544896, 23710007296)
Train Epoch: 44 [26500/33236 (80%)], loss_tgt 1243.564208984375
(13902544896, 23710007296)
Train Epoch: 44 [27000/33236 (81%)], loss_tgt 1476.967041015625
(13902544896, 23710007296)
Train Epoch: 44 [27500/33236 (83%)], loss_tgt 1561.8951416015625
(13902544896, 23710007296)
Train Epoch: 44 [28000/33236 (84%)], loss_tgt 1555.8896484375
(13902544896, 23710007296)
Train Epoch: 44 [28500/33236 (86%)], loss_tgt 1756.612060546875
(13902544896, 23710007296)
Train Epoch: 44 [29000/33236 (87%)], loss_tgt 1562.4892578125
(13902544896, 23710007296)
Train Epoch: 44 [29500/33236 (89%)], loss_tgt 1753.08544921875
(13902544896, 23710007296)
Train Epoch: 44 [30000/33236 (90%)], loss_tgt 1783.3377685546875
(13902544896, 23710007296)
Train Epoch: 44 [30500/33236 (92%)], loss_tgt 1494.280517578125
(13902544896, 23710007296)
Train Epoch: 44 [31000/33236 (93%)], loss_tgt 1666.442138671875
(13902544896, 23710007296)
Train Epoch: 44 [31500/33236 (95%)], loss_tgt 1850.73681640625
(13902544896, 23710007296)
Train Epoch: 44 [32000/33236 (96%)], loss_tgt 1709.835205078125
(13902544896, 23710007296)
Train Epoch: 44 [32500/33236 (98%)], loss_tgt 1528.94677734375
(13902544896, 23710007296)
Train Epoch: 44 [33000/33236 (99%)], loss_tgt 1786.168212890625
----------------------------------------Epoch: 45----------------------------------------
(13902544896, 23710007296)
Train Epoch: 45 [0/33236 (0%)], loss_tgt 1349.93408203125
(13902544896, 23710007296)
Train Epoch: 45 [500/33236 (2%)], loss_tgt 1562.10888671875
(13902544896, 23710007296)
Train Epoch: 45 [1000/33236 (3%)], loss_tgt 1686.459716796875
(13902544896, 23710007296)
Train Epoch: 45 [1500/33236 (5%)], loss_tgt 1621.068359375
(13902544896, 23710007296)
Train Epoch: 45 [2000/33236 (6%)], loss_tgt 1300.489013671875
(13902544896, 23710007296)
Train Epoch: 45 [2500/33236 (8%)], loss_tgt 1542.908935546875
(13902544896, 23710007296)
Train Epoch: 45 [3000/33236 (9%)], loss_tgt 1609.1788330078125
(13902544896, 23710007296)
Train Epoch: 45 [3500/33236 (11%)], loss_tgt 1192.230224609375
(13902544896, 23710007296)
Train Epoch: 45 [4000/33236 (12%)], loss_tgt 1386.3570556640625
(13902544896, 23710007296)
Train Epoch: 45 [4500/33236 (14%)], loss_tgt 1640.203125
(13902544896, 23710007296)
Train Epoch: 45 [5000/33236 (15%)], loss_tgt 1524.4990234375
(13902544896, 23710007296)
Train Epoch: 45 [5500/33236 (17%)], loss_tgt 1431.609130859375
(13902544896, 23710007296)
Train Epoch: 45 [6000/33236 (18%)], loss_tgt 1779.12841796875
(13902544896, 23710007296)
Train Epoch: 45 [6500/33236 (20%)], loss_tgt 1709.537109375
(13902544896, 23710007296)
Train Epoch: 45 [7000/33236 (21%)], loss_tgt 1465.748779296875
(13902544896, 23710007296)
Train Epoch: 45 [7500/33236 (23%)], loss_tgt 1873.963134765625
(13902544896, 23710007296)
Train Epoch: 45 [8000/33236 (24%)], loss_tgt 1743.984375
(13902544896, 23710007296)
Train Epoch: 45 [8500/33236 (26%)], loss_tgt 1532.490478515625
(13902544896, 23710007296)
Train Epoch: 45 [9000/33236 (27%)], loss_tgt 1748.7589111328125
(13902544896, 23710007296)
Train Epoch: 45 [9500/33236 (29%)], loss_tgt 1618.3917236328125
(13902544896, 23710007296)
Train Epoch: 45 [10000/33236 (30%)], loss_tgt 1581.169677734375
(13902544896, 23710007296)
Train Epoch: 45 [10500/33236 (32%)], loss_tgt 1549.7452392578125
(13902544896, 23710007296)
Train Epoch: 45 [11000/33236 (33%)], loss_tgt 1791.5260009765625
(13902544896, 23710007296)
Train Epoch: 45 [11500/33236 (35%)], loss_tgt 1664.80615234375
(13902544896, 23710007296)
Train Epoch: 45 [12000/33236 (36%)], loss_tgt 1699.7216796875
(13902544896, 23710007296)
Train Epoch: 45 [12500/33236 (38%)], loss_tgt 1411.72216796875
(13902544896, 23710007296)
Train Epoch: 45 [13000/33236 (39%)], loss_tgt 1745.46728515625
(13902544896, 23710007296)
Train Epoch: 45 [13500/33236 (41%)], loss_tgt 1718.3394775390625
(13902544896, 23710007296)
Train Epoch: 45 [14000/33236 (42%)], loss_tgt 1512.41455078125
(13902544896, 23710007296)
Train Epoch: 45 [14500/33236 (44%)], loss_tgt 1257.267578125
(13902544896, 23710007296)
Train Epoch: 45 [15000/33236 (45%)], loss_tgt 1817.1351318359375
(13902544896, 23710007296)
Train Epoch: 45 [15500/33236 (47%)], loss_tgt 1604.123779296875
(13902544896, 23710007296)
Train Epoch: 45 [16000/33236 (48%)], loss_tgt 1512.333984375
(13902544896, 23710007296)
Train Epoch: 45 [16500/33236 (50%)], loss_tgt 1762.4229736328125
(13902544896, 23710007296)
Train Epoch: 45 [17000/33236 (51%)], loss_tgt 1160.730712890625
(13902544896, 23710007296)
Train Epoch: 45 [17500/33236 (53%)], loss_tgt 1693.310791015625
(13902544896, 23710007296)
Train Epoch: 45 [18000/33236 (54%)], loss_tgt 952.125
(13902544896, 23710007296)
Train Epoch: 45 [18500/33236 (56%)], loss_tgt 1787.22119140625
(13902544896, 23710007296)
Train Epoch: 45 [19000/33236 (57%)], loss_tgt 1134.4832763671875
(13902544896, 23710007296)
Train Epoch: 45 [19500/33236 (59%)], loss_tgt 1104.18994140625
(13902544896, 23710007296)
Train Epoch: 45 [20000/33236 (60%)], loss_tgt 1746.42138671875
(13902544896, 23710007296)
Train Epoch: 45 [20500/33236 (62%)], loss_tgt 1694.171630859375
(13902544896, 23710007296)
Train Epoch: 45 [21000/33236 (63%)], loss_tgt 1585.016845703125
(13902544896, 23710007296)
Train Epoch: 45 [21500/33236 (65%)], loss_tgt 1751.3536376953125
(13902544896, 23710007296)
Train Epoch: 45 [22000/33236 (66%)], loss_tgt 1538.429443359375
(13902544896, 23710007296)
Train Epoch: 45 [22500/33236 (68%)], loss_tgt 1756.003662109375
(13902544896, 23710007296)
Train Epoch: 45 [23000/33236 (69%)], loss_tgt 1454.118408203125
(13902544896, 23710007296)
Train Epoch: 45 [23500/33236 (71%)], loss_tgt 1666.802734375
(13902544896, 23710007296)
Train Epoch: 45 [24000/33236 (72%)], loss_tgt 1574.853759765625
(13902544896, 23710007296)
Train Epoch: 45 [24500/33236 (74%)], loss_tgt 1300.1446533203125
(13902544896, 23710007296)
Train Epoch: 45 [25000/33236 (75%)], loss_tgt 1173.363525390625
(13902544896, 23710007296)
Train Epoch: 45 [25500/33236 (77%)], loss_tgt 1791.4775390625
(13902544896, 23710007296)
Train Epoch: 45 [26000/33236 (78%)], loss_tgt 1722.364013671875
(13902544896, 23710007296)
Train Epoch: 45 [26500/33236 (80%)], loss_tgt 1114.3875732421875
(13902544896, 23710007296)
Train Epoch: 45 [27000/33236 (81%)], loss_tgt 1213.984130859375
(13902544896, 23710007296)
Train Epoch: 45 [27500/33236 (83%)], loss_tgt 1432.7313232421875
(13902544896, 23710007296)
Train Epoch: 45 [28000/33236 (84%)], loss_tgt 1709.694580078125
(13902544896, 23710007296)
Train Epoch: 45 [28500/33236 (86%)], loss_tgt 1103.877685546875
(13902544896, 23710007296)
Train Epoch: 45 [29000/33236 (87%)], loss_tgt 1317.18798828125
(13902544896, 23710007296)
Train Epoch: 45 [29500/33236 (89%)], loss_tgt 1118.0533447265625
(13902544896, 23710007296)
Train Epoch: 45 [30000/33236 (90%)], loss_tgt 1588.38671875
(13902544896, 23710007296)
Train Epoch: 45 [30500/33236 (92%)], loss_tgt 1380.72412109375
(13902544896, 23710007296)
Train Epoch: 45 [31000/33236 (93%)], loss_tgt 1381.9296875
(13902544896, 23710007296)
Train Epoch: 45 [31500/33236 (95%)], loss_tgt 1650.48291015625
(13902544896, 23710007296)
Train Epoch: 45 [32000/33236 (96%)], loss_tgt 1767.499755859375
(13902544896, 23710007296)
Train Epoch: 45 [32500/33236 (98%)], loss_tgt 1742.024169921875
(13902544896, 23710007296)
Train Epoch: 45 [33000/33236 (99%)], loss_tgt 1799.323974609375
----------------------------------------Epoch: 46----------------------------------------
(13902544896, 23710007296)
Train Epoch: 46 [0/33236 (0%)], loss_tgt 1208.9163818359375
(13902544896, 23710007296)
Train Epoch: 46 [500/33236 (2%)], loss_tgt 1576.9554443359375
(13902544896, 23710007296)
Train Epoch: 46 [1000/33236 (3%)], loss_tgt 1578.5130615234375
(13902544896, 23710007296)
Train Epoch: 46 [1500/33236 (5%)], loss_tgt 1798.679931640625
(13902544896, 23710007296)
Train Epoch: 46 [2000/33236 (6%)], loss_tgt 1275.9859619140625
(13902544896, 23710007296)
Train Epoch: 46 [2500/33236 (8%)], loss_tgt 1600.6270751953125
(13902544896, 23710007296)
Train Epoch: 46 [3000/33236 (9%)], loss_tgt 1352.7059326171875
(13902544896, 23710007296)
Train Epoch: 46 [3500/33236 (11%)], loss_tgt 1734.6656494140625
(13902544896, 23710007296)
Train Epoch: 46 [4000/33236 (12%)], loss_tgt 1759.261474609375
(13902544896, 23710007296)
Train Epoch: 46 [4500/33236 (14%)], loss_tgt 1750.6015625
(13902544896, 23710007296)
Train Epoch: 46 [5000/33236 (15%)], loss_tgt 1640.8670654296875
(13902544896, 23710007296)
Train Epoch: 46 [5500/33236 (17%)], loss_tgt 1736.83837890625
(13902544896, 23710007296)
Train Epoch: 46 [6000/33236 (18%)], loss_tgt 1489.656982421875
(13902544896, 23710007296)
Train Epoch: 46 [6500/33236 (20%)], loss_tgt 1513.2518310546875
(13902544896, 23710007296)
Train Epoch: 46 [7000/33236 (21%)], loss_tgt 1745.945556640625
(13902544896, 23710007296)
Train Epoch: 46 [7500/33236 (23%)], loss_tgt 1525.97314453125
(13902544896, 23710007296)
Train Epoch: 46 [8000/33236 (24%)], loss_tgt 1400.065185546875
(13902544896, 23710007296)
Train Epoch: 46 [8500/33236 (26%)], loss_tgt 1207.20458984375
(13902544896, 23710007296)
Train Epoch: 46 [9000/33236 (27%)], loss_tgt 1533.844482421875
(13902544896, 23710007296)
Train Epoch: 46 [9500/33236 (29%)], loss_tgt 1684.567138671875
(13902544896, 23710007296)
Train Epoch: 46 [10000/33236 (30%)], loss_tgt 1796.13330078125
(13902544896, 23710007296)
Train Epoch: 46 [10500/33236 (32%)], loss_tgt 1372.5469970703125
(13902544896, 23710007296)
Train Epoch: 46 [11000/33236 (33%)], loss_tgt 930.5213623046875
(13902544896, 23710007296)
Train Epoch: 46 [11500/33236 (35%)], loss_tgt 1775.2392578125
(13902544896, 23710007296)
Train Epoch: 46 [12000/33236 (36%)], loss_tgt 1268.4339599609375
(13902544896, 23710007296)
Train Epoch: 46 [12500/33236 (38%)], loss_tgt 1761.2288818359375
(13902544896, 23710007296)
Train Epoch: 46 [13000/33236 (39%)], loss_tgt 1373.4765625
(13902544896, 23710007296)
Train Epoch: 46 [13500/33236 (41%)], loss_tgt 1804.2392578125
(13902544896, 23710007296)
Train Epoch: 46 [14000/33236 (42%)], loss_tgt 1704.51953125
(13902544896, 23710007296)
Train Epoch: 46 [14500/33236 (44%)], loss_tgt 1382.0274658203125
(13902544896, 23710007296)
Train Epoch: 46 [15000/33236 (45%)], loss_tgt 1716.242431640625
(13902544896, 23710007296)
Train Epoch: 46 [15500/33236 (47%)], loss_tgt 1481.12939453125
(13902544896, 23710007296)
Train Epoch: 46 [16000/33236 (48%)], loss_tgt 1340.6142578125
(13902544896, 23710007296)
Train Epoch: 46 [16500/33236 (50%)], loss_tgt 1134.601806640625
(13902544896, 23710007296)
Train Epoch: 46 [17000/33236 (51%)], loss_tgt 1590.127685546875
(13902544896, 23710007296)
Train Epoch: 46 [17500/33236 (53%)], loss_tgt 688.7669677734375
(13902544896, 23710007296)
Train Epoch: 46 [18000/33236 (54%)], loss_tgt 1741.26416015625
(13902544896, 23710007296)
Train Epoch: 46 [18500/33236 (56%)], loss_tgt 1822.98828125
(13902544896, 23710007296)
Train Epoch: 46 [19000/33236 (57%)], loss_tgt 1574.6463623046875
(13902544896, 23710007296)
Train Epoch: 46 [19500/33236 (59%)], loss_tgt 1423.745361328125
(13902544896, 23710007296)
Train Epoch: 46 [20000/33236 (60%)], loss_tgt 1816.940185546875
(13902544896, 23710007296)
Train Epoch: 46 [20500/33236 (62%)], loss_tgt 1759.1441650390625
(13902544896, 23710007296)
Train Epoch: 46 [21000/33236 (63%)], loss_tgt 1550.2001953125
(13902544896, 23710007296)
Train Epoch: 46 [21500/33236 (65%)], loss_tgt 1497.0189208984375
(13902544896, 23710007296)
Train Epoch: 46 [22000/33236 (66%)], loss_tgt 1820.8984375
(13902544896, 23710007296)
Train Epoch: 46 [22500/33236 (68%)], loss_tgt 1496.8624267578125
(13902544896, 23710007296)
Train Epoch: 46 [23000/33236 (69%)], loss_tgt 1429.52197265625
(13902544896, 23710007296)
Train Epoch: 46 [23500/33236 (71%)], loss_tgt 1703.2176513671875
(13902544896, 23710007296)
Train Epoch: 46 [24000/33236 (72%)], loss_tgt 1750.20751953125
(13902544896, 23710007296)
Train Epoch: 46 [24500/33236 (74%)], loss_tgt 1249.02880859375
(13902544896, 23710007296)
Train Epoch: 46 [25000/33236 (75%)], loss_tgt 1581.9617919921875
(13902544896, 23710007296)
Train Epoch: 46 [25500/33236 (77%)], loss_tgt 1520.89501953125
(13902544896, 23710007296)
Train Epoch: 46 [26000/33236 (78%)], loss_tgt 1743.341064453125
(13902544896, 23710007296)
Train Epoch: 46 [26500/33236 (80%)], loss_tgt 1373.6788330078125
(13902544896, 23710007296)
Train Epoch: 46 [27000/33236 (81%)], loss_tgt 1790.1922607421875
(13902544896, 23710007296)
Train Epoch: 46 [27500/33236 (83%)], loss_tgt 1503.033935546875
(13902544896, 23710007296)
Train Epoch: 46 [28000/33236 (84%)], loss_tgt 1137.1495361328125
(13902544896, 23710007296)
Train Epoch: 46 [28500/33236 (86%)], loss_tgt 1731.67822265625
(13902544896, 23710007296)
Train Epoch: 46 [29000/33236 (87%)], loss_tgt 1777.12939453125
(13902544896, 23710007296)
Train Epoch: 46 [29500/33236 (89%)], loss_tgt 1666.643310546875
(13902544896, 23710007296)
Train Epoch: 46 [30000/33236 (90%)], loss_tgt 1781.52685546875
(13902544896, 23710007296)
Train Epoch: 46 [30500/33236 (92%)], loss_tgt 1209.111572265625
(13902544896, 23710007296)
Train Epoch: 46 [31000/33236 (93%)], loss_tgt 1387.4521484375
(13902544896, 23710007296)
Train Epoch: 46 [31500/33236 (95%)], loss_tgt 1601.792724609375
(13902544896, 23710007296)
Train Epoch: 46 [32000/33236 (96%)], loss_tgt 1402.081298828125
(13902544896, 23710007296)
Train Epoch: 46 [32500/33236 (98%)], loss_tgt 1494.810546875
(13902544896, 23710007296)
Train Epoch: 46 [33000/33236 (99%)], loss_tgt 1387.931396484375
----------------------------------------Epoch: 47----------------------------------------
(13902544896, 23710007296)
Train Epoch: 47 [0/33236 (0%)], loss_tgt 1782.94287109375
(13902544896, 23710007296)
Train Epoch: 47 [500/33236 (2%)], loss_tgt 1793.6376953125
(13902544896, 23710007296)
Train Epoch: 47 [1000/33236 (3%)], loss_tgt 1814.561767578125
(13902544896, 23710007296)
Train Epoch: 47 [1500/33236 (5%)], loss_tgt 1560.5760498046875
(13902544896, 23710007296)
Train Epoch: 47 [2000/33236 (6%)], loss_tgt 1486.00244140625
(13902544896, 23710007296)
Train Epoch: 47 [2500/33236 (8%)], loss_tgt 1615.048828125
(13902544896, 23710007296)
Train Epoch: 47 [3000/33236 (9%)], loss_tgt 1442.050048828125
(13902544896, 23710007296)
Train Epoch: 47 [3500/33236 (11%)], loss_tgt 1755.2877197265625
(13902544896, 23710007296)
Train Epoch: 47 [4000/33236 (12%)], loss_tgt 1566.01708984375
(13902544896, 23710007296)
Train Epoch: 47 [4500/33236 (14%)], loss_tgt 1606.367431640625
(13902544896, 23710007296)
Train Epoch: 47 [5000/33236 (15%)], loss_tgt 1762.892822265625
(13902544896, 23710007296)
Train Epoch: 47 [5500/33236 (17%)], loss_tgt 1694.35400390625
(13902544896, 23710007296)
Train Epoch: 47 [6000/33236 (18%)], loss_tgt 1352.5562744140625
(13902544896, 23710007296)
Train Epoch: 47 [6500/33236 (20%)], loss_tgt 1734.47119140625
(13902544896, 23710007296)
Train Epoch: 47 [7000/33236 (21%)], loss_tgt 1680.57666015625
(13902544896, 23710007296)
Train Epoch: 47 [7500/33236 (23%)], loss_tgt 843.9033203125
(13902544896, 23710007296)
Train Epoch: 47 [8000/33236 (24%)], loss_tgt 1224.735107421875
(13902544896, 23710007296)
Train Epoch: 47 [8500/33236 (26%)], loss_tgt 1619.5479736328125
(13902544896, 23710007296)
Train Epoch: 47 [9000/33236 (27%)], loss_tgt 1413.812255859375
(13902544896, 23710007296)
Train Epoch: 47 [9500/33236 (29%)], loss_tgt 1512.5770263671875
(13902544896, 23710007296)
Train Epoch: 47 [10000/33236 (30%)], loss_tgt 1548.2554931640625
(13902544896, 23710007296)
Train Epoch: 47 [10500/33236 (32%)], loss_tgt 1672.4766845703125
(13902544896, 23710007296)
Train Epoch: 47 [11000/33236 (33%)], loss_tgt 1322.479248046875
(13902544896, 23710007296)
Train Epoch: 47 [11500/33236 (35%)], loss_tgt 1524.636474609375
(13902544896, 23710007296)
Train Epoch: 47 [12000/33236 (36%)], loss_tgt 1507.95947265625
(13902544896, 23710007296)
Train Epoch: 47 [12500/33236 (38%)], loss_tgt 1803.88330078125
(13902544896, 23710007296)
Train Epoch: 47 [13000/33236 (39%)], loss_tgt 1486.79052734375
(13902544896, 23710007296)
Train Epoch: 47 [13500/33236 (41%)], loss_tgt 1497.8807373046875
(13902544896, 23710007296)
Train Epoch: 47 [14000/33236 (42%)], loss_tgt 1184.32275390625
(13902544896, 23710007296)
Train Epoch: 47 [14500/33236 (44%)], loss_tgt 1594.6322021484375
(13902544896, 23710007296)
Train Epoch: 47 [15000/33236 (45%)], loss_tgt 1708.842041015625
(13902544896, 23710007296)
Train Epoch: 47 [15500/33236 (47%)], loss_tgt 1317.775634765625
(13902544896, 23710007296)
Train Epoch: 47 [16000/33236 (48%)], loss_tgt 1407.04052734375
(13902544896, 23710007296)
Train Epoch: 47 [16500/33236 (50%)], loss_tgt 1794.41357421875
(13902544896, 23710007296)
Train Epoch: 47 [17000/33236 (51%)], loss_tgt 1466.5885009765625
(13902544896, 23710007296)
Train Epoch: 47 [17500/33236 (53%)], loss_tgt 1510.0592041015625
(13902544896, 23710007296)
Train Epoch: 47 [18000/33236 (54%)], loss_tgt 1720.830322265625
(13902544896, 23710007296)
Train Epoch: 47 [18500/33236 (56%)], loss_tgt 1595.126220703125
(13902544896, 23710007296)
Train Epoch: 47 [19000/33236 (57%)], loss_tgt 1573.1226806640625
(13902544896, 23710007296)
Train Epoch: 47 [19500/33236 (59%)], loss_tgt 1388.95068359375
(13902544896, 23710007296)
Train Epoch: 47 [20000/33236 (60%)], loss_tgt 1527.4788818359375
(13902544896, 23710007296)
Train Epoch: 47 [20500/33236 (62%)], loss_tgt 1636.676025390625
(13902544896, 23710007296)
Train Epoch: 47 [21000/33236 (63%)], loss_tgt 1783.778076171875
(13902544896, 23710007296)
Train Epoch: 47 [21500/33236 (65%)], loss_tgt 1559.831298828125
(13902544896, 23710007296)
Train Epoch: 47 [22000/33236 (66%)], loss_tgt 1418.678466796875
(13902544896, 23710007296)
Train Epoch: 47 [22500/33236 (68%)], loss_tgt 1630.5709228515625
(13902544896, 23710007296)
Train Epoch: 47 [23000/33236 (69%)], loss_tgt 1509.038330078125
(13902544896, 23710007296)
Train Epoch: 47 [23500/33236 (71%)], loss_tgt 1538.37646484375
(13902544896, 23710007296)
Train Epoch: 47 [24000/33236 (72%)], loss_tgt 1798.9095458984375
(13902544896, 23710007296)
Train Epoch: 47 [24500/33236 (74%)], loss_tgt 1454.9703369140625
(13902544896, 23710007296)
Train Epoch: 47 [25000/33236 (75%)], loss_tgt 1735.63037109375
(13902544896, 23710007296)
Train Epoch: 47 [25500/33236 (77%)], loss_tgt 1447.627685546875
(13902544896, 23710007296)
Train Epoch: 47 [26000/33236 (78%)], loss_tgt 1485.88037109375
(13902544896, 23710007296)
Train Epoch: 47 [26500/33236 (80%)], loss_tgt 1588.264404296875
(13902544896, 23710007296)
Train Epoch: 47 [27000/33236 (81%)], loss_tgt 1693.053466796875
(13902544896, 23710007296)
Train Epoch: 47 [27500/33236 (83%)], loss_tgt 1637.8262939453125
(13902544896, 23710007296)
Train Epoch: 47 [28000/33236 (84%)], loss_tgt 1646.907958984375
(13902544896, 23710007296)
Train Epoch: 47 [28500/33236 (86%)], loss_tgt 1537.9189453125
(13902544896, 23710007296)
Train Epoch: 47 [29000/33236 (87%)], loss_tgt 1587.583740234375
(13902544896, 23710007296)
Train Epoch: 47 [29500/33236 (89%)], loss_tgt 1769.166748046875
(13902544896, 23710007296)
Train Epoch: 47 [30000/33236 (90%)], loss_tgt 1565.036865234375
(13902544896, 23710007296)
Train Epoch: 47 [30500/33236 (92%)], loss_tgt 1264.4525146484375
(13902544896, 23710007296)
Train Epoch: 47 [31000/33236 (93%)], loss_tgt 1320.6937255859375
(13902544896, 23710007296)
Train Epoch: 47 [31500/33236 (95%)], loss_tgt 1601.0711669921875
(13902544896, 23710007296)
Train Epoch: 47 [32000/33236 (96%)], loss_tgt 1429.983642578125
(13902544896, 23710007296)
Train Epoch: 47 [32500/33236 (98%)], loss_tgt 1794.1123046875
(13902544896, 23710007296)
Train Epoch: 47 [33000/33236 (99%)], loss_tgt 1743.2060546875
----------------------------------------Epoch: 48----------------------------------------
(13902544896, 23710007296)
Train Epoch: 48 [0/33236 (0%)], loss_tgt 1728.91748046875
(13902544896, 23710007296)
Train Epoch: 48 [500/33236 (2%)], loss_tgt 1268.6427001953125
(13902544896, 23710007296)
Train Epoch: 48 [1000/33236 (3%)], loss_tgt 1482.6234130859375
(13902544896, 23710007296)
Train Epoch: 48 [1500/33236 (5%)], loss_tgt 1207.03271484375
(13902544896, 23710007296)
Train Epoch: 48 [2000/33236 (6%)], loss_tgt 1570.9697265625
(13902544896, 23710007296)
Train Epoch: 48 [2500/33236 (8%)], loss_tgt 1844.0989990234375
(13902544896, 23710007296)
Train Epoch: 48 [3000/33236 (9%)], loss_tgt 1499.38427734375
(13902544896, 23710007296)
Train Epoch: 48 [3500/33236 (11%)], loss_tgt 1776.06787109375
(13902544896, 23710007296)
Train Epoch: 48 [4000/33236 (12%)], loss_tgt 1470.6007080078125
(13902544896, 23710007296)
Train Epoch: 48 [4500/33236 (14%)], loss_tgt 1775.468994140625
(13902544896, 23710007296)
Train Epoch: 48 [5000/33236 (15%)], loss_tgt 1448.355712890625
(13902544896, 23710007296)
Train Epoch: 48 [5500/33236 (17%)], loss_tgt 1254.632568359375
(13902544896, 23710007296)
Train Epoch: 48 [6000/33236 (18%)], loss_tgt 1236.638671875
(13902544896, 23710007296)
Train Epoch: 48 [6500/33236 (20%)], loss_tgt 1188.54345703125
(13902544896, 23710007296)
Train Epoch: 48 [7000/33236 (21%)], loss_tgt 1470.92431640625
(13902544896, 23710007296)
Train Epoch: 48 [7500/33236 (23%)], loss_tgt 1794.23095703125
(13902544896, 23710007296)
Train Epoch: 48 [8000/33236 (24%)], loss_tgt 1583.239501953125
(13902544896, 23710007296)
Train Epoch: 48 [8500/33236 (26%)], loss_tgt 1270.314697265625
(13902544896, 23710007296)
Train Epoch: 48 [9000/33236 (27%)], loss_tgt 1704.34033203125
(13902544896, 23710007296)
Train Epoch: 48 [9500/33236 (29%)], loss_tgt 1365.3658447265625
(13902544896, 23710007296)
Train Epoch: 48 [10000/33236 (30%)], loss_tgt 1700.555908203125
(13902544896, 23710007296)
Train Epoch: 48 [10500/33236 (32%)], loss_tgt 1333.5125732421875
(13902544896, 23710007296)
Train Epoch: 48 [11000/33236 (33%)], loss_tgt 1586.0711669921875
(13902544896, 23710007296)
Train Epoch: 48 [11500/33236 (35%)], loss_tgt 1694.889404296875
(13902544896, 23710007296)
Train Epoch: 48 [12000/33236 (36%)], loss_tgt 1099.23095703125
(13902544896, 23710007296)
Train Epoch: 48 [12500/33236 (38%)], loss_tgt 1841.71630859375
(13902544896, 23710007296)
Train Epoch: 48 [13000/33236 (39%)], loss_tgt 1540.8472900390625
(13902544896, 23710007296)
Train Epoch: 48 [13500/33236 (41%)], loss_tgt 1793.373291015625
(13902544896, 23710007296)
Train Epoch: 48 [14000/33236 (42%)], loss_tgt 1745.338134765625
(13902544896, 23710007296)
Train Epoch: 48 [14500/33236 (44%)], loss_tgt 1534.7822265625
(13902544896, 23710007296)
Train Epoch: 48 [15000/33236 (45%)], loss_tgt 1325.07080078125
(13902544896, 23710007296)
Train Epoch: 48 [15500/33236 (47%)], loss_tgt 1493.469970703125
(13902544896, 23710007296)
Train Epoch: 48 [16000/33236 (48%)], loss_tgt 1551.6365966796875
(13902544896, 23710007296)
Train Epoch: 48 [16500/33236 (50%)], loss_tgt 1435.479248046875
(13902544896, 23710007296)
Train Epoch: 48 [17000/33236 (51%)], loss_tgt 1540.480712890625
(13902544896, 23710007296)
Train Epoch: 48 [17500/33236 (53%)], loss_tgt 1308.1343994140625
(13902544896, 23710007296)
Train Epoch: 48 [18000/33236 (54%)], loss_tgt 1442.247314453125
(13902544896, 23710007296)
Train Epoch: 48 [18500/33236 (56%)], loss_tgt 1359.5828857421875
(13902544896, 23710007296)
Train Epoch: 48 [19000/33236 (57%)], loss_tgt 1492.5458984375
(13902544896, 23710007296)
Train Epoch: 48 [19500/33236 (59%)], loss_tgt 1709.5908203125
(13902544896, 23710007296)
Train Epoch: 48 [20000/33236 (60%)], loss_tgt 1508.2650146484375
(13902544896, 23710007296)
Train Epoch: 48 [20500/33236 (62%)], loss_tgt 1638.033447265625
(13902544896, 23710007296)
Train Epoch: 48 [21000/33236 (63%)], loss_tgt 1750.4683837890625
(13902544896, 23710007296)
Train Epoch: 48 [21500/33236 (65%)], loss_tgt 1357.2939453125
(13902544896, 23710007296)
Train Epoch: 48 [22000/33236 (66%)], loss_tgt 1459.373779296875
(13902544896, 23710007296)
Train Epoch: 48 [22500/33236 (68%)], loss_tgt 1502.5804443359375
(13902544896, 23710007296)
Train Epoch: 48 [23000/33236 (69%)], loss_tgt 1795.33935546875
(13902544896, 23710007296)
Train Epoch: 48 [23500/33236 (71%)], loss_tgt 1432.407470703125
(13902544896, 23710007296)
Train Epoch: 48 [24000/33236 (72%)], loss_tgt 1810.773681640625
(13902544896, 23710007296)
Train Epoch: 48 [24500/33236 (74%)], loss_tgt 1609.622314453125
(13902544896, 23710007296)
Train Epoch: 48 [25000/33236 (75%)], loss_tgt 1520.078857421875
(13902544896, 23710007296)
Train Epoch: 48 [25500/33236 (77%)], loss_tgt 1697.47998046875
(13902544896, 23710007296)
Train Epoch: 48 [26000/33236 (78%)], loss_tgt 1467.0460205078125
(13902544896, 23710007296)
Train Epoch: 48 [26500/33236 (80%)], loss_tgt 1142.22998046875
(13902544896, 23710007296)
Train Epoch: 48 [27000/33236 (81%)], loss_tgt 1482.763916015625
(13902544896, 23710007296)
Train Epoch: 48 [27500/33236 (83%)], loss_tgt 1537.8868408203125
(13902544896, 23710007296)
Train Epoch: 48 [28000/33236 (84%)], loss_tgt 1715.869873046875
(13902544896, 23710007296)
Train Epoch: 48 [28500/33236 (86%)], loss_tgt 1729.84326171875
(13902544896, 23710007296)
Train Epoch: 48 [29000/33236 (87%)], loss_tgt 1783.193603515625
(13902544896, 23710007296)
Train Epoch: 48 [29500/33236 (89%)], loss_tgt 1659.8909912109375
(13902544896, 23710007296)
Train Epoch: 48 [30000/33236 (90%)], loss_tgt 1200.983642578125
(13902544896, 23710007296)
Train Epoch: 48 [30500/33236 (92%)], loss_tgt 1505.8170166015625
(13902544896, 23710007296)
Train Epoch: 48 [31000/33236 (93%)], loss_tgt 1703.0762939453125
(13902544896, 23710007296)
Train Epoch: 48 [31500/33236 (95%)], loss_tgt 1547.165283203125
(13902544896, 23710007296)
Train Epoch: 48 [32000/33236 (96%)], loss_tgt 1594.666015625
(13902544896, 23710007296)
Train Epoch: 48 [32500/33236 (98%)], loss_tgt 1458.86328125
(13902544896, 23710007296)
Train Epoch: 48 [33000/33236 (99%)], loss_tgt 1470.8924560546875
----------------------------------------Epoch: 49----------------------------------------
(13902544896, 23710007296)
Train Epoch: 49 [0/33236 (0%)], loss_tgt 1252.5545654296875
(13902544896, 23710007296)
Train Epoch: 49 [500/33236 (2%)], loss_tgt 1769.40673828125
(13902544896, 23710007296)
Train Epoch: 49 [1000/33236 (3%)], loss_tgt 1387.8267822265625
(13902544896, 23710007296)
Train Epoch: 49 [1500/33236 (5%)], loss_tgt 1403.5679931640625
(13902544896, 23710007296)
Train Epoch: 49 [2000/33236 (6%)], loss_tgt 1012.2589721679688
(13902544896, 23710007296)
Train Epoch: 49 [2500/33236 (8%)], loss_tgt 1601.445068359375
(13902544896, 23710007296)
Train Epoch: 49 [3000/33236 (9%)], loss_tgt 1715.057373046875
(13902544896, 23710007296)
Train Epoch: 49 [3500/33236 (11%)], loss_tgt 1743.9014892578125
(13902544896, 23710007296)
Train Epoch: 49 [4000/33236 (12%)], loss_tgt 1594.9512939453125
(13902544896, 23710007296)
Train Epoch: 49 [4500/33236 (14%)], loss_tgt 1291.51513671875
(13902544896, 23710007296)
Train Epoch: 49 [5000/33236 (15%)], loss_tgt 1532.589111328125
(13902544896, 23710007296)
Train Epoch: 49 [5500/33236 (17%)], loss_tgt 1374.7037353515625
(13902544896, 23710007296)
Train Epoch: 49 [6000/33236 (18%)], loss_tgt 1731.4002685546875
(13902544896, 23710007296)
Train Epoch: 49 [6500/33236 (20%)], loss_tgt 1253.691650390625
(13902544896, 23710007296)
Train Epoch: 49 [7000/33236 (21%)], loss_tgt 1474.1226806640625
(13902544896, 23710007296)
Train Epoch: 49 [7500/33236 (23%)], loss_tgt 1499.3138427734375
(13902544896, 23710007296)
Train Epoch: 49 [8000/33236 (24%)], loss_tgt 1718.775634765625
(13902544896, 23710007296)
Train Epoch: 49 [8500/33236 (26%)], loss_tgt 1572.621826171875
(13902544896, 23710007296)
Train Epoch: 49 [9000/33236 (27%)], loss_tgt 1825.644775390625
(13902544896, 23710007296)
Train Epoch: 49 [9500/33236 (29%)], loss_tgt 1755.128173828125
(13902544896, 23710007296)
Train Epoch: 49 [10000/33236 (30%)], loss_tgt 1725.41259765625
(13902544896, 23710007296)
Train Epoch: 49 [10500/33236 (32%)], loss_tgt 1654.228271484375
(13902544896, 23710007296)
Train Epoch: 49 [11000/33236 (33%)], loss_tgt 1499.965087890625
(13902544896, 23710007296)
Train Epoch: 49 [11500/33236 (35%)], loss_tgt 1382.3353271484375
(13902544896, 23710007296)
Train Epoch: 49 [12000/33236 (36%)], loss_tgt 1484.8306884765625
(13902544896, 23710007296)
Train Epoch: 49 [12500/33236 (38%)], loss_tgt 1621.08251953125
(13902544896, 23710007296)
Train Epoch: 49 [13000/33236 (39%)], loss_tgt 1165.1934814453125
(13902544896, 23710007296)
Train Epoch: 49 [13500/33236 (41%)], loss_tgt 1578.5194091796875
(13902544896, 23710007296)
Train Epoch: 49 [14000/33236 (42%)], loss_tgt 1490.28662109375
(13902544896, 23710007296)
Train Epoch: 49 [14500/33236 (44%)], loss_tgt 1140.23583984375
(13902544896, 23710007296)
Train Epoch: 49 [15000/33236 (45%)], loss_tgt 1465.771728515625
(13902544896, 23710007296)
Train Epoch: 49 [15500/33236 (47%)], loss_tgt 1545.481201171875
(13902544896, 23710007296)
Train Epoch: 49 [16000/33236 (48%)], loss_tgt 1033.3687744140625
(13902544896, 23710007296)
Train Epoch: 49 [16500/33236 (50%)], loss_tgt 1739.978271484375
(13902544896, 23710007296)
Train Epoch: 49 [17000/33236 (51%)], loss_tgt 1740.944091796875
(13902544896, 23710007296)
Train Epoch: 49 [17500/33236 (53%)], loss_tgt 1636.775634765625
(13902544896, 23710007296)
Train Epoch: 49 [18000/33236 (54%)], loss_tgt 1138.4373779296875
(13902544896, 23710007296)
Train Epoch: 49 [18500/33236 (56%)], loss_tgt 1405.1181640625
(13902544896, 23710007296)
Train Epoch: 49 [19000/33236 (57%)], loss_tgt 1492.1685791015625
(13902544896, 23710007296)
Train Epoch: 49 [19500/33236 (59%)], loss_tgt 1534.831787109375
(13902544896, 23710007296)
Train Epoch: 49 [20000/33236 (60%)], loss_tgt 1444.1263427734375
(13902544896, 23710007296)
Train Epoch: 49 [20500/33236 (62%)], loss_tgt 1179.326171875
(13902544896, 23710007296)
Train Epoch: 49 [21000/33236 (63%)], loss_tgt 1456.3309326171875
(13902544896, 23710007296)
Train Epoch: 49 [21500/33236 (65%)], loss_tgt 1396.376953125
(13902544896, 23710007296)
Train Epoch: 49 [22000/33236 (66%)], loss_tgt 1082.7308349609375
(13902544896, 23710007296)
Train Epoch: 49 [22500/33236 (68%)], loss_tgt 1768.05517578125
(13902544896, 23710007296)
Train Epoch: 49 [23000/33236 (69%)], loss_tgt 1619.482421875
(13902544896, 23710007296)
Train Epoch: 49 [23500/33236 (71%)], loss_tgt 1144.456298828125
(13902544896, 23710007296)
Train Epoch: 49 [24000/33236 (72%)], loss_tgt 1708.0811767578125
(13902544896, 23710007296)
Train Epoch: 49 [24500/33236 (74%)], loss_tgt 1778.564208984375
(13902544896, 23710007296)
Train Epoch: 49 [25000/33236 (75%)], loss_tgt 1337.2344970703125
(13902544896, 23710007296)
Train Epoch: 49 [25500/33236 (77%)], loss_tgt 1312.256103515625
(13902544896, 23710007296)
Train Epoch: 49 [26000/33236 (78%)], loss_tgt 1786.7484130859375
(13902544896, 23710007296)
Train Epoch: 49 [26500/33236 (80%)], loss_tgt 1570.842041015625
(13902544896, 23710007296)
Train Epoch: 49 [27000/33236 (81%)], loss_tgt 1092.203125
(13902544896, 23710007296)
Train Epoch: 49 [27500/33236 (83%)], loss_tgt 1585.83251953125
(13902544896, 23710007296)
Train Epoch: 49 [28000/33236 (84%)], loss_tgt 1777.618896484375
(13902544896, 23710007296)
Train Epoch: 49 [28500/33236 (86%)], loss_tgt 1776.426025390625
(13902544896, 23710007296)
Train Epoch: 49 [29000/33236 (87%)], loss_tgt 1411.0380859375
(13902544896, 23710007296)
Train Epoch: 49 [29500/33236 (89%)], loss_tgt 1528.544677734375
(13902544896, 23710007296)
Train Epoch: 49 [30000/33236 (90%)], loss_tgt 1508.1715087890625
(13902544896, 23710007296)
Train Epoch: 49 [30500/33236 (92%)], loss_tgt 1813.14453125
(13902544896, 23710007296)
Train Epoch: 49 [31000/33236 (93%)], loss_tgt 1388.3736572265625
(13902544896, 23710007296)
Train Epoch: 49 [31500/33236 (95%)], loss_tgt 1657.57568359375
(13902544896, 23710007296)
Train Epoch: 49 [32000/33236 (96%)], loss_tgt 1223.98681640625
(13902544896, 23710007296)
Train Epoch: 49 [32500/33236 (98%)], loss_tgt 1417.2763671875
(13902544896, 23710007296)
Train Epoch: 49 [33000/33236 (99%)], loss_tgt 1315.4512939453125
----------------------------------------Epoch: 50----------------------------------------
(13902544896, 23710007296)
Train Epoch: 50 [0/33236 (0%)], loss_tgt 1705.90283203125
(13902544896, 23710007296)
Train Epoch: 50 [500/33236 (2%)], loss_tgt 1644.9822998046875
(13902544896, 23710007296)
Train Epoch: 50 [1000/33236 (3%)], loss_tgt 1675.05078125
(13902544896, 23710007296)
Train Epoch: 50 [1500/33236 (5%)], loss_tgt 1507.31298828125
(13902544896, 23710007296)
Train Epoch: 50 [2000/33236 (6%)], loss_tgt 1304.9150390625
(13902544896, 23710007296)
Train Epoch: 50 [2500/33236 (8%)], loss_tgt 1545.987548828125
(13902544896, 23710007296)
Train Epoch: 50 [3000/33236 (9%)], loss_tgt 1771.4617919921875
(13902544896, 23710007296)
Train Epoch: 50 [3500/33236 (11%)], loss_tgt 1868.8216552734375
(13902544896, 23710007296)
Train Epoch: 50 [4000/33236 (12%)], loss_tgt 1263.7442626953125
(13902544896, 23710007296)
Train Epoch: 50 [4500/33236 (14%)], loss_tgt 1730.782470703125
(13902544896, 23710007296)
Train Epoch: 50 [5000/33236 (15%)], loss_tgt 1529.47216796875
(13902544896, 23710007296)
Train Epoch: 50 [5500/33236 (17%)], loss_tgt 1257.3638916015625
(13902544896, 23710007296)
Train Epoch: 50 [6000/33236 (18%)], loss_tgt 1740.193603515625
(13902544896, 23710007296)
Train Epoch: 50 [6500/33236 (20%)], loss_tgt 1376.072021484375
(13902544896, 23710007296)
Train Epoch: 50 [7000/33236 (21%)], loss_tgt 1691.183837890625
(13902544896, 23710007296)
Train Epoch: 50 [7500/33236 (23%)], loss_tgt 1283.300537109375
(13902544896, 23710007296)
Train Epoch: 50 [8000/33236 (24%)], loss_tgt 1542.669677734375
(13902544896, 23710007296)
Train Epoch: 50 [8500/33236 (26%)], loss_tgt 1608.6112060546875
(13902544896, 23710007296)
Train Epoch: 50 [9000/33236 (27%)], loss_tgt 1702.64404296875
(13902544896, 23710007296)
Train Epoch: 50 [9500/33236 (29%)], loss_tgt 1750.0714111328125
(13902544896, 23710007296)
Train Epoch: 50 [10000/33236 (30%)], loss_tgt 1730.720947265625
(13902544896, 23710007296)
Train Epoch: 50 [10500/33236 (32%)], loss_tgt 1772.638427734375
(13902544896, 23710007296)
Train Epoch: 50 [11000/33236 (33%)], loss_tgt 1767.185546875
(13902544896, 23710007296)
Train Epoch: 50 [11500/33236 (35%)], loss_tgt 1469.861572265625
(13902544896, 23710007296)
Train Epoch: 50 [12000/33236 (36%)], loss_tgt 1319.9471435546875
(13902544896, 23710007296)
Train Epoch: 50 [12500/33236 (38%)], loss_tgt 1544.1361083984375
(13902544896, 23710007296)
Train Epoch: 50 [13000/33236 (39%)], loss_tgt 1675.4908447265625
(13902544896, 23710007296)
Train Epoch: 50 [13500/33236 (41%)], loss_tgt 1830.20458984375
(13902544896, 23710007296)
Train Epoch: 50 [14000/33236 (42%)], loss_tgt 1774.0419921875
(13902544896, 23710007296)
Train Epoch: 50 [14500/33236 (44%)], loss_tgt 1654.1533203125
(13902544896, 23710007296)
Train Epoch: 50 [15000/33236 (45%)], loss_tgt 1413.05615234375
(13902544896, 23710007296)
Train Epoch: 50 [15500/33236 (47%)], loss_tgt 1709.04638671875
(13902544896, 23710007296)
Train Epoch: 50 [16000/33236 (48%)], loss_tgt 1428.380615234375
(13902544896, 23710007296)
Train Epoch: 50 [16500/33236 (50%)], loss_tgt 1527.340087890625
(13902544896, 23710007296)
Train Epoch: 50 [17000/33236 (51%)], loss_tgt 1543.2373046875
(13902544896, 23710007296)
Train Epoch: 50 [17500/33236 (53%)], loss_tgt 1394.36376953125
(13902544896, 23710007296)
Train Epoch: 50 [18000/33236 (54%)], loss_tgt 1615.3663330078125
(13902544896, 23710007296)
Train Epoch: 50 [18500/33236 (56%)], loss_tgt 1733.5054931640625
(13902544896, 23710007296)
Train Epoch: 50 [19000/33236 (57%)], loss_tgt 1579.083740234375
(13902544896, 23710007296)
Train Epoch: 50 [19500/33236 (59%)], loss_tgt 1546.513916015625
(13902544896, 23710007296)
Train Epoch: 50 [20000/33236 (60%)], loss_tgt 1469.529296875
(13902544896, 23710007296)
Train Epoch: 50 [20500/33236 (62%)], loss_tgt 1793.011962890625
(13902544896, 23710007296)
Train Epoch: 50 [21000/33236 (63%)], loss_tgt 1468.3035888671875
(13902544896, 23710007296)
Train Epoch: 50 [21500/33236 (65%)], loss_tgt 1768.3221435546875
(13902544896, 23710007296)
Train Epoch: 50 [22000/33236 (66%)], loss_tgt 1766.919189453125
(13902544896, 23710007296)
Train Epoch: 50 [22500/33236 (68%)], loss_tgt 1300.0943603515625
(13902544896, 23710007296)
Train Epoch: 50 [23000/33236 (69%)], loss_tgt 1422.32958984375
(13902544896, 23710007296)
Train Epoch: 50 [23500/33236 (71%)], loss_tgt 1591.936279296875
(13902544896, 23710007296)
Train Epoch: 50 [24000/33236 (72%)], loss_tgt 1656.3109130859375
(13902544896, 23710007296)
Train Epoch: 50 [24500/33236 (74%)], loss_tgt 1582.9068603515625
(13902544896, 23710007296)
Train Epoch: 50 [25000/33236 (75%)], loss_tgt 1714.2447509765625
(13902544896, 23710007296)
Train Epoch: 50 [25500/33236 (77%)], loss_tgt 1486.39697265625
(13902544896, 23710007296)
Train Epoch: 50 [26000/33236 (78%)], loss_tgt 1763.989990234375
(13902544896, 23710007296)
Train Epoch: 50 [26500/33236 (80%)], loss_tgt 1507.493408203125
(13902544896, 23710007296)
Train Epoch: 50 [27000/33236 (81%)], loss_tgt 1411.1455078125
(13902544896, 23710007296)
Train Epoch: 50 [27500/33236 (83%)], loss_tgt 1744.0518798828125
(13902544896, 23710007296)
Train Epoch: 50 [28000/33236 (84%)], loss_tgt 1589.5963134765625
(13902544896, 23710007296)
Train Epoch: 50 [28500/33236 (86%)], loss_tgt 1307.8033447265625
(13902544896, 23710007296)
Train Epoch: 50 [29000/33236 (87%)], loss_tgt 1579.830078125
(13902544896, 23710007296)
Train Epoch: 50 [29500/33236 (89%)], loss_tgt 1643.42333984375
(13902544896, 23710007296)
Train Epoch: 50 [30000/33236 (90%)], loss_tgt 1791.882080078125
(13902544896, 23710007296)
Train Epoch: 50 [30500/33236 (92%)], loss_tgt 1498.2315673828125
(13902544896, 23710007296)
Train Epoch: 50 [31000/33236 (93%)], loss_tgt 1379.926513671875
(13902544896, 23710007296)
Train Epoch: 50 [31500/33236 (95%)], loss_tgt 1746.26123046875
(13902544896, 23710007296)
Train Epoch: 50 [32000/33236 (96%)], loss_tgt 1769.629150390625
(13902544896, 23710007296)
Train Epoch: 50 [32500/33236 (98%)], loss_tgt 1476.6531982421875
(13902544896, 23710007296)
Train Epoch: 50 [33000/33236 (99%)], loss_tgt 1568.228515625
----------------------------------------Epoch: 51----------------------------------------
(13902544896, 23710007296)
Train Epoch: 51 [0/33236 (0%)], loss_tgt 1251.0980224609375
(13902544896, 23710007296)
Train Epoch: 51 [500/33236 (2%)], loss_tgt 1712.420654296875
(13902544896, 23710007296)
Train Epoch: 51 [1000/33236 (3%)], loss_tgt 1556.7535400390625
(13902544896, 23710007296)
Train Epoch: 51 [1500/33236 (5%)], loss_tgt 1564.0228271484375
(13902544896, 23710007296)
Train Epoch: 51 [2000/33236 (6%)], loss_tgt 1289.001708984375
(13902544896, 23710007296)
Train Epoch: 51 [2500/33236 (8%)], loss_tgt 1812.3197021484375
(13902544896, 23710007296)
Train Epoch: 51 [3000/33236 (9%)], loss_tgt 1413.4251708984375
(13902544896, 23710007296)
Train Epoch: 51 [3500/33236 (11%)], loss_tgt 1753.73974609375
(13902544896, 23710007296)
Train Epoch: 51 [4000/33236 (12%)], loss_tgt 1718.266845703125
(13902544896, 23710007296)
Train Epoch: 51 [4500/33236 (14%)], loss_tgt 1618.6444091796875
(13902544896, 23710007296)
Train Epoch: 51 [5000/33236 (15%)], loss_tgt 1340.84619140625
(13902544896, 23710007296)
Train Epoch: 51 [5500/33236 (17%)], loss_tgt 1448.1082763671875
(13902544896, 23710007296)
Train Epoch: 51 [6000/33236 (18%)], loss_tgt 1749.195556640625
(13902544896, 23710007296)
Train Epoch: 51 [6500/33236 (20%)], loss_tgt 1733.41455078125
(13902544896, 23710007296)
Train Epoch: 51 [7000/33236 (21%)], loss_tgt 1454.913818359375
(13902544896, 23710007296)
Train Epoch: 51 [7500/33236 (23%)], loss_tgt 1338.1566162109375
(13902544896, 23710007296)
Train Epoch: 51 [8000/33236 (24%)], loss_tgt 1483.2138671875
(13902544896, 23710007296)
Train Epoch: 51 [8500/33236 (26%)], loss_tgt 1802.5078125
(13902544896, 23710007296)
Train Epoch: 51 [9000/33236 (27%)], loss_tgt 1533.7515869140625
(13902544896, 23710007296)
Train Epoch: 51 [9500/33236 (29%)], loss_tgt 1540.6929931640625
(13902544896, 23710007296)
Train Epoch: 51 [10000/33236 (30%)], loss_tgt 1730.37548828125
(13902544896, 23710007296)
Train Epoch: 51 [10500/33236 (32%)], loss_tgt 1452.5648193359375
(13902544896, 23710007296)
Train Epoch: 51 [11000/33236 (33%)], loss_tgt 1509.91650390625
(13902544896, 23710007296)
Train Epoch: 51 [11500/33236 (35%)], loss_tgt 1544.934326171875
(13902544896, 23710007296)
Train Epoch: 51 [12000/33236 (36%)], loss_tgt 1637.78564453125
(13902544896, 23710007296)
Train Epoch: 51 [12500/33236 (38%)], loss_tgt 1256.8658447265625
(13902544896, 23710007296)
Train Epoch: 51 [13000/33236 (39%)], loss_tgt 1493.814697265625
(13902544896, 23710007296)
Train Epoch: 51 [13500/33236 (41%)], loss_tgt 1303.39697265625
(13902544896, 23710007296)
Train Epoch: 51 [14000/33236 (42%)], loss_tgt 1559.2587890625
(13902544896, 23710007296)
Train Epoch: 51 [14500/33236 (44%)], loss_tgt 1383.577880859375
(13902544896, 23710007296)
Train Epoch: 51 [15000/33236 (45%)], loss_tgt 1612.0562744140625
(13902544896, 23710007296)
Train Epoch: 51 [15500/33236 (47%)], loss_tgt 1766.0419921875
(13902544896, 23710007296)
Train Epoch: 51 [16000/33236 (48%)], loss_tgt 1634.5526123046875
(13902544896, 23710007296)
Train Epoch: 51 [16500/33236 (50%)], loss_tgt 1595.3310546875
(13902544896, 23710007296)
Train Epoch: 51 [17000/33236 (51%)], loss_tgt 1692.41259765625
(13902544896, 23710007296)
Train Epoch: 51 [17500/33236 (53%)], loss_tgt 1560.8984375
(13902544896, 23710007296)
Train Epoch: 51 [18000/33236 (54%)], loss_tgt 1477.9791259765625
(13902544896, 23710007296)
Train Epoch: 51 [18500/33236 (56%)], loss_tgt 1496.965576171875
(13902544896, 23710007296)
Train Epoch: 51 [19000/33236 (57%)], loss_tgt 1790.7757568359375
(13902544896, 23710007296)
Train Epoch: 51 [19500/33236 (59%)], loss_tgt 1628.8837890625
(13902544896, 23710007296)
Train Epoch: 51 [20000/33236 (60%)], loss_tgt 1425.369873046875
(13902544896, 23710007296)
Train Epoch: 51 [20500/33236 (62%)], loss_tgt 1389.795654296875
(13902544896, 23710007296)
Train Epoch: 51 [21000/33236 (63%)], loss_tgt 1768.5040283203125
(13902544896, 23710007296)
Train Epoch: 51 [21500/33236 (65%)], loss_tgt 1773.7998046875
(13902544896, 23710007296)
Train Epoch: 51 [22000/33236 (66%)], loss_tgt 1025.93212890625
(13902544896, 23710007296)
Train Epoch: 51 [22500/33236 (68%)], loss_tgt 1393.1474609375
(13902544896, 23710007296)
Train Epoch: 51 [23000/33236 (69%)], loss_tgt 1690.519775390625
(13902544896, 23710007296)
Train Epoch: 51 [23500/33236 (71%)], loss_tgt 1590.4820556640625
(13902544896, 23710007296)
Train Epoch: 51 [24000/33236 (72%)], loss_tgt 1361.3857421875
(13902544896, 23710007296)
Train Epoch: 51 [24500/33236 (74%)], loss_tgt 1402.7890625
(13902544896, 23710007296)
Train Epoch: 51 [25000/33236 (75%)], loss_tgt 1669.3477783203125
(13902544896, 23710007296)
Train Epoch: 51 [25500/33236 (77%)], loss_tgt 1495.500732421875
(13902544896, 23710007296)
Train Epoch: 51 [26000/33236 (78%)], loss_tgt 1709.18798828125
(13902544896, 23710007296)
Train Epoch: 51 [26500/33236 (80%)], loss_tgt 1552.5382080078125
(13902544896, 23710007296)
Train Epoch: 51 [27000/33236 (81%)], loss_tgt 1571.0458984375
(13902544896, 23710007296)
Train Epoch: 51 [27500/33236 (83%)], loss_tgt 905.891845703125
(13902544896, 23710007296)
Train Epoch: 51 [28000/33236 (84%)], loss_tgt 1681.864013671875
(13902544896, 23710007296)
Train Epoch: 51 [28500/33236 (86%)], loss_tgt 1481.7144775390625
(13902544896, 23710007296)
Train Epoch: 51 [29000/33236 (87%)], loss_tgt 1324.20947265625
(13902544896, 23710007296)
Train Epoch: 51 [29500/33236 (89%)], loss_tgt 1251.7508544921875
(13902544896, 23710007296)
Train Epoch: 51 [30000/33236 (90%)], loss_tgt 1675.674072265625
(13902544896, 23710007296)
Train Epoch: 51 [30500/33236 (92%)], loss_tgt 1589.19873046875
(13902544896, 23710007296)
Train Epoch: 51 [31000/33236 (93%)], loss_tgt 1635.6748046875
(13902544896, 23710007296)
Train Epoch: 51 [31500/33236 (95%)], loss_tgt 1499.4755859375
(13902544896, 23710007296)
Train Epoch: 51 [32000/33236 (96%)], loss_tgt 1730.84423828125
(13902544896, 23710007296)
Train Epoch: 51 [32500/33236 (98%)], loss_tgt 1547.1768798828125
(13902544896, 23710007296)
Train Epoch: 51 [33000/33236 (99%)], loss_tgt 999.1756591796875
----------------------------------------Epoch: 52----------------------------------------
(13902544896, 23710007296)
Train Epoch: 52 [0/33236 (0%)], loss_tgt 1814.392578125
(13902544896, 23710007296)
Train Epoch: 52 [500/33236 (2%)], loss_tgt 1360.578857421875
(13902544896, 23710007296)
Train Epoch: 52 [1000/33236 (3%)], loss_tgt 1111.71826171875
(13902544896, 23710007296)
Train Epoch: 52 [1500/33236 (5%)], loss_tgt 1500.644775390625
(13902544896, 23710007296)
Train Epoch: 52 [2000/33236 (6%)], loss_tgt 689.3445434570312
(13902544896, 23710007296)
Train Epoch: 52 [2500/33236 (8%)], loss_tgt 1536.0849609375
(13902544896, 23710007296)
Train Epoch: 52 [3000/33236 (9%)], loss_tgt 1098.2476806640625
(13902544896, 23710007296)
Train Epoch: 52 [3500/33236 (11%)], loss_tgt 1523.69970703125
(13902544896, 23710007296)
Train Epoch: 52 [4000/33236 (12%)], loss_tgt 1670.05859375
(13902544896, 23710007296)
Train Epoch: 52 [4500/33236 (14%)], loss_tgt 1481.424072265625
(13902544896, 23710007296)
Train Epoch: 52 [5000/33236 (15%)], loss_tgt 1274.626953125
(13902544896, 23710007296)
Train Epoch: 52 [5500/33236 (17%)], loss_tgt 1520.7469482421875
(13902544896, 23710007296)
Train Epoch: 52 [6000/33236 (18%)], loss_tgt 1654.21533203125
(13902544896, 23710007296)
Train Epoch: 52 [6500/33236 (20%)], loss_tgt 1368.5491943359375
(13902544896, 23710007296)
Train Epoch: 52 [7000/33236 (21%)], loss_tgt 1452.749755859375
(13902544896, 23710007296)
Train Epoch: 52 [7500/33236 (23%)], loss_tgt 1508.4410400390625
(13902544896, 23710007296)
Train Epoch: 52 [8000/33236 (24%)], loss_tgt 1741.7430419921875
(13902544896, 23710007296)
Train Epoch: 52 [8500/33236 (26%)], loss_tgt 1795.0166015625
(13902544896, 23710007296)
Train Epoch: 52 [9000/33236 (27%)], loss_tgt 1420.36767578125
(13902544896, 23710007296)
Train Epoch: 52 [9500/33236 (29%)], loss_tgt 1599.912109375
(13902544896, 23710007296)
Train Epoch: 52 [10000/33236 (30%)], loss_tgt 1378.4940185546875
(13902544896, 23710007296)
Train Epoch: 52 [10500/33236 (32%)], loss_tgt 1653.601806640625
(13902544896, 23710007296)
Train Epoch: 52 [11000/33236 (33%)], loss_tgt 1613.3251953125
(13902544896, 23710007296)
Train Epoch: 52 [11500/33236 (35%)], loss_tgt 1540.65234375
(13902544896, 23710007296)
Train Epoch: 52 [12000/33236 (36%)], loss_tgt 1201.3951416015625
(13902544896, 23710007296)
Train Epoch: 52 [12500/33236 (38%)], loss_tgt 1459.5390625
(13902544896, 23710007296)
Train Epoch: 52 [13000/33236 (39%)], loss_tgt 1517.72998046875
(13902544896, 23710007296)
Train Epoch: 52 [13500/33236 (41%)], loss_tgt 1431.913330078125
(13902544896, 23710007296)
Train Epoch: 52 [14000/33236 (42%)], loss_tgt 1548.779296875
(13902544896, 23710007296)
Train Epoch: 52 [14500/33236 (44%)], loss_tgt 1566.360595703125
(13902544896, 23710007296)
Train Epoch: 52 [15000/33236 (45%)], loss_tgt 1534.296875
(13902544896, 23710007296)
Train Epoch: 52 [15500/33236 (47%)], loss_tgt 1549.82568359375
(13902544896, 23710007296)
Train Epoch: 52 [16000/33236 (48%)], loss_tgt 1747.054931640625
(13902544896, 23710007296)
Train Epoch: 52 [16500/33236 (50%)], loss_tgt 1210.9677734375
(13902544896, 23710007296)
Train Epoch: 52 [17000/33236 (51%)], loss_tgt 1297.945068359375
(13902544896, 23710007296)
Train Epoch: 52 [17500/33236 (53%)], loss_tgt 1620.4505615234375
(13902544896, 23710007296)
Train Epoch: 52 [18000/33236 (54%)], loss_tgt 1231.4661865234375
(13902544896, 23710007296)
Train Epoch: 52 [18500/33236 (56%)], loss_tgt 1281.948486328125
(13902544896, 23710007296)
Train Epoch: 52 [19000/33236 (57%)], loss_tgt 1180.936279296875
(13902544896, 23710007296)
Train Epoch: 52 [19500/33236 (59%)], loss_tgt 1489.047607421875
(13902544896, 23710007296)
Train Epoch: 52 [20000/33236 (60%)], loss_tgt 1438.759521484375
(13902544896, 23710007296)
Train Epoch: 52 [20500/33236 (62%)], loss_tgt 1706.06494140625
(13902544896, 23710007296)
Train Epoch: 52 [21000/33236 (63%)], loss_tgt 1684.078857421875
(13902544896, 23710007296)
Train Epoch: 52 [21500/33236 (65%)], loss_tgt 1687.7347412109375
(13902544896, 23710007296)
Train Epoch: 52 [22000/33236 (66%)], loss_tgt 1703.422607421875
(13902544896, 23710007296)
Train Epoch: 52 [22500/33236 (68%)], loss_tgt 1718.6173095703125
(13902544896, 23710007296)
Train Epoch: 52 [23000/33236 (69%)], loss_tgt 1746.0699462890625
(13902544896, 23710007296)
Train Epoch: 52 [23500/33236 (71%)], loss_tgt 1782.880126953125
(13902544896, 23710007296)
Train Epoch: 52 [24000/33236 (72%)], loss_tgt 1594.27587890625
(13902544896, 23710007296)
Train Epoch: 52 [24500/33236 (74%)], loss_tgt 1687.357666015625
(13902544896, 23710007296)
Train Epoch: 52 [25000/33236 (75%)], loss_tgt 1528.051513671875
(13902544896, 23710007296)
Train Epoch: 52 [25500/33236 (77%)], loss_tgt 1207.812255859375
(13902544896, 23710007296)
Train Epoch: 52 [26000/33236 (78%)], loss_tgt 1547.875244140625
(13902544896, 23710007296)
Train Epoch: 52 [26500/33236 (80%)], loss_tgt 1628.11572265625
(13902544896, 23710007296)
Train Epoch: 52 [27000/33236 (81%)], loss_tgt 1561.4381103515625
(13902544896, 23710007296)
Train Epoch: 52 [27500/33236 (83%)], loss_tgt 1400.631591796875
(13902544896, 23710007296)
Train Epoch: 52 [28000/33236 (84%)], loss_tgt 1327.326416015625
(13902544896, 23710007296)
Train Epoch: 52 [28500/33236 (86%)], loss_tgt 1773.8525390625
(13902544896, 23710007296)
Train Epoch: 52 [29000/33236 (87%)], loss_tgt 1307.9990234375
(13902544896, 23710007296)
Train Epoch: 52 [29500/33236 (89%)], loss_tgt 1363.9986572265625
(13902544896, 23710007296)
Train Epoch: 52 [30000/33236 (90%)], loss_tgt 1529.664306640625
(13902544896, 23710007296)
Train Epoch: 52 [30500/33236 (92%)], loss_tgt 1602.9488525390625
(13902544896, 23710007296)
Train Epoch: 52 [31000/33236 (93%)], loss_tgt 1716.8232421875
(13902544896, 23710007296)
Train Epoch: 52 [31500/33236 (95%)], loss_tgt 1788.80859375
(13902544896, 23710007296)
Train Epoch: 52 [32000/33236 (96%)], loss_tgt 1403.49365234375
(13902544896, 23710007296)
Train Epoch: 52 [32500/33236 (98%)], loss_tgt 1522.3975830078125
(13902544896, 23710007296)
Train Epoch: 52 [33000/33236 (99%)], loss_tgt 1604.36669921875
----------------------------------------Epoch: 53----------------------------------------
(13902544896, 23710007296)
Train Epoch: 53 [0/33236 (0%)], loss_tgt 1382.803955078125
(13902544896, 23710007296)
Train Epoch: 53 [500/33236 (2%)], loss_tgt 1745.3037109375
(13902544896, 23710007296)
Train Epoch: 53 [1000/33236 (3%)], loss_tgt 1430.554931640625
(13902544896, 23710007296)
Train Epoch: 53 [1500/33236 (5%)], loss_tgt 1528.529541015625
(13902544896, 23710007296)
Train Epoch: 53 [2000/33236 (6%)], loss_tgt 1450.166748046875
(13902544896, 23710007296)
Train Epoch: 53 [2500/33236 (8%)], loss_tgt 1372.6058349609375
(13902544896, 23710007296)
Train Epoch: 53 [3000/33236 (9%)], loss_tgt 1698.4283447265625
(13902544896, 23710007296)
Train Epoch: 53 [3500/33236 (11%)], loss_tgt 1559.3717041015625
(13902544896, 23710007296)
Train Epoch: 53 [4000/33236 (12%)], loss_tgt 1651.96923828125
(13902544896, 23710007296)
Train Epoch: 53 [4500/33236 (14%)], loss_tgt 1192.300048828125
(13902544896, 23710007296)
Train Epoch: 53 [5000/33236 (15%)], loss_tgt 1582.020751953125
(13902544896, 23710007296)
Train Epoch: 53 [5500/33236 (17%)], loss_tgt 1334.00439453125
(13902544896, 23710007296)
Train Epoch: 53 [6000/33236 (18%)], loss_tgt 1755.808349609375
(13902544896, 23710007296)
Train Epoch: 53 [6500/33236 (20%)], loss_tgt 1526.95654296875
(13902544896, 23710007296)
Train Epoch: 53 [7000/33236 (21%)], loss_tgt 1515.2545166015625
(13902544896, 23710007296)
Train Epoch: 53 [7500/33236 (23%)], loss_tgt 1510.9019775390625
(13902544896, 23710007296)
Train Epoch: 53 [8000/33236 (24%)], loss_tgt 1754.04833984375
(13902544896, 23710007296)
Train Epoch: 53 [8500/33236 (26%)], loss_tgt 1201.7490234375
(13902544896, 23710007296)
Train Epoch: 53 [9000/33236 (27%)], loss_tgt 1604.584716796875
(13902544896, 23710007296)
Train Epoch: 53 [9500/33236 (29%)], loss_tgt 1185.738037109375
(13902544896, 23710007296)
Train Epoch: 53 [10000/33236 (30%)], loss_tgt 1788.2833251953125
(13902544896, 23710007296)
Train Epoch: 53 [10500/33236 (32%)], loss_tgt 1406.211669921875
(13902544896, 23710007296)
Train Epoch: 53 [11000/33236 (33%)], loss_tgt 1810.88720703125
(13902544896, 23710007296)
Train Epoch: 53 [11500/33236 (35%)], loss_tgt 1742.16455078125
(13902544896, 23710007296)
Train Epoch: 53 [12000/33236 (36%)], loss_tgt 1757.726806640625
(13902544896, 23710007296)
Train Epoch: 53 [12500/33236 (38%)], loss_tgt 1828.067138671875
(13902544896, 23710007296)
Train Epoch: 53 [13000/33236 (39%)], loss_tgt 1435.17333984375
(13902544896, 23710007296)
Train Epoch: 53 [13500/33236 (41%)], loss_tgt 1779.738525390625
(13902544896, 23710007296)
Train Epoch: 53 [14000/33236 (42%)], loss_tgt 1386.9599609375
(13902544896, 23710007296)
Train Epoch: 53 [14500/33236 (44%)], loss_tgt 1412.3150634765625
(13902544896, 23710007296)
Train Epoch: 53 [15000/33236 (45%)], loss_tgt 1582.5828857421875
(13902544896, 23710007296)
Train Epoch: 53 [15500/33236 (47%)], loss_tgt 1302.6488037109375
(13902544896, 23710007296)
Train Epoch: 53 [16000/33236 (48%)], loss_tgt 1673.813720703125
(13902544896, 23710007296)
Train Epoch: 53 [16500/33236 (50%)], loss_tgt 1662.1253662109375
(13902544896, 23710007296)
Train Epoch: 53 [17000/33236 (51%)], loss_tgt 1781.26513671875
(13902544896, 23710007296)
Train Epoch: 53 [17500/33236 (53%)], loss_tgt 1269.488037109375
(13902544896, 23710007296)
Train Epoch: 53 [18000/33236 (54%)], loss_tgt 1566.777587890625
(13902544896, 23710007296)
Train Epoch: 53 [18500/33236 (56%)], loss_tgt 1569.305908203125
(13902544896, 23710007296)
Train Epoch: 53 [19000/33236 (57%)], loss_tgt 1420.45068359375
(13902544896, 23710007296)
Train Epoch: 53 [19500/33236 (59%)], loss_tgt 1553.997314453125
(13902544896, 23710007296)
Train Epoch: 53 [20000/33236 (60%)], loss_tgt 1744.86328125
(13902544896, 23710007296)
Train Epoch: 53 [20500/33236 (62%)], loss_tgt 1088.4427490234375
(13902544896, 23710007296)
Train Epoch: 53 [21000/33236 (63%)], loss_tgt 1330.884033203125
(13902544896, 23710007296)
Train Epoch: 53 [21500/33236 (65%)], loss_tgt 1814.468505859375
(13902544896, 23710007296)
Train Epoch: 53 [22000/33236 (66%)], loss_tgt 1484.8052978515625
(13902544896, 23710007296)
Train Epoch: 53 [22500/33236 (68%)], loss_tgt 1306.6324462890625
(13902544896, 23710007296)
Train Epoch: 53 [23000/33236 (69%)], loss_tgt 1735.858154296875
(13902544896, 23710007296)
Train Epoch: 53 [23500/33236 (71%)], loss_tgt 1538.4285888671875
(13902544896, 23710007296)
Train Epoch: 53 [24000/33236 (72%)], loss_tgt 1437.822021484375
(13902544896, 23710007296)
Train Epoch: 53 [24500/33236 (74%)], loss_tgt 1797.955810546875
(13902544896, 23710007296)
Train Epoch: 53 [25000/33236 (75%)], loss_tgt 1625.838623046875
(13902544896, 23710007296)
Train Epoch: 53 [25500/33236 (77%)], loss_tgt 1740.6416015625
(13902544896, 23710007296)
Train Epoch: 53 [26000/33236 (78%)], loss_tgt 1532.931884765625
(13902544896, 23710007296)
Train Epoch: 53 [26500/33236 (80%)], loss_tgt 1523.417236328125
(13902544896, 23710007296)
Train Epoch: 53 [27000/33236 (81%)], loss_tgt 1793.95751953125
(13902544896, 23710007296)
Train Epoch: 53 [27500/33236 (83%)], loss_tgt 987.965576171875
(13902544896, 23710007296)
Train Epoch: 53 [28000/33236 (84%)], loss_tgt 1803.970458984375
(13902544896, 23710007296)
Train Epoch: 53 [28500/33236 (86%)], loss_tgt 1653.128173828125
(13902544896, 23710007296)
Train Epoch: 53 [29000/33236 (87%)], loss_tgt 1578.2196044921875
(13902544896, 23710007296)
Train Epoch: 53 [29500/33236 (89%)], loss_tgt 1331.6397705078125
(13902544896, 23710007296)
Train Epoch: 53 [30000/33236 (90%)], loss_tgt 1539.807373046875
(13902544896, 23710007296)
Train Epoch: 53 [30500/33236 (92%)], loss_tgt 1234.4951171875
(13902544896, 23710007296)
Train Epoch: 53 [31000/33236 (93%)], loss_tgt 1457.9088134765625
(13902544896, 23710007296)
Train Epoch: 53 [31500/33236 (95%)], loss_tgt 1740.9947509765625
(13902544896, 23710007296)
Train Epoch: 53 [32000/33236 (96%)], loss_tgt 1277.8076171875
(13902544896, 23710007296)
Train Epoch: 53 [32500/33236 (98%)], loss_tgt 1502.8350830078125
(13902544896, 23710007296)
Train Epoch: 53 [33000/33236 (99%)], loss_tgt 1347.1611328125
----------------------------------------Epoch: 54----------------------------------------
(13902544896, 23710007296)
Train Epoch: 54 [0/33236 (0%)], loss_tgt 1406.1256103515625
(13902544896, 23710007296)
Train Epoch: 54 [500/33236 (2%)], loss_tgt 1537.698974609375
(13902544896, 23710007296)
Train Epoch: 54 [1000/33236 (3%)], loss_tgt 1517.493408203125
(13902544896, 23710007296)
Train Epoch: 54 [1500/33236 (5%)], loss_tgt 1472.35400390625
(13902544896, 23710007296)
Train Epoch: 54 [2000/33236 (6%)], loss_tgt 1746.79150390625
(13902544896, 23710007296)
Train Epoch: 54 [2500/33236 (8%)], loss_tgt 1424.96240234375
(13902544896, 23710007296)
Train Epoch: 54 [3000/33236 (9%)], loss_tgt 1393.0596923828125
(13902544896, 23710007296)
Train Epoch: 54 [3500/33236 (11%)], loss_tgt 1706.25048828125
(13902544896, 23710007296)
Train Epoch: 54 [4000/33236 (12%)], loss_tgt 1387.8367919921875
(13902544896, 23710007296)
Train Epoch: 54 [4500/33236 (14%)], loss_tgt 1298.9581298828125
(13902544896, 23710007296)
Train Epoch: 54 [5000/33236 (15%)], loss_tgt 1749.827392578125
(13902544896, 23710007296)
Train Epoch: 54 [5500/33236 (17%)], loss_tgt 1729.79296875
(13902544896, 23710007296)
Train Epoch: 54 [6000/33236 (18%)], loss_tgt 1146.88037109375
(13902544896, 23710007296)
Train Epoch: 54 [6500/33236 (20%)], loss_tgt 1434.457763671875
(13902544896, 23710007296)
Train Epoch: 54 [7000/33236 (21%)], loss_tgt 1103.9913330078125
(13902544896, 23710007296)
Train Epoch: 54 [7500/33236 (23%)], loss_tgt 1460.2349853515625
(13902544896, 23710007296)
Train Epoch: 54 [8000/33236 (24%)], loss_tgt 1648.7606201171875
(13902544896, 23710007296)
Train Epoch: 54 [8500/33236 (26%)], loss_tgt 1527.630615234375
(13902544896, 23710007296)
Train Epoch: 54 [9000/33236 (27%)], loss_tgt 1575.5882568359375
(13902544896, 23710007296)
Train Epoch: 54 [9500/33236 (29%)], loss_tgt 1272.759765625
(13902544896, 23710007296)
Train Epoch: 54 [10000/33236 (30%)], loss_tgt 1396.005615234375
(13902544896, 23710007296)
Train Epoch: 54 [10500/33236 (32%)], loss_tgt 1442.7864990234375
(13902544896, 23710007296)
Train Epoch: 54 [11000/33236 (33%)], loss_tgt 1793.558837890625
(13902544896, 23710007296)
Train Epoch: 54 [11500/33236 (35%)], loss_tgt 1630.65234375
(13902544896, 23710007296)
Train Epoch: 54 [12000/33236 (36%)], loss_tgt 1597.000244140625
(13902544896, 23710007296)
Train Epoch: 54 [12500/33236 (38%)], loss_tgt 1381.14697265625
(13902544896, 23710007296)
Train Epoch: 54 [13000/33236 (39%)], loss_tgt 1680.2625732421875
(13902544896, 23710007296)
Train Epoch: 54 [13500/33236 (41%)], loss_tgt 1330.331298828125
(13902544896, 23710007296)
Train Epoch: 54 [14000/33236 (42%)], loss_tgt 1605.4783935546875
(13902544896, 23710007296)
Train Epoch: 54 [14500/33236 (44%)], loss_tgt 1737.31103515625
(13902544896, 23710007296)
Train Epoch: 54 [15000/33236 (45%)], loss_tgt 1334.316650390625
(13902544896, 23710007296)
Train Epoch: 54 [15500/33236 (47%)], loss_tgt 1149.076416015625
(13902544896, 23710007296)
Train Epoch: 54 [16000/33236 (48%)], loss_tgt 1365.2728271484375
(13902544896, 23710007296)
Train Epoch: 54 [16500/33236 (50%)], loss_tgt 1409.375244140625
(13902544896, 23710007296)
Train Epoch: 54 [17000/33236 (51%)], loss_tgt 1344.286865234375
(13902544896, 23710007296)
Train Epoch: 54 [17500/33236 (53%)], loss_tgt 1791.2154541015625
(13902544896, 23710007296)
Train Epoch: 54 [18000/33236 (54%)], loss_tgt 1656.3919677734375
(13902544896, 23710007296)
Train Epoch: 54 [18500/33236 (56%)], loss_tgt 1414.21875
(13902544896, 23710007296)
Train Epoch: 54 [19000/33236 (57%)], loss_tgt 1279.251708984375
(13902544896, 23710007296)
Train Epoch: 54 [19500/33236 (59%)], loss_tgt 1574.930908203125
(13902544896, 23710007296)
Train Epoch: 54 [20000/33236 (60%)], loss_tgt 1785.974853515625
(13902544896, 23710007296)
Train Epoch: 54 [20500/33236 (62%)], loss_tgt 1647.081298828125
(13902544896, 23710007296)
Train Epoch: 54 [21000/33236 (63%)], loss_tgt 1437.08935546875
(13902544896, 23710007296)
Train Epoch: 54 [21500/33236 (65%)], loss_tgt 1669.657958984375
(13902544896, 23710007296)
Train Epoch: 54 [22000/33236 (66%)], loss_tgt 1490.4296875
(13902544896, 23710007296)
Train Epoch: 54 [22500/33236 (68%)], loss_tgt 1783.9052734375
(13902544896, 23710007296)
Train Epoch: 54 [23000/33236 (69%)], loss_tgt 1508.1219482421875
(13902544896, 23710007296)
Train Epoch: 54 [23500/33236 (71%)], loss_tgt 1595.8775634765625
(13902544896, 23710007296)
Train Epoch: 54 [24000/33236 (72%)], loss_tgt 1565.7452392578125
(13902544896, 23710007296)
Train Epoch: 54 [24500/33236 (74%)], loss_tgt 1488.137939453125
(13902544896, 23710007296)
Train Epoch: 54 [25000/33236 (75%)], loss_tgt 1580.31103515625
(13902544896, 23710007296)
Train Epoch: 54 [25500/33236 (77%)], loss_tgt 1182.3917236328125
(13902544896, 23710007296)
Train Epoch: 54 [26000/33236 (78%)], loss_tgt 1538.610595703125
(13902544896, 23710007296)
Train Epoch: 54 [26500/33236 (80%)], loss_tgt 1570.125
(13902544896, 23710007296)
Train Epoch: 54 [27000/33236 (81%)], loss_tgt 1633.751708984375
(13902544896, 23710007296)
Train Epoch: 54 [27500/33236 (83%)], loss_tgt 1673.599853515625
(13902544896, 23710007296)
Train Epoch: 54 [28000/33236 (84%)], loss_tgt 1728.5333251953125
(13902544896, 23710007296)
Train Epoch: 54 [28500/33236 (86%)], loss_tgt 1581.28515625
(13902544896, 23710007296)
Train Epoch: 54 [29000/33236 (87%)], loss_tgt 1344.089111328125
(13902544896, 23710007296)
Train Epoch: 54 [29500/33236 (89%)], loss_tgt 1554.10400390625
(13902544896, 23710007296)
Train Epoch: 54 [30000/33236 (90%)], loss_tgt 1429.25390625
(13902544896, 23710007296)
Train Epoch: 54 [30500/33236 (92%)], loss_tgt 1793.361572265625
(13902544896, 23710007296)
Train Epoch: 54 [31000/33236 (93%)], loss_tgt 1613.4237060546875
(13902544896, 23710007296)
Train Epoch: 54 [31500/33236 (95%)], loss_tgt 1767.83056640625
(13902544896, 23710007296)
Train Epoch: 54 [32000/33236 (96%)], loss_tgt 1306.156005859375
(13902544896, 23710007296)
Train Epoch: 54 [32500/33236 (98%)], loss_tgt 1738.6044921875
(13902544896, 23710007296)
Train Epoch: 54 [33000/33236 (99%)], loss_tgt 1753.734130859375
----------------------------------------Epoch: 55----------------------------------------
(13902544896, 23710007296)
Train Epoch: 55 [0/33236 (0%)], loss_tgt 1658.955322265625
(13902544896, 23710007296)
Train Epoch: 55 [500/33236 (2%)], loss_tgt 1719.7119140625
(13902544896, 23710007296)
Train Epoch: 55 [1000/33236 (3%)], loss_tgt 1445.334716796875
(13902544896, 23710007296)
Train Epoch: 55 [1500/33236 (5%)], loss_tgt 1370.1650390625
(13902544896, 23710007296)
Train Epoch: 55 [2000/33236 (6%)], loss_tgt 1577.5797119140625
(13902544896, 23710007296)
Train Epoch: 55 [2500/33236 (8%)], loss_tgt 1495.1414794921875
(13902544896, 23710007296)
Train Epoch: 55 [3000/33236 (9%)], loss_tgt 1522.010009765625
(13902544896, 23710007296)
Train Epoch: 55 [3500/33236 (11%)], loss_tgt 1473.810302734375
(13902544896, 23710007296)
Train Epoch: 55 [4000/33236 (12%)], loss_tgt 1525.117431640625
(13902544896, 23710007296)
Train Epoch: 55 [4500/33236 (14%)], loss_tgt 1390.9571533203125
(13902544896, 23710007296)
Train Epoch: 55 [5000/33236 (15%)], loss_tgt 1358.0738525390625
(13902544896, 23710007296)
Train Epoch: 55 [5500/33236 (17%)], loss_tgt 1536.0128173828125
(13902544896, 23710007296)
Train Epoch: 55 [6000/33236 (18%)], loss_tgt 1182.0799560546875
(13902544896, 23710007296)
Train Epoch: 55 [6500/33236 (20%)], loss_tgt 1798.440673828125
(13902544896, 23710007296)
Train Epoch: 55 [7000/33236 (21%)], loss_tgt 1526.920166015625
(13902544896, 23710007296)
Train Epoch: 55 [7500/33236 (23%)], loss_tgt 1506.102294921875
(13902544896, 23710007296)
Train Epoch: 55 [8000/33236 (24%)], loss_tgt 1508.466552734375
(13902544896, 23710007296)
Train Epoch: 55 [8500/33236 (26%)], loss_tgt 1255.06005859375
(13902544896, 23710007296)
Train Epoch: 55 [9000/33236 (27%)], loss_tgt 1360.564208984375
(13902544896, 23710007296)
Train Epoch: 55 [9500/33236 (29%)], loss_tgt 1731.067626953125
(13902544896, 23710007296)
Train Epoch: 55 [10000/33236 (30%)], loss_tgt 1351.2984619140625
(13902544896, 23710007296)
Train Epoch: 55 [10500/33236 (32%)], loss_tgt 1717.9765625
(13902544896, 23710007296)
Train Epoch: 55 [11000/33236 (33%)], loss_tgt 1554.7052001953125
(13902544896, 23710007296)
Train Epoch: 55 [11500/33236 (35%)], loss_tgt 1620.932373046875
(13902544896, 23710007296)
Train Epoch: 55 [12000/33236 (36%)], loss_tgt 1211.9913330078125
(13902544896, 23710007296)
Train Epoch: 55 [12500/33236 (38%)], loss_tgt 1604.099609375
(13902544896, 23710007296)
Train Epoch: 55 [13000/33236 (39%)], loss_tgt 1231.35693359375
(13902544896, 23710007296)
Train Epoch: 55 [13500/33236 (41%)], loss_tgt 1586.699462890625
(13902544896, 23710007296)
Train Epoch: 55 [14000/33236 (42%)], loss_tgt 1697.0693359375
(13902544896, 23710007296)
Train Epoch: 55 [14500/33236 (44%)], loss_tgt 1559.1116943359375
(13902544896, 23710007296)
Train Epoch: 55 [15000/33236 (45%)], loss_tgt 1515.25634765625
(13902544896, 23710007296)
Train Epoch: 55 [15500/33236 (47%)], loss_tgt 1302.1966552734375
(13902544896, 23710007296)
Train Epoch: 55 [16000/33236 (48%)], loss_tgt 1805.555908203125
(13902544896, 23710007296)
Train Epoch: 55 [16500/33236 (50%)], loss_tgt 1516.6357421875
(13902544896, 23710007296)
Train Epoch: 55 [17000/33236 (51%)], loss_tgt 1596.91650390625
(13902544896, 23710007296)
Train Epoch: 55 [17500/33236 (53%)], loss_tgt 1469.75048828125
(13902544896, 23710007296)
Train Epoch: 55 [18000/33236 (54%)], loss_tgt 1345.3699951171875
(13902544896, 23710007296)
Train Epoch: 55 [18500/33236 (56%)], loss_tgt 1666.618896484375
(13902544896, 23710007296)
Train Epoch: 55 [19000/33236 (57%)], loss_tgt 1690.0433349609375
(13902544896, 23710007296)
Train Epoch: 55 [19500/33236 (59%)], loss_tgt 1572.1036376953125
(13902544896, 23710007296)
Train Epoch: 55 [20000/33236 (60%)], loss_tgt 1202.1580810546875
(13902544896, 23710007296)
Train Epoch: 55 [20500/33236 (62%)], loss_tgt 1514.0050048828125
(13902544896, 23710007296)
Train Epoch: 55 [21000/33236 (63%)], loss_tgt 1584.7744140625
(13902544896, 23710007296)
Train Epoch: 55 [21500/33236 (65%)], loss_tgt 1786.715087890625
(13902544896, 23710007296)
Train Epoch: 55 [22000/33236 (66%)], loss_tgt 1394.8016357421875
(13902544896, 23710007296)
Train Epoch: 55 [22500/33236 (68%)], loss_tgt 1339.572509765625
(13902544896, 23710007296)
Train Epoch: 55 [23000/33236 (69%)], loss_tgt 1314.429443359375
(13902544896, 23710007296)
Train Epoch: 55 [23500/33236 (71%)], loss_tgt 1694.427734375
(13902544896, 23710007296)
Train Epoch: 55 [24000/33236 (72%)], loss_tgt 1807.81396484375
(13902544896, 23710007296)
Train Epoch: 55 [24500/33236 (74%)], loss_tgt 1311.85107421875
(13902544896, 23710007296)
Train Epoch: 55 [25000/33236 (75%)], loss_tgt 1768.098388671875
(13902544896, 23710007296)
Train Epoch: 55 [25500/33236 (77%)], loss_tgt 1650.4849853515625
(13902544896, 23710007296)
Train Epoch: 55 [26000/33236 (78%)], loss_tgt 1489.0269775390625
(13902544896, 23710007296)
Train Epoch: 55 [26500/33236 (80%)], loss_tgt 1561.5224609375
(13902544896, 23710007296)
Train Epoch: 55 [27000/33236 (81%)], loss_tgt 1632.1983642578125
(13902544896, 23710007296)
Train Epoch: 55 [27500/33236 (83%)], loss_tgt 1615.4425048828125
(13902544896, 23710007296)
Train Epoch: 55 [28000/33236 (84%)], loss_tgt 1419.888671875
(13902544896, 23710007296)
Train Epoch: 55 [28500/33236 (86%)], loss_tgt 1498.838623046875
(13902544896, 23710007296)
Train Epoch: 55 [29000/33236 (87%)], loss_tgt 1558.1231689453125
(13902544896, 23710007296)
Train Epoch: 55 [29500/33236 (89%)], loss_tgt 1755.67724609375
(13902544896, 23710007296)
Train Epoch: 55 [30000/33236 (90%)], loss_tgt 1520.2802734375
(13902544896, 23710007296)
Train Epoch: 55 [30500/33236 (92%)], loss_tgt 1271.822509765625
(13902544896, 23710007296)
Train Epoch: 55 [31000/33236 (93%)], loss_tgt 1338.1767578125
(13902544896, 23710007296)
Train Epoch: 55 [31500/33236 (95%)], loss_tgt 1513.9136962890625
(13902544896, 23710007296)
Train Epoch: 55 [32000/33236 (96%)], loss_tgt 1721.1280517578125
(13902544896, 23710007296)
Train Epoch: 55 [32500/33236 (98%)], loss_tgt 1587.6669921875
(13902544896, 23710007296)
Train Epoch: 55 [33000/33236 (99%)], loss_tgt 1320.4447021484375
----------------------------------------Epoch: 56----------------------------------------
(13902544896, 23710007296)
Train Epoch: 56 [0/33236 (0%)], loss_tgt 1007.7811279296875
(13902544896, 23710007296)
Train Epoch: 56 [500/33236 (2%)], loss_tgt 1788.7666015625
(13902544896, 23710007296)
Train Epoch: 56 [1000/33236 (3%)], loss_tgt 1310.8426513671875
(13902544896, 23710007296)
Train Epoch: 56 [1500/33236 (5%)], loss_tgt 1740.6617431640625
(13902544896, 23710007296)
Train Epoch: 56 [2000/33236 (6%)], loss_tgt 1725.64306640625
(13902544896, 23710007296)
Train Epoch: 56 [2500/33236 (8%)], loss_tgt 1550.8870849609375
(13902544896, 23710007296)
Train Epoch: 56 [3000/33236 (9%)], loss_tgt 1770.2841796875
(13902544896, 23710007296)
Train Epoch: 56 [3500/33236 (11%)], loss_tgt 1770.1314697265625
(13902544896, 23710007296)
Train Epoch: 56 [4000/33236 (12%)], loss_tgt 1568.16796875
(13902544896, 23710007296)
Train Epoch: 56 [4500/33236 (14%)], loss_tgt 1321.8043212890625
(13902544896, 23710007296)
Train Epoch: 56 [5000/33236 (15%)], loss_tgt 1113.314453125
(13902544896, 23710007296)
Train Epoch: 56 [5500/33236 (17%)], loss_tgt 1802.03857421875
(13902544896, 23710007296)
Train Epoch: 56 [6000/33236 (18%)], loss_tgt 1652.177490234375
(13902544896, 23710007296)
Train Epoch: 56 [6500/33236 (20%)], loss_tgt 1781.21875
(13902544896, 23710007296)
Train Epoch: 56 [7000/33236 (21%)], loss_tgt 1815.6900634765625
(13902544896, 23710007296)
Train Epoch: 56 [7500/33236 (23%)], loss_tgt 1532.95458984375
(13902544896, 23710007296)
Train Epoch: 56 [8000/33236 (24%)], loss_tgt 1738.3875732421875
(13902544896, 23710007296)
Train Epoch: 56 [8500/33236 (26%)], loss_tgt 1570.08984375
(13902544896, 23710007296)
Train Epoch: 56 [9000/33236 (27%)], loss_tgt 1710.85888671875
(13902544896, 23710007296)
Train Epoch: 56 [9500/33236 (29%)], loss_tgt 1759.378662109375
(13902544896, 23710007296)
Train Epoch: 56 [10000/33236 (30%)], loss_tgt 1541.6834716796875
(13902544896, 23710007296)
Train Epoch: 56 [10500/33236 (32%)], loss_tgt 1542.69287109375
(13902544896, 23710007296)
Train Epoch: 56 [11000/33236 (33%)], loss_tgt 1308.819091796875
(13902544896, 23710007296)
Train Epoch: 56 [11500/33236 (35%)], loss_tgt 1553.537109375
(13902544896, 23710007296)
Train Epoch: 56 [12000/33236 (36%)], loss_tgt 1344.16455078125
(13902544896, 23710007296)
Train Epoch: 56 [12500/33236 (38%)], loss_tgt 1439.7838134765625
(13902544896, 23710007296)
Train Epoch: 56 [13000/33236 (39%)], loss_tgt 1528.6844482421875
(13902544896, 23710007296)
Train Epoch: 56 [13500/33236 (41%)], loss_tgt 1402.8515625
(13902544896, 23710007296)
Train Epoch: 56 [14000/33236 (42%)], loss_tgt 1437.3292236328125
(13902544896, 23710007296)
Train Epoch: 56 [14500/33236 (44%)], loss_tgt 1406.7216796875
(13902544896, 23710007296)
Train Epoch: 56 [15000/33236 (45%)], loss_tgt 1795.072265625
(13902544896, 23710007296)
Train Epoch: 56 [15500/33236 (47%)], loss_tgt 1795.984619140625
(13902544896, 23710007296)
Train Epoch: 56 [16000/33236 (48%)], loss_tgt 1450.814697265625
(13902544896, 23710007296)
Train Epoch: 56 [16500/33236 (50%)], loss_tgt 1213.197509765625
(13902544896, 23710007296)
Train Epoch: 56 [17000/33236 (51%)], loss_tgt 1436.5323486328125
(13902544896, 23710007296)
Train Epoch: 56 [17500/33236 (53%)], loss_tgt 1204.119384765625
(13902544896, 23710007296)
Train Epoch: 56 [18000/33236 (54%)], loss_tgt 1107.63330078125
(13902544896, 23710007296)
Train Epoch: 56 [18500/33236 (56%)], loss_tgt 1491.895751953125
(13902544896, 23710007296)
Train Epoch: 56 [19000/33236 (57%)], loss_tgt 1529.14501953125
(13902544896, 23710007296)
Train Epoch: 56 [19500/33236 (59%)], loss_tgt 1109.2581787109375
(13902544896, 23710007296)
Train Epoch: 56 [20000/33236 (60%)], loss_tgt 1576.4483642578125
(13902544896, 23710007296)
Train Epoch: 56 [20500/33236 (62%)], loss_tgt 1635.8740234375
(13902544896, 23710007296)
Train Epoch: 56 [21000/33236 (63%)], loss_tgt 1310.1392822265625
(13902544896, 23710007296)
Train Epoch: 56 [21500/33236 (65%)], loss_tgt 1317.71484375
(13902544896, 23710007296)
Train Epoch: 56 [22000/33236 (66%)], loss_tgt 1407.181396484375
(13902544896, 23710007296)
Train Epoch: 56 [22500/33236 (68%)], loss_tgt 1112.914794921875
(13902544896, 23710007296)
Train Epoch: 56 [23000/33236 (69%)], loss_tgt 1437.819091796875
(13902544896, 23710007296)
Train Epoch: 56 [23500/33236 (71%)], loss_tgt 1419.6475830078125
(13902544896, 23710007296)
Train Epoch: 56 [24000/33236 (72%)], loss_tgt 1291.119140625
(13902544896, 23710007296)
Train Epoch: 56 [24500/33236 (74%)], loss_tgt 1690.81201171875
(13902544896, 23710007296)
Train Epoch: 56 [25000/33236 (75%)], loss_tgt 1449.9849853515625
(13902544896, 23710007296)
Train Epoch: 56 [25500/33236 (77%)], loss_tgt 1352.51611328125
(13902544896, 23710007296)
Train Epoch: 56 [26000/33236 (78%)], loss_tgt 1136.9808349609375
(13902544896, 23710007296)
Train Epoch: 56 [26500/33236 (80%)], loss_tgt 1780.750732421875
(13902544896, 23710007296)
Train Epoch: 56 [27000/33236 (81%)], loss_tgt 1234.834716796875
(13902544896, 23710007296)
Train Epoch: 56 [27500/33236 (83%)], loss_tgt 1715.0333251953125
(13902544896, 23710007296)
Train Epoch: 56 [28000/33236 (84%)], loss_tgt 1261.9415283203125
(13902544896, 23710007296)
Train Epoch: 56 [28500/33236 (86%)], loss_tgt 1535.325927734375
(13902544896, 23710007296)
Train Epoch: 56 [29000/33236 (87%)], loss_tgt 1214.830078125
(13902544896, 23710007296)
Train Epoch: 56 [29500/33236 (89%)], loss_tgt 1401.88623046875
(13902544896, 23710007296)
Train Epoch: 56 [30000/33236 (90%)], loss_tgt 1557.2969970703125
(13902544896, 23710007296)
Train Epoch: 56 [30500/33236 (92%)], loss_tgt 1750.590576171875
(13902544896, 23710007296)
Train Epoch: 56 [31000/33236 (93%)], loss_tgt 1143.8228759765625
(13902544896, 23710007296)
Train Epoch: 56 [31500/33236 (95%)], loss_tgt 1726.4658203125
(13902544896, 23710007296)
Train Epoch: 56 [32000/33236 (96%)], loss_tgt 1605.424560546875
(13902544896, 23710007296)
Train Epoch: 56 [32500/33236 (98%)], loss_tgt 1248.3040771484375
(13902544896, 23710007296)
Train Epoch: 56 [33000/33236 (99%)], loss_tgt 1422.20703125
----------------------------------------Epoch: 57----------------------------------------
(13902544896, 23710007296)
Train Epoch: 57 [0/33236 (0%)], loss_tgt 1418.008544921875
(13902544896, 23710007296)
Train Epoch: 57 [500/33236 (2%)], loss_tgt 1704.6578369140625
(13902544896, 23710007296)
Train Epoch: 57 [1000/33236 (3%)], loss_tgt 1292.906982421875
(13902544896, 23710007296)
Train Epoch: 57 [1500/33236 (5%)], loss_tgt 1480.3822021484375
(13902544896, 23710007296)
Train Epoch: 57 [2000/33236 (6%)], loss_tgt 1741.975341796875
(13902544896, 23710007296)
Train Epoch: 57 [2500/33236 (8%)], loss_tgt 1736.1656494140625
(13902544896, 23710007296)
Train Epoch: 57 [3000/33236 (9%)], loss_tgt 1788.40966796875
(13902544896, 23710007296)
Train Epoch: 57 [3500/33236 (11%)], loss_tgt 1615.1282958984375
(13902544896, 23710007296)
Train Epoch: 57 [4000/33236 (12%)], loss_tgt 1387.9324951171875
(13902544896, 23710007296)
Train Epoch: 57 [4500/33236 (14%)], loss_tgt 981.2393188476562
(13902544896, 23710007296)
Train Epoch: 57 [5000/33236 (15%)], loss_tgt 1519.015869140625
(13902544896, 23710007296)
Train Epoch: 57 [5500/33236 (17%)], loss_tgt 1789.232177734375
(13902544896, 23710007296)
Train Epoch: 57 [6000/33236 (18%)], loss_tgt 1430.295166015625
(13902544896, 23710007296)
Train Epoch: 57 [6500/33236 (20%)], loss_tgt 1378.4228515625
(13902544896, 23710007296)
Train Epoch: 57 [7000/33236 (21%)], loss_tgt 1539.5810546875
(13902544896, 23710007296)
Train Epoch: 57 [7500/33236 (23%)], loss_tgt 1738.689208984375
(13902544896, 23710007296)
Train Epoch: 57 [8000/33236 (24%)], loss_tgt 1360.8800048828125
(13902544896, 23710007296)
Train Epoch: 57 [8500/33236 (26%)], loss_tgt 1464.276611328125
(13902544896, 23710007296)
Train Epoch: 57 [9000/33236 (27%)], loss_tgt 1536.9371337890625
(13902544896, 23710007296)
Train Epoch: 57 [9500/33236 (29%)], loss_tgt 1377.5810546875
(13902544896, 23710007296)
Train Epoch: 57 [10000/33236 (30%)], loss_tgt 1347.4193115234375
(13902544896, 23710007296)
Train Epoch: 57 [10500/33236 (32%)], loss_tgt 1278.370849609375
(13902544896, 23710007296)
Train Epoch: 57 [11000/33236 (33%)], loss_tgt 1742.259033203125
(13902544896, 23710007296)
Train Epoch: 57 [11500/33236 (35%)], loss_tgt 1582.88330078125
(13902544896, 23710007296)
Train Epoch: 57 [12000/33236 (36%)], loss_tgt 1506.8006591796875
(13902544896, 23710007296)
Train Epoch: 57 [12500/33236 (38%)], loss_tgt 1483.7064208984375
(13902544896, 23710007296)
Train Epoch: 57 [13000/33236 (39%)], loss_tgt 1791.72607421875
(13902544896, 23710007296)
Train Epoch: 57 [13500/33236 (41%)], loss_tgt 1747.80859375
(13902544896, 23710007296)
Train Epoch: 57 [14000/33236 (42%)], loss_tgt 1564.65576171875
(13902544896, 23710007296)
Train Epoch: 57 [14500/33236 (44%)], loss_tgt 1536.921875
(13902544896, 23710007296)
Train Epoch: 57 [15000/33236 (45%)], loss_tgt 1715.57958984375
(13902544896, 23710007296)
Train Epoch: 57 [15500/33236 (47%)], loss_tgt 1532.279541015625
(13902544896, 23710007296)
Train Epoch: 57 [16000/33236 (48%)], loss_tgt 1472.841796875
(13902544896, 23710007296)
Train Epoch: 57 [16500/33236 (50%)], loss_tgt 1816.015625
(13902544896, 23710007296)
Train Epoch: 57 [17000/33236 (51%)], loss_tgt 1369.72021484375
(13902544896, 23710007296)
Train Epoch: 57 [17500/33236 (53%)], loss_tgt 1742.76953125
(13902544896, 23710007296)
Train Epoch: 57 [18000/33236 (54%)], loss_tgt 1433.0567626953125
(13902544896, 23710007296)
Train Epoch: 57 [18500/33236 (56%)], loss_tgt 1478.1400146484375
(13902544896, 23710007296)
Train Epoch: 57 [19000/33236 (57%)], loss_tgt 1818.014404296875
(13902544896, 23710007296)
Train Epoch: 57 [19500/33236 (59%)], loss_tgt 1741.239990234375
(13902544896, 23710007296)
Train Epoch: 57 [20000/33236 (60%)], loss_tgt 1230.79052734375
(13902544896, 23710007296)
Train Epoch: 57 [20500/33236 (62%)], loss_tgt 1476.59375
(13902544896, 23710007296)
Train Epoch: 57 [21000/33236 (63%)], loss_tgt 1754.456298828125
(13902544896, 23710007296)
Train Epoch: 57 [21500/33236 (65%)], loss_tgt 1627.123046875
(13902544896, 23710007296)
Train Epoch: 57 [22000/33236 (66%)], loss_tgt 1800.006103515625
(13902544896, 23710007296)
Train Epoch: 57 [22500/33236 (68%)], loss_tgt 1492.8736572265625
(13902544896, 23710007296)
Train Epoch: 57 [23000/33236 (69%)], loss_tgt 1773.11767578125
(13902544896, 23710007296)
Train Epoch: 57 [23500/33236 (71%)], loss_tgt 1352.0452880859375
(13902544896, 23710007296)
Train Epoch: 57 [24000/33236 (72%)], loss_tgt 1300.4688720703125
(13902544896, 23710007296)
Train Epoch: 57 [24500/33236 (74%)], loss_tgt 1415.3853759765625
(13902544896, 23710007296)
Train Epoch: 57 [25000/33236 (75%)], loss_tgt 1736.70361328125
(13902544896, 23710007296)
Train Epoch: 57 [25500/33236 (77%)], loss_tgt 1700.8856201171875
(13902544896, 23710007296)
Train Epoch: 57 [26000/33236 (78%)], loss_tgt 1763.281982421875
(13902544896, 23710007296)
Train Epoch: 57 [26500/33236 (80%)], loss_tgt 1780.6016845703125
(13902544896, 23710007296)
Train Epoch: 57 [27000/33236 (81%)], loss_tgt 1452.35888671875
(13902544896, 23710007296)
Train Epoch: 57 [27500/33236 (83%)], loss_tgt 1539.2559814453125
(13902544896, 23710007296)
Train Epoch: 57 [28000/33236 (84%)], loss_tgt 1131.4755859375
(13902544896, 23710007296)
Train Epoch: 57 [28500/33236 (86%)], loss_tgt 1394.5804443359375
(13902544896, 23710007296)
Train Epoch: 57 [29000/33236 (87%)], loss_tgt 1623.92822265625
(13902544896, 23710007296)
Train Epoch: 57 [29500/33236 (89%)], loss_tgt 1503.2633056640625
(13902544896, 23710007296)
Train Epoch: 57 [30000/33236 (90%)], loss_tgt 1822.686767578125
(13902544896, 23710007296)
Train Epoch: 57 [30500/33236 (92%)], loss_tgt 1307.4033203125
(13902544896, 23710007296)
Train Epoch: 57 [31000/33236 (93%)], loss_tgt 1288.8968505859375
(13902544896, 23710007296)
Train Epoch: 57 [31500/33236 (95%)], loss_tgt 1774.580810546875
(13902544896, 23710007296)
Train Epoch: 57 [32000/33236 (96%)], loss_tgt 1391.4627685546875
(13902544896, 23710007296)
Train Epoch: 57 [32500/33236 (98%)], loss_tgt 1764.7659912109375
(13902544896, 23710007296)
Train Epoch: 57 [33000/33236 (99%)], loss_tgt 1290.0712890625
----------------------------------------Epoch: 58----------------------------------------
(13902544896, 23710007296)
Train Epoch: 58 [0/33236 (0%)], loss_tgt 1582.09033203125
(13902544896, 23710007296)
Train Epoch: 58 [500/33236 (2%)], loss_tgt 1138.25537109375
(13902544896, 23710007296)
Train Epoch: 58 [1000/33236 (3%)], loss_tgt 1787.388671875
(13902544896, 23710007296)
Train Epoch: 58 [1500/33236 (5%)], loss_tgt 1521.90576171875
(13902544896, 23710007296)
Train Epoch: 58 [2000/33236 (6%)], loss_tgt 1692.004638671875
(13902544896, 23710007296)
Train Epoch: 58 [2500/33236 (8%)], loss_tgt 1440.5557861328125
(13902544896, 23710007296)
Train Epoch: 58 [3000/33236 (9%)], loss_tgt 1686.51708984375
(13902544896, 23710007296)
Train Epoch: 58 [3500/33236 (11%)], loss_tgt 1785.7650146484375
(13902544896, 23710007296)
Train Epoch: 58 [4000/33236 (12%)], loss_tgt 1480.1910400390625
(13902544896, 23710007296)
Train Epoch: 58 [4500/33236 (14%)], loss_tgt 1114.5003662109375
(13902544896, 23710007296)
Train Epoch: 58 [5000/33236 (15%)], loss_tgt 1519.62109375
(13902544896, 23710007296)
Train Epoch: 58 [5500/33236 (17%)], loss_tgt 1474.757568359375
(13902544896, 23710007296)
Train Epoch: 58 [6000/33236 (18%)], loss_tgt 1547.4951171875
(13902544896, 23710007296)
Train Epoch: 58 [6500/33236 (20%)], loss_tgt 1595.955810546875
(13902544896, 23710007296)
Train Epoch: 58 [7000/33236 (21%)], loss_tgt 1692.7423095703125
(13902544896, 23710007296)
Train Epoch: 58 [7500/33236 (23%)], loss_tgt 1746.2752685546875
(13902544896, 23710007296)
Train Epoch: 58 [8000/33236 (24%)], loss_tgt 1371.4818115234375
(13902544896, 23710007296)
Train Epoch: 58 [8500/33236 (26%)], loss_tgt 1154.6732177734375
(13902544896, 23710007296)
Train Epoch: 58 [9000/33236 (27%)], loss_tgt 1557.8304443359375
(13902544896, 23710007296)
Train Epoch: 58 [9500/33236 (29%)], loss_tgt 1048.5206298828125
(13902544896, 23710007296)
Train Epoch: 58 [10000/33236 (30%)], loss_tgt 1715.4835205078125
(13902544896, 23710007296)
Train Epoch: 58 [10500/33236 (32%)], loss_tgt 1564.6766357421875
(13902544896, 23710007296)
Train Epoch: 58 [11000/33236 (33%)], loss_tgt 1389.0062255859375
(13902544896, 23710007296)
Train Epoch: 58 [11500/33236 (35%)], loss_tgt 1714.638916015625
(13902544896, 23710007296)
Train Epoch: 58 [12000/33236 (36%)], loss_tgt 1793.0399169921875
(13902544896, 23710007296)
Train Epoch: 58 [12500/33236 (38%)], loss_tgt 1744.29052734375
(13902544896, 23710007296)
Train Epoch: 58 [13000/33236 (39%)], loss_tgt 1407.600830078125
(13902544896, 23710007296)
Train Epoch: 58 [13500/33236 (41%)], loss_tgt 1580.3826904296875
(13902544896, 23710007296)
Train Epoch: 58 [14000/33236 (42%)], loss_tgt 1642.2283935546875
(13902544896, 23710007296)
Train Epoch: 58 [14500/33236 (44%)], loss_tgt 1249.017822265625
(13902544896, 23710007296)
Train Epoch: 58 [15000/33236 (45%)], loss_tgt 1572.57421875
(13902544896, 23710007296)
Train Epoch: 58 [15500/33236 (47%)], loss_tgt 1661.22802734375
(13902544896, 23710007296)
Train Epoch: 58 [16000/33236 (48%)], loss_tgt 1228.179931640625
(13902544896, 23710007296)
Train Epoch: 58 [16500/33236 (50%)], loss_tgt 1368.450927734375
(13902544896, 23710007296)
Train Epoch: 58 [17000/33236 (51%)], loss_tgt 1380.97314453125
(13902544896, 23710007296)
Train Epoch: 58 [17500/33236 (53%)], loss_tgt 1304.4072265625
(13902544896, 23710007296)
Train Epoch: 58 [18000/33236 (54%)], loss_tgt 1546.611083984375
(13902544896, 23710007296)
Train Epoch: 58 [18500/33236 (56%)], loss_tgt 1508.8492431640625
(13902544896, 23710007296)
Train Epoch: 58 [19000/33236 (57%)], loss_tgt 1420.3408203125
(13902544896, 23710007296)
Train Epoch: 58 [19500/33236 (59%)], loss_tgt 1594.166015625
(13902544896, 23710007296)
Train Epoch: 58 [20000/33236 (60%)], loss_tgt 1598.018310546875
(13902544896, 23710007296)
Train Epoch: 58 [20500/33236 (62%)], loss_tgt 1840.545654296875
(13902544896, 23710007296)
Train Epoch: 58 [21000/33236 (63%)], loss_tgt 1446.4361572265625
(13902544896, 23710007296)
Train Epoch: 58 [21500/33236 (65%)], loss_tgt 1684.4393310546875
(13902544896, 23710007296)
Train Epoch: 58 [22000/33236 (66%)], loss_tgt 1297.599609375
(13902544896, 23710007296)
Train Epoch: 58 [22500/33236 (68%)], loss_tgt 1548.7432861328125
(13902544896, 23710007296)
Train Epoch: 58 [23000/33236 (69%)], loss_tgt 1447.78076171875
(13902544896, 23710007296)
Train Epoch: 58 [23500/33236 (71%)], loss_tgt 1778.59619140625
(13902544896, 23710007296)
Train Epoch: 58 [24000/33236 (72%)], loss_tgt 1808.8912353515625
(13902544896, 23710007296)
Train Epoch: 58 [24500/33236 (74%)], loss_tgt 1352.8333740234375
(13902544896, 23710007296)
Train Epoch: 58 [25000/33236 (75%)], loss_tgt 1540.4560546875
(13902544896, 23710007296)
Train Epoch: 58 [25500/33236 (77%)], loss_tgt 1764.2039794921875
(13902544896, 23710007296)
Train Epoch: 58 [26000/33236 (78%)], loss_tgt 1529.1943359375
(13902544896, 23710007296)
Train Epoch: 58 [26500/33236 (80%)], loss_tgt 1040.031005859375
(13902544896, 23710007296)
Train Epoch: 58 [27000/33236 (81%)], loss_tgt 1463.994140625
(13902544896, 23710007296)
Train Epoch: 58 [27500/33236 (83%)], loss_tgt 993.031005859375
(13902544896, 23710007296)
Train Epoch: 58 [28000/33236 (84%)], loss_tgt 1582.2093505859375
(13902544896, 23710007296)
Train Epoch: 58 [28500/33236 (86%)], loss_tgt 1464.1181640625
(13902544896, 23710007296)
Train Epoch: 58 [29000/33236 (87%)], loss_tgt 1487.29736328125
(13902544896, 23710007296)
Train Epoch: 58 [29500/33236 (89%)], loss_tgt 1610.5771484375
(13902544896, 23710007296)
Train Epoch: 58 [30000/33236 (90%)], loss_tgt 1491.4615478515625
(13902544896, 23710007296)
Train Epoch: 58 [30500/33236 (92%)], loss_tgt 1736.6904296875
(13902544896, 23710007296)
Train Epoch: 58 [31000/33236 (93%)], loss_tgt 1610.2598876953125
(13902544896, 23710007296)
Train Epoch: 58 [31500/33236 (95%)], loss_tgt 1262.1083984375
(13902544896, 23710007296)
Train Epoch: 58 [32000/33236 (96%)], loss_tgt 1159.6048583984375
(13902544896, 23710007296)
Train Epoch: 58 [32500/33236 (98%)], loss_tgt 1148.6085205078125
(13902544896, 23710007296)
Train Epoch: 58 [33000/33236 (99%)], loss_tgt 1783.173095703125
----------------------------------------Epoch: 59----------------------------------------
(13902544896, 23710007296)
Train Epoch: 59 [0/33236 (0%)], loss_tgt 1409.760498046875
(13902544896, 23710007296)
Train Epoch: 59 [500/33236 (2%)], loss_tgt 1342.5107421875
(13902544896, 23710007296)
Train Epoch: 59 [1000/33236 (3%)], loss_tgt 1499.0244140625
(13902544896, 23710007296)
Train Epoch: 59 [1500/33236 (5%)], loss_tgt 1268.21533203125
(13902544896, 23710007296)
Train Epoch: 59 [2000/33236 (6%)], loss_tgt 1547.1534423828125
(13902544896, 23710007296)
Train Epoch: 59 [2500/33236 (8%)], loss_tgt 1741.055908203125
(13902544896, 23710007296)
Train Epoch: 59 [3000/33236 (9%)], loss_tgt 1747.118408203125
(13902544896, 23710007296)
Train Epoch: 59 [3500/33236 (11%)], loss_tgt 1557.866455078125
(13902544896, 23710007296)
Train Epoch: 59 [4000/33236 (12%)], loss_tgt 1307.284423828125
(13902544896, 23710007296)
Train Epoch: 59 [4500/33236 (14%)], loss_tgt 1748.368896484375
(13902544896, 23710007296)
Train Epoch: 59 [5000/33236 (15%)], loss_tgt 1596.667724609375
(13902544896, 23710007296)
Train Epoch: 59 [5500/33236 (17%)], loss_tgt 1367.902587890625
(13902544896, 23710007296)
Train Epoch: 59 [6000/33236 (18%)], loss_tgt 1399.74267578125
(13902544896, 23710007296)
Train Epoch: 59 [6500/33236 (20%)], loss_tgt 1367.0557861328125
(13902544896, 23710007296)
Train Epoch: 59 [7000/33236 (21%)], loss_tgt 1369.0595703125
(13902544896, 23710007296)
Train Epoch: 59 [7500/33236 (23%)], loss_tgt 1282.4176025390625
(13902544896, 23710007296)
Train Epoch: 59 [8000/33236 (24%)], loss_tgt 1781.845703125
(13902544896, 23710007296)
Train Epoch: 59 [8500/33236 (26%)], loss_tgt 1125.5953369140625
(13902544896, 23710007296)
Train Epoch: 59 [9000/33236 (27%)], loss_tgt 1677.89208984375
(13902544896, 23710007296)
Train Epoch: 59 [9500/33236 (29%)], loss_tgt 1563.064453125
(13902544896, 23710007296)
Train Epoch: 59 [10000/33236 (30%)], loss_tgt 1189.6781005859375
(13902544896, 23710007296)
Train Epoch: 59 [10500/33236 (32%)], loss_tgt 1552.123779296875
(13902544896, 23710007296)
Train Epoch: 59 [11000/33236 (33%)], loss_tgt 1587.61767578125
(13902544896, 23710007296)
Train Epoch: 59 [11500/33236 (35%)], loss_tgt 1572.4149169921875
(13902544896, 23710007296)
Train Epoch: 59 [12000/33236 (36%)], loss_tgt 1798.29345703125
(13902544896, 23710007296)
Train Epoch: 59 [12500/33236 (38%)], loss_tgt 1580.319580078125
(13902544896, 23710007296)
Train Epoch: 59 [13000/33236 (39%)], loss_tgt 1331.015869140625
(13902544896, 23710007296)
Train Epoch: 59 [13500/33236 (41%)], loss_tgt 1564.849365234375
(13902544896, 23710007296)
Train Epoch: 59 [14000/33236 (42%)], loss_tgt 1588.2415771484375
(13902544896, 23710007296)
Train Epoch: 59 [14500/33236 (44%)], loss_tgt 1642.563720703125
(13902544896, 23710007296)
Train Epoch: 59 [15000/33236 (45%)], loss_tgt 1246.9210205078125
(13902544896, 23710007296)
Train Epoch: 59 [15500/33236 (47%)], loss_tgt 1582.322998046875
(13902544896, 23710007296)
Train Epoch: 59 [16000/33236 (48%)], loss_tgt 1791.2706298828125
(13902544896, 23710007296)
Train Epoch: 59 [16500/33236 (50%)], loss_tgt 1721.6529541015625
(13902544896, 23710007296)
Train Epoch: 59 [17000/33236 (51%)], loss_tgt 1679.8388671875
(13902544896, 23710007296)
Train Epoch: 59 [17500/33236 (53%)], loss_tgt 1528.14892578125
(13902544896, 23710007296)
Train Epoch: 59 [18000/33236 (54%)], loss_tgt 1382.5841064453125
(13902544896, 23710007296)
Train Epoch: 59 [18500/33236 (56%)], loss_tgt 1502.268798828125
(13902544896, 23710007296)
Train Epoch: 59 [19000/33236 (57%)], loss_tgt 1527.023681640625
(13902544896, 23710007296)
Train Epoch: 59 [19500/33236 (59%)], loss_tgt 1613.1387939453125
(13902544896, 23710007296)
Train Epoch: 59 [20000/33236 (60%)], loss_tgt 1690.541259765625
(13902544896, 23710007296)
Train Epoch: 59 [20500/33236 (62%)], loss_tgt 1728.455322265625
(13902544896, 23710007296)
Train Epoch: 59 [21000/33236 (63%)], loss_tgt 1358.6734619140625
(13902544896, 23710007296)
Train Epoch: 59 [21500/33236 (65%)], loss_tgt 1645.5771484375
(13902544896, 23710007296)
Train Epoch: 59 [22000/33236 (66%)], loss_tgt 1632.0096435546875
(13902544896, 23710007296)
Train Epoch: 59 [22500/33236 (68%)], loss_tgt 1741.512939453125
(13902544896, 23710007296)
Train Epoch: 59 [23000/33236 (69%)], loss_tgt 1500.410888671875
(13902544896, 23710007296)
Train Epoch: 59 [23500/33236 (71%)], loss_tgt 1502.224853515625
(13902544896, 23710007296)
Train Epoch: 59 [24000/33236 (72%)], loss_tgt 1289.864013671875
(13902544896, 23710007296)
Train Epoch: 59 [24500/33236 (74%)], loss_tgt 1507.2294921875
(13902544896, 23710007296)
Train Epoch: 59 [25000/33236 (75%)], loss_tgt 1498.5491943359375
(13902544896, 23710007296)
Train Epoch: 59 [25500/33236 (77%)], loss_tgt 1527.4765625
(13902544896, 23710007296)
Train Epoch: 59 [26000/33236 (78%)], loss_tgt 1660.0177001953125
(13902544896, 23710007296)
Train Epoch: 59 [26500/33236 (80%)], loss_tgt 1804.7452392578125
(13902544896, 23710007296)
Train Epoch: 59 [27000/33236 (81%)], loss_tgt 1651.3597412109375
(13902544896, 23710007296)
Train Epoch: 59 [27500/33236 (83%)], loss_tgt 1207.7021484375
(13902544896, 23710007296)
Train Epoch: 59 [28000/33236 (84%)], loss_tgt 1441.7423095703125
(13902544896, 23710007296)
Train Epoch: 59 [28500/33236 (86%)], loss_tgt 1638.010498046875
(13902544896, 23710007296)
Train Epoch: 59 [29000/33236 (87%)], loss_tgt 1574.973876953125
(13902544896, 23710007296)
Train Epoch: 59 [29500/33236 (89%)], loss_tgt 1636.973876953125
(13902544896, 23710007296)
Train Epoch: 59 [30000/33236 (90%)], loss_tgt 1605.3319091796875
(13902544896, 23710007296)
Train Epoch: 59 [30500/33236 (92%)], loss_tgt 1286.040283203125
(13902544896, 23710007296)
Train Epoch: 59 [31000/33236 (93%)], loss_tgt 1614.66796875
(13902544896, 23710007296)
Train Epoch: 59 [31500/33236 (95%)], loss_tgt 1404.1939697265625
(13902544896, 23710007296)
Train Epoch: 59 [32000/33236 (96%)], loss_tgt 1307.1636962890625
(13902544896, 23710007296)
Train Epoch: 59 [32500/33236 (98%)], loss_tgt 1718.834228515625
(13902544896, 23710007296)
Train Epoch: 59 [33000/33236 (99%)], loss_tgt 1735.71484375
----------------------------------------Epoch: 60----------------------------------------
(13902544896, 23710007296)
Train Epoch: 60 [0/33236 (0%)], loss_tgt 1363.33349609375
(13902544896, 23710007296)
Train Epoch: 60 [500/33236 (2%)], loss_tgt 1686.548583984375
(13902544896, 23710007296)
Train Epoch: 60 [1000/33236 (3%)], loss_tgt 1731.441162109375
(13902544896, 23710007296)
Train Epoch: 60 [1500/33236 (5%)], loss_tgt 1695.634521484375
(13902544896, 23710007296)
Train Epoch: 60 [2000/33236 (6%)], loss_tgt 1575.339599609375
(13902544896, 23710007296)
Train Epoch: 60 [2500/33236 (8%)], loss_tgt 1201.156005859375
(13902544896, 23710007296)
Train Epoch: 60 [3000/33236 (9%)], loss_tgt 1686.62060546875
(13902544896, 23710007296)
Train Epoch: 60 [3500/33236 (11%)], loss_tgt 1597.132568359375
(13902544896, 23710007296)
Train Epoch: 60 [4000/33236 (12%)], loss_tgt 1321.498779296875
(13902544896, 23710007296)
Train Epoch: 60 [4500/33236 (14%)], loss_tgt 1502.3245849609375
(13902544896, 23710007296)
Train Epoch: 60 [5000/33236 (15%)], loss_tgt 1696.7061767578125
(13902544896, 23710007296)
Train Epoch: 60 [5500/33236 (17%)], loss_tgt 1744.068115234375
(13902544896, 23710007296)
Train Epoch: 60 [6000/33236 (18%)], loss_tgt 1774.43505859375
(13902544896, 23710007296)
Train Epoch: 60 [6500/33236 (20%)], loss_tgt 1713.302001953125
(13902544896, 23710007296)
Train Epoch: 60 [7000/33236 (21%)], loss_tgt 1696.21826171875
(13902544896, 23710007296)
Train Epoch: 60 [7500/33236 (23%)], loss_tgt 1530.9835205078125
(13902544896, 23710007296)
Train Epoch: 60 [8000/33236 (24%)], loss_tgt 1527.3441162109375
(13902544896, 23710007296)
Train Epoch: 60 [8500/33236 (26%)], loss_tgt 1599.3758544921875
(13902544896, 23710007296)
Train Epoch: 60 [9000/33236 (27%)], loss_tgt 1697.8209228515625
(13902544896, 23710007296)
Train Epoch: 60 [9500/33236 (29%)], loss_tgt 1112.7960205078125
(13902544896, 23710007296)
Train Epoch: 60 [10000/33236 (30%)], loss_tgt 1761.53271484375
(13902544896, 23710007296)
Train Epoch: 60 [10500/33236 (32%)], loss_tgt 1752.09765625
(13902544896, 23710007296)
Train Epoch: 60 [11000/33236 (33%)], loss_tgt 1525.8760986328125
(13902544896, 23710007296)
Train Epoch: 60 [11500/33236 (35%)], loss_tgt 1566.5723876953125
(13902544896, 23710007296)
Train Epoch: 60 [12000/33236 (36%)], loss_tgt 1676.026123046875
(13902544896, 23710007296)
Train Epoch: 60 [12500/33236 (38%)], loss_tgt 1519.432861328125
(13902544896, 23710007296)
Train Epoch: 60 [13000/33236 (39%)], loss_tgt 1187.1796875
(13902544896, 23710007296)
Train Epoch: 60 [13500/33236 (41%)], loss_tgt 1704.911376953125
(13902544896, 23710007296)
Train Epoch: 60 [14000/33236 (42%)], loss_tgt 1641.759765625
(13902544896, 23710007296)
Train Epoch: 60 [14500/33236 (44%)], loss_tgt 1758.607421875
(13902544896, 23710007296)
Train Epoch: 60 [15000/33236 (45%)], loss_tgt 1764.38720703125
(13902544896, 23710007296)
Train Epoch: 60 [15500/33236 (47%)], loss_tgt 1478.1280517578125
(13902544896, 23710007296)
Train Epoch: 60 [16000/33236 (48%)], loss_tgt 1620.96630859375
(13902544896, 23710007296)
Train Epoch: 60 [16500/33236 (50%)], loss_tgt 1136.898193359375
(13902544896, 23710007296)
Train Epoch: 60 [17000/33236 (51%)], loss_tgt 1225.172607421875
(13902544896, 23710007296)
Train Epoch: 60 [17500/33236 (53%)], loss_tgt 1366.6943359375
(13902544896, 23710007296)
Train Epoch: 60 [18000/33236 (54%)], loss_tgt 1492.2039794921875
(13902544896, 23710007296)
Train Epoch: 60 [18500/33236 (56%)], loss_tgt 1517.8157958984375
(13902544896, 23710007296)
Train Epoch: 60 [19000/33236 (57%)], loss_tgt 1575.053955078125
(13902544896, 23710007296)
Train Epoch: 60 [19500/33236 (59%)], loss_tgt 1745.521240234375
(13902544896, 23710007296)
Train Epoch: 60 [20000/33236 (60%)], loss_tgt 1501.95947265625
(13902544896, 23710007296)
Train Epoch: 60 [20500/33236 (62%)], loss_tgt 1850.4407958984375
(13902544896, 23710007296)
Train Epoch: 60 [21000/33236 (63%)], loss_tgt 1387.171142578125
(13902544896, 23710007296)
Train Epoch: 60 [21500/33236 (65%)], loss_tgt 1679.900390625
(13902544896, 23710007296)
Train Epoch: 60 [22000/33236 (66%)], loss_tgt 1724.140625
(13902544896, 23710007296)
Train Epoch: 60 [22500/33236 (68%)], loss_tgt 1489.40966796875
(13902544896, 23710007296)
Train Epoch: 60 [23000/33236 (69%)], loss_tgt 1319.1109619140625
(13902544896, 23710007296)
Train Epoch: 60 [23500/33236 (71%)], loss_tgt 1661.890380859375
(13902544896, 23710007296)
Train Epoch: 60 [24000/33236 (72%)], loss_tgt 1610.005615234375
(13902544896, 23710007296)
Train Epoch: 60 [24500/33236 (74%)], loss_tgt 1714.31298828125
(13902544896, 23710007296)
Train Epoch: 60 [25000/33236 (75%)], loss_tgt 1426.2100830078125
(13902544896, 23710007296)
Train Epoch: 60 [25500/33236 (77%)], loss_tgt 1470.432861328125
(13902544896, 23710007296)
Train Epoch: 60 [26000/33236 (78%)], loss_tgt 1191.0511474609375
(13902544896, 23710007296)
Train Epoch: 60 [26500/33236 (80%)], loss_tgt 1377.8092041015625
(13902544896, 23710007296)
Train Epoch: 60 [27000/33236 (81%)], loss_tgt 1419.913818359375
(13902544896, 23710007296)
Train Epoch: 60 [27500/33236 (83%)], loss_tgt 1420.298095703125
(13902544896, 23710007296)
Train Epoch: 60 [28000/33236 (84%)], loss_tgt 1336.822265625
(13902544896, 23710007296)
Train Epoch: 60 [28500/33236 (86%)], loss_tgt 1679.3128662109375
(13902544896, 23710007296)
Train Epoch: 60 [29000/33236 (87%)], loss_tgt 1674.1107177734375
(13902544896, 23710007296)
Train Epoch: 60 [29500/33236 (89%)], loss_tgt 1666.36181640625
(13902544896, 23710007296)
Train Epoch: 60 [30000/33236 (90%)], loss_tgt 1780.6640625
(13902544896, 23710007296)
Train Epoch: 60 [30500/33236 (92%)], loss_tgt 1732.814697265625
(13902544896, 23710007296)
Train Epoch: 60 [31000/33236 (93%)], loss_tgt 1642.0999755859375
(13902544896, 23710007296)
Train Epoch: 60 [31500/33236 (95%)], loss_tgt 1165.8931884765625
(13902544896, 23710007296)
Train Epoch: 60 [32000/33236 (96%)], loss_tgt 1569.60107421875
(13902544896, 23710007296)
Train Epoch: 60 [32500/33236 (98%)], loss_tgt 1667.94091796875
(13902544896, 23710007296)
Train Epoch: 60 [33000/33236 (99%)], loss_tgt 1378.6995849609375
----------------------------------------Epoch: 61----------------------------------------
(13902544896, 23710007296)
Train Epoch: 61 [0/33236 (0%)], loss_tgt 1675.77734375
(13902544896, 23710007296)
Train Epoch: 61 [500/33236 (2%)], loss_tgt 1432.017822265625
(13902544896, 23710007296)
Train Epoch: 61 [1000/33236 (3%)], loss_tgt 1599.0806884765625
(13902544896, 23710007296)
Train Epoch: 61 [1500/33236 (5%)], loss_tgt 1871.2313232421875
(13902544896, 23710007296)
Train Epoch: 61 [2000/33236 (6%)], loss_tgt 1733.5081787109375
(13902544896, 23710007296)
Train Epoch: 61 [2500/33236 (8%)], loss_tgt 1430.57568359375
(13902544896, 23710007296)
Train Epoch: 61 [3000/33236 (9%)], loss_tgt 1797.234375
(13902544896, 23710007296)
Train Epoch: 61 [3500/33236 (11%)], loss_tgt 1803.39111328125
(13902544896, 23710007296)
Train Epoch: 61 [4000/33236 (12%)], loss_tgt 1784.7271728515625
(13902544896, 23710007296)
Train Epoch: 61 [4500/33236 (14%)], loss_tgt 1558.814208984375
(13902544896, 23710007296)
Train Epoch: 61 [5000/33236 (15%)], loss_tgt 1296.82666015625
(13902544896, 23710007296)
Train Epoch: 61 [5500/33236 (17%)], loss_tgt 1593.405517578125
(13902544896, 23710007296)
Train Epoch: 61 [6000/33236 (18%)], loss_tgt 1632.4697265625
(13902544896, 23710007296)
Train Epoch: 61 [6500/33236 (20%)], loss_tgt 1513.3577880859375
(13902544896, 23710007296)
Train Epoch: 61 [7000/33236 (21%)], loss_tgt 1795.9530029296875
(13902544896, 23710007296)
Train Epoch: 61 [7500/33236 (23%)], loss_tgt 1712.049560546875
(13902544896, 23710007296)
Train Epoch: 61 [8000/33236 (24%)], loss_tgt 964.3775024414062
(13902544896, 23710007296)
Train Epoch: 61 [8500/33236 (26%)], loss_tgt 1689.04052734375
(13902544896, 23710007296)
Train Epoch: 61 [9000/33236 (27%)], loss_tgt 1330.7369384765625
(13902544896, 23710007296)
Train Epoch: 61 [9500/33236 (29%)], loss_tgt 1553.726806640625
(13902544896, 23710007296)
Train Epoch: 61 [10000/33236 (30%)], loss_tgt 1251.82958984375
(13902544896, 23710007296)
Train Epoch: 61 [10500/33236 (32%)], loss_tgt 1271.509765625
(13902544896, 23710007296)
Train Epoch: 61 [11000/33236 (33%)], loss_tgt 1157.1915283203125
(13902544896, 23710007296)
Train Epoch: 61 [11500/33236 (35%)], loss_tgt 1535.90380859375
(13902544896, 23710007296)
Train Epoch: 61 [12000/33236 (36%)], loss_tgt 1821.5947265625
(13902544896, 23710007296)
Train Epoch: 61 [12500/33236 (38%)], loss_tgt 1188.00244140625
(13902544896, 23710007296)
Train Epoch: 61 [13000/33236 (39%)], loss_tgt 1832.06103515625
(13902544896, 23710007296)
Train Epoch: 61 [13500/33236 (41%)], loss_tgt 1696.900390625
(13902544896, 23710007296)
Train Epoch: 61 [14000/33236 (42%)], loss_tgt 1322.90185546875
(13902544896, 23710007296)
Train Epoch: 61 [14500/33236 (44%)], loss_tgt 1378.7841796875
(13902544896, 23710007296)
Train Epoch: 61 [15000/33236 (45%)], loss_tgt 1146.17236328125
(13902544896, 23710007296)
Train Epoch: 61 [15500/33236 (47%)], loss_tgt 1742.7769775390625
(13902544896, 23710007296)
Train Epoch: 61 [16000/33236 (48%)], loss_tgt 1770.659912109375
(13902544896, 23710007296)
Train Epoch: 61 [16500/33236 (50%)], loss_tgt 1481.9716796875
(13902544896, 23710007296)
Train Epoch: 61 [17000/33236 (51%)], loss_tgt 1162.119873046875
(13902544896, 23710007296)
Train Epoch: 61 [17500/33236 (53%)], loss_tgt 1684.0509033203125
(13902544896, 23710007296)
Train Epoch: 61 [18000/33236 (54%)], loss_tgt 1637.085205078125
(13902544896, 23710007296)
Train Epoch: 61 [18500/33236 (56%)], loss_tgt 1797.3017578125
(13902544896, 23710007296)
Train Epoch: 61 [19000/33236 (57%)], loss_tgt 1493.4857177734375
(13902544896, 23710007296)
Train Epoch: 61 [19500/33236 (59%)], loss_tgt 1737.208251953125
(13902544896, 23710007296)
Train Epoch: 61 [20000/33236 (60%)], loss_tgt 1622.50830078125
(13902544896, 23710007296)
Train Epoch: 61 [20500/33236 (62%)], loss_tgt 1498.6378173828125
(13902544896, 23710007296)
Train Epoch: 61 [21000/33236 (63%)], loss_tgt 1713.94189453125
(13902544896, 23710007296)
Train Epoch: 61 [21500/33236 (65%)], loss_tgt 1655.2808837890625
(13902544896, 23710007296)
Train Epoch: 61 [22000/33236 (66%)], loss_tgt 1312.714599609375
(13902544896, 23710007296)
Train Epoch: 61 [22500/33236 (68%)], loss_tgt 1684.109375
(13902544896, 23710007296)
Train Epoch: 61 [23000/33236 (69%)], loss_tgt 1371.341552734375
(13902544896, 23710007296)
Train Epoch: 61 [23500/33236 (71%)], loss_tgt 1697.787109375
(13902544896, 23710007296)
Train Epoch: 61 [24000/33236 (72%)], loss_tgt 1790.950927734375
(13902544896, 23710007296)
Train Epoch: 61 [24500/33236 (74%)], loss_tgt 1766.06787109375
(13902544896, 23710007296)
Train Epoch: 61 [25000/33236 (75%)], loss_tgt 1785.2364501953125
(13902544896, 23710007296)
Train Epoch: 61 [25500/33236 (77%)], loss_tgt 1655.7242431640625
(13902544896, 23710007296)
Train Epoch: 61 [26000/33236 (78%)], loss_tgt 1400.5601806640625
(13902544896, 23710007296)
Train Epoch: 61 [26500/33236 (80%)], loss_tgt 1277.509765625
(13902544896, 23710007296)
Train Epoch: 61 [27000/33236 (81%)], loss_tgt 1552.820556640625
(13902544896, 23710007296)
Train Epoch: 61 [27500/33236 (83%)], loss_tgt 1491.2034912109375
(13902544896, 23710007296)
Train Epoch: 61 [28000/33236 (84%)], loss_tgt 1782.54541015625
(13902544896, 23710007296)
Train Epoch: 61 [28500/33236 (86%)], loss_tgt 1165.7188720703125
(13902544896, 23710007296)
Train Epoch: 61 [29000/33236 (87%)], loss_tgt 1768.191162109375
(13902544896, 23710007296)
Train Epoch: 61 [29500/33236 (89%)], loss_tgt 1598.2384033203125
(13902544896, 23710007296)
Train Epoch: 61 [30000/33236 (90%)], loss_tgt 1769.74951171875
(13902544896, 23710007296)
Train Epoch: 61 [30500/33236 (92%)], loss_tgt 1355.7940673828125
(13902544896, 23710007296)
Train Epoch: 61 [31000/33236 (93%)], loss_tgt 1723.323486328125
(13902544896, 23710007296)
Train Epoch: 61 [31500/33236 (95%)], loss_tgt 1732.55126953125
(13902544896, 23710007296)
Train Epoch: 61 [32000/33236 (96%)], loss_tgt 1603.2216796875
(13902544896, 23710007296)
Train Epoch: 61 [32500/33236 (98%)], loss_tgt 1560.1175537109375
(13902544896, 23710007296)
Train Epoch: 61 [33000/33236 (99%)], loss_tgt 918.0855102539062
----------------------------------------Epoch: 62----------------------------------------
(13902544896, 23710007296)
Train Epoch: 62 [0/33236 (0%)], loss_tgt 1783.636474609375
(13902544896, 23710007296)
Train Epoch: 62 [500/33236 (2%)], loss_tgt 1200.43701171875
(13902544896, 23710007296)
Train Epoch: 62 [1000/33236 (3%)], loss_tgt 1458.2218017578125
(13902544896, 23710007296)
Train Epoch: 62 [1500/33236 (5%)], loss_tgt 1638.6302490234375
(13902544896, 23710007296)
Train Epoch: 62 [2000/33236 (6%)], loss_tgt 1761.116455078125
(13902544896, 23710007296)
Train Epoch: 62 [2500/33236 (8%)], loss_tgt 1696.746337890625
(13902544896, 23710007296)
Train Epoch: 62 [3000/33236 (9%)], loss_tgt 1348.41748046875
(13902544896, 23710007296)
Train Epoch: 62 [3500/33236 (11%)], loss_tgt 1392.98828125
(13902544896, 23710007296)
Train Epoch: 62 [4000/33236 (12%)], loss_tgt 1501.9429931640625
(13902544896, 23710007296)
Train Epoch: 62 [4500/33236 (14%)], loss_tgt 1406.4329833984375
(13902544896, 23710007296)
Train Epoch: 62 [5000/33236 (15%)], loss_tgt 1319.2735595703125
(13902544896, 23710007296)
Train Epoch: 62 [5500/33236 (17%)], loss_tgt 1321.90283203125
(13902544896, 23710007296)
Train Epoch: 62 [6000/33236 (18%)], loss_tgt 1513.680908203125
(13902544896, 23710007296)
Train Epoch: 62 [6500/33236 (20%)], loss_tgt 1746.3525390625
(13902544896, 23710007296)
Train Epoch: 62 [7000/33236 (21%)], loss_tgt 1263.8570556640625
(13902544896, 23710007296)
Train Epoch: 62 [7500/33236 (23%)], loss_tgt 1580.43408203125
(13902544896, 23710007296)
Train Epoch: 62 [8000/33236 (24%)], loss_tgt 1497.383056640625
(13902544896, 23710007296)
Train Epoch: 62 [8500/33236 (26%)], loss_tgt 1407.0645751953125
(13902544896, 23710007296)
Train Epoch: 62 [9000/33236 (27%)], loss_tgt 1383.893310546875
(13902544896, 23710007296)
Train Epoch: 62 [9500/33236 (29%)], loss_tgt 1678.4361572265625
(13902544896, 23710007296)
Train Epoch: 62 [10000/33236 (30%)], loss_tgt 1549.091552734375
(13902544896, 23710007296)
Train Epoch: 62 [10500/33236 (32%)], loss_tgt 1358.699462890625
(13902544896, 23710007296)
Train Epoch: 62 [11000/33236 (33%)], loss_tgt 1612.1953125
(13902544896, 23710007296)
Train Epoch: 62 [11500/33236 (35%)], loss_tgt 1346.4697265625
(13902544896, 23710007296)
Train Epoch: 62 [12000/33236 (36%)], loss_tgt 1351.72216796875
(13902544896, 23710007296)
Train Epoch: 62 [12500/33236 (38%)], loss_tgt 1590.3756103515625
(13902544896, 23710007296)
Train Epoch: 62 [13000/33236 (39%)], loss_tgt 1893.628662109375
(13902544896, 23710007296)
Train Epoch: 62 [13500/33236 (41%)], loss_tgt 1559.0003662109375
(13902544896, 23710007296)
Train Epoch: 62 [14000/33236 (42%)], loss_tgt 1823.980712890625
(13902544896, 23710007296)
Train Epoch: 62 [14500/33236 (44%)], loss_tgt 1498.000244140625
(13902544896, 23710007296)
Train Epoch: 62 [15000/33236 (45%)], loss_tgt 1385.24072265625
(13902544896, 23710007296)
Train Epoch: 62 [15500/33236 (47%)], loss_tgt 1417.413330078125
(13902544896, 23710007296)
Train Epoch: 62 [16000/33236 (48%)], loss_tgt 1549.527587890625
(13902544896, 23710007296)
Train Epoch: 62 [16500/33236 (50%)], loss_tgt 1654.9808349609375
(13902544896, 23710007296)
Train Epoch: 62 [17000/33236 (51%)], loss_tgt 1541.3455810546875
(13902544896, 23710007296)
Train Epoch: 62 [17500/33236 (53%)], loss_tgt 1309.3427734375
(13902544896, 23710007296)
Train Epoch: 62 [18000/33236 (54%)], loss_tgt 1778.41552734375
(13902544896, 23710007296)
Train Epoch: 62 [18500/33236 (56%)], loss_tgt 1570.794189453125
(13902544896, 23710007296)
Train Epoch: 62 [19000/33236 (57%)], loss_tgt 1352.9656982421875
(13902544896, 23710007296)
Train Epoch: 62 [19500/33236 (59%)], loss_tgt 1318.1683349609375
(13902544896, 23710007296)
Train Epoch: 62 [20000/33236 (60%)], loss_tgt 1583.25
(13902544896, 23710007296)
Train Epoch: 62 [20500/33236 (62%)], loss_tgt 1444.2098388671875
(13902544896, 23710007296)
Train Epoch: 62 [21000/33236 (63%)], loss_tgt 1614.1649169921875
(13902544896, 23710007296)
Train Epoch: 62 [21500/33236 (65%)], loss_tgt 1557.48583984375
(13902544896, 23710007296)
Train Epoch: 62 [22000/33236 (66%)], loss_tgt 1791.21240234375
(13902544896, 23710007296)
Train Epoch: 62 [22500/33236 (68%)], loss_tgt 1493.9844970703125
(13902544896, 23710007296)
Train Epoch: 62 [23000/33236 (69%)], loss_tgt 1772.242431640625
(13902544896, 23710007296)
Train Epoch: 62 [23500/33236 (71%)], loss_tgt 1519.121826171875
(13902544896, 23710007296)
Train Epoch: 62 [24000/33236 (72%)], loss_tgt 1625.5419921875
(13902544896, 23710007296)
Train Epoch: 62 [24500/33236 (74%)], loss_tgt 1628.31298828125
(13902544896, 23710007296)
Train Epoch: 62 [25000/33236 (75%)], loss_tgt 1498.603515625
(13902544896, 23710007296)
Train Epoch: 62 [25500/33236 (77%)], loss_tgt 1646.3157958984375
(13902544896, 23710007296)
Train Epoch: 62 [26000/33236 (78%)], loss_tgt 1449.09619140625
(13902544896, 23710007296)
Train Epoch: 62 [26500/33236 (80%)], loss_tgt 1487.1951904296875
(13902544896, 23710007296)
Train Epoch: 62 [27000/33236 (81%)], loss_tgt 1165.9776611328125
(13902544896, 23710007296)
Train Epoch: 62 [27500/33236 (83%)], loss_tgt 1558.7626953125
(13902544896, 23710007296)
Train Epoch: 62 [28000/33236 (84%)], loss_tgt 1195.933837890625
(13902544896, 23710007296)
Train Epoch: 62 [28500/33236 (86%)], loss_tgt 1583.501953125
(13902544896, 23710007296)
Train Epoch: 62 [29000/33236 (87%)], loss_tgt 1439.034423828125
(13902544896, 23710007296)
Train Epoch: 62 [29500/33236 (89%)], loss_tgt 1687.390625
(13902544896, 23710007296)
Train Epoch: 62 [30000/33236 (90%)], loss_tgt 1045.0008544921875
(13902544896, 23710007296)
Train Epoch: 62 [30500/33236 (92%)], loss_tgt 1314.949951171875
(13902544896, 23710007296)
Train Epoch: 62 [31000/33236 (93%)], loss_tgt 1609.5159912109375
(13902544896, 23710007296)
Train Epoch: 62 [31500/33236 (95%)], loss_tgt 1482.2513427734375
(13902544896, 23710007296)
Train Epoch: 62 [32000/33236 (96%)], loss_tgt 1459.41552734375
(13902544896, 23710007296)
Train Epoch: 62 [32500/33236 (98%)], loss_tgt 1607.4779052734375
(13902544896, 23710007296)
Train Epoch: 62 [33000/33236 (99%)], loss_tgt 1583.708984375
----------------------------------------Epoch: 63----------------------------------------
(13902544896, 23710007296)
Train Epoch: 63 [0/33236 (0%)], loss_tgt 1687.775390625
(13902544896, 23710007296)
Train Epoch: 63 [500/33236 (2%)], loss_tgt 1635.003662109375
(13902544896, 23710007296)
Train Epoch: 63 [1000/33236 (3%)], loss_tgt 1287.288330078125
(13902544896, 23710007296)
Train Epoch: 63 [1500/33236 (5%)], loss_tgt 1368.9906005859375
(13902544896, 23710007296)
Train Epoch: 63 [2000/33236 (6%)], loss_tgt 1807.830078125
(13902544896, 23710007296)
Train Epoch: 63 [2500/33236 (8%)], loss_tgt 1495.54833984375
(13902544896, 23710007296)
Train Epoch: 63 [3000/33236 (9%)], loss_tgt 1546.693603515625
(13902544896, 23710007296)
Train Epoch: 63 [3500/33236 (11%)], loss_tgt 1368.0791015625
(13902544896, 23710007296)
Train Epoch: 63 [4000/33236 (12%)], loss_tgt 1310.0540771484375
(13902544896, 23710007296)
Train Epoch: 63 [4500/33236 (14%)], loss_tgt 1673.265869140625
(13902544896, 23710007296)
Train Epoch: 63 [5000/33236 (15%)], loss_tgt 1717.57568359375
(13902544896, 23710007296)
Train Epoch: 63 [5500/33236 (17%)], loss_tgt 1776.557861328125
(13902544896, 23710007296)
Train Epoch: 63 [6000/33236 (18%)], loss_tgt 1809.968017578125
(13902544896, 23710007296)
Train Epoch: 63 [6500/33236 (20%)], loss_tgt 1310.01318359375
(13902544896, 23710007296)
Train Epoch: 63 [7000/33236 (21%)], loss_tgt 1770.3564453125
(13902544896, 23710007296)
Train Epoch: 63 [7500/33236 (23%)], loss_tgt 1562.24365234375
(13902544896, 23710007296)
Train Epoch: 63 [8000/33236 (24%)], loss_tgt 1558.6136474609375
(13902544896, 23710007296)
Train Epoch: 63 [8500/33236 (26%)], loss_tgt 1196.8074951171875
(13902544896, 23710007296)
Train Epoch: 63 [9000/33236 (27%)], loss_tgt 1688.577880859375
(13902544896, 23710007296)
Train Epoch: 63 [9500/33236 (29%)], loss_tgt 1502.946044921875
(13902544896, 23710007296)
Train Epoch: 63 [10000/33236 (30%)], loss_tgt 1808.513916015625
(13902544896, 23710007296)
Train Epoch: 63 [10500/33236 (32%)], loss_tgt 1684.210693359375
(13902544896, 23710007296)
Train Epoch: 63 [11000/33236 (33%)], loss_tgt 1693.9150390625
(13902544896, 23710007296)
Train Epoch: 63 [11500/33236 (35%)], loss_tgt 1564.4765625
(13902544896, 23710007296)
Train Epoch: 63 [12000/33236 (36%)], loss_tgt 1482.4869384765625
(13902544896, 23710007296)
Train Epoch: 63 [12500/33236 (38%)], loss_tgt 1283.5413818359375
(13902544896, 23710007296)
Train Epoch: 63 [13000/33236 (39%)], loss_tgt 1769.34521484375
(13902544896, 23710007296)
Train Epoch: 63 [13500/33236 (41%)], loss_tgt 1322.4351806640625
(13902544896, 23710007296)
Train Epoch: 63 [14000/33236 (42%)], loss_tgt 1386.3935546875
(13902544896, 23710007296)
Train Epoch: 63 [14500/33236 (44%)], loss_tgt 1644.041015625
(13902544896, 23710007296)
Train Epoch: 63 [15000/33236 (45%)], loss_tgt 1628.4873046875
(13902544896, 23710007296)
Train Epoch: 63 [15500/33236 (47%)], loss_tgt 1718.45458984375
(13902544896, 23710007296)
Train Epoch: 63 [16000/33236 (48%)], loss_tgt 1496.09619140625
(13902544896, 23710007296)
Train Epoch: 63 [16500/33236 (50%)], loss_tgt 1827.553955078125
(13902544896, 23710007296)
Train Epoch: 63 [17000/33236 (51%)], loss_tgt 1255.956787109375
(13902544896, 23710007296)
Train Epoch: 63 [17500/33236 (53%)], loss_tgt 1439.9302978515625
(13902544896, 23710007296)
Train Epoch: 63 [18000/33236 (54%)], loss_tgt 1523.526123046875
(13902544896, 23710007296)
Train Epoch: 63 [18500/33236 (56%)], loss_tgt 1414.5068359375
(13902544896, 23710007296)
Train Epoch: 63 [19000/33236 (57%)], loss_tgt 1513.3887939453125
(13902544896, 23710007296)
Train Epoch: 63 [19500/33236 (59%)], loss_tgt 1566.418212890625
(13902544896, 23710007296)
Train Epoch: 63 [20000/33236 (60%)], loss_tgt 1773.1566162109375
(13902544896, 23710007296)
Train Epoch: 63 [20500/33236 (62%)], loss_tgt 997.2203369140625
(13902544896, 23710007296)
Train Epoch: 63 [21000/33236 (63%)], loss_tgt 1735.283447265625
(13902544896, 23710007296)
Train Epoch: 63 [21500/33236 (65%)], loss_tgt 1613.292236328125
(13902544896, 23710007296)
Train Epoch: 63 [22000/33236 (66%)], loss_tgt 1489.83544921875
(13902544896, 23710007296)
Train Epoch: 63 [22500/33236 (68%)], loss_tgt 1427.954345703125
(13902544896, 23710007296)
Train Epoch: 63 [23000/33236 (69%)], loss_tgt 1437.5386962890625
(13902544896, 23710007296)
Train Epoch: 63 [23500/33236 (71%)], loss_tgt 1757.475341796875
(13902544896, 23710007296)
Train Epoch: 63 [24000/33236 (72%)], loss_tgt 1552.5865478515625
(13902544896, 23710007296)
Train Epoch: 63 [24500/33236 (74%)], loss_tgt 1613.4193115234375
(13902544896, 23710007296)
Train Epoch: 63 [25000/33236 (75%)], loss_tgt 1656.2850341796875
(13902544896, 23710007296)
Train Epoch: 63 [25500/33236 (77%)], loss_tgt 1655.8822021484375
(13902544896, 23710007296)
Train Epoch: 63 [26000/33236 (78%)], loss_tgt 1724.1715087890625
(13902544896, 23710007296)
Train Epoch: 63 [26500/33236 (80%)], loss_tgt 1772.723388671875
(13902544896, 23710007296)
Train Epoch: 63 [27000/33236 (81%)], loss_tgt 1570.55126953125
(13902544896, 23710007296)
Train Epoch: 63 [27500/33236 (83%)], loss_tgt 1592.4808349609375
(13902544896, 23710007296)
Train Epoch: 63 [28000/33236 (84%)], loss_tgt 1615.9852294921875
(13902544896, 23710007296)
Train Epoch: 63 [28500/33236 (86%)], loss_tgt 1300.796875
(13902544896, 23710007296)
Train Epoch: 63 [29000/33236 (87%)], loss_tgt 1130.06298828125
(13902544896, 23710007296)
Train Epoch: 63 [29500/33236 (89%)], loss_tgt 1194.30419921875
(13902544896, 23710007296)
Train Epoch: 63 [30000/33236 (90%)], loss_tgt 719.749755859375
(13902544896, 23710007296)
Train Epoch: 63 [30500/33236 (92%)], loss_tgt 1120.7359619140625
(13902544896, 23710007296)
Train Epoch: 63 [31000/33236 (93%)], loss_tgt 1357.36572265625
(13902544896, 23710007296)
Train Epoch: 63 [31500/33236 (95%)], loss_tgt 1599.55322265625
(13902544896, 23710007296)
Train Epoch: 63 [32000/33236 (96%)], loss_tgt 1577.6614990234375
(13902544896, 23710007296)
Train Epoch: 63 [32500/33236 (98%)], loss_tgt 1484.774658203125
(13902544896, 23710007296)
Train Epoch: 63 [33000/33236 (99%)], loss_tgt 1726.5914306640625
----------------------------------------Epoch: 64----------------------------------------
(13902544896, 23710007296)
Train Epoch: 64 [0/33236 (0%)], loss_tgt 1020.7554931640625
(13902544896, 23710007296)
Train Epoch: 64 [500/33236 (2%)], loss_tgt 1498.249267578125
(13902544896, 23710007296)
Train Epoch: 64 [1000/33236 (3%)], loss_tgt 1746.87451171875
(13902544896, 23710007296)
Train Epoch: 64 [1500/33236 (5%)], loss_tgt 1556.3138427734375
(13902544896, 23710007296)
Train Epoch: 64 [2000/33236 (6%)], loss_tgt 1312.376220703125
(13902544896, 23710007296)
Train Epoch: 64 [2500/33236 (8%)], loss_tgt 1445.5059814453125
(13902544896, 23710007296)
Train Epoch: 64 [3000/33236 (9%)], loss_tgt 1379.985107421875
(13902544896, 23710007296)
Train Epoch: 64 [3500/33236 (11%)], loss_tgt 1536.0791015625
(13902544896, 23710007296)
Train Epoch: 64 [4000/33236 (12%)], loss_tgt 1776.6083984375
(13902544896, 23710007296)
Train Epoch: 64 [4500/33236 (14%)], loss_tgt 1239.3128662109375
(13902544896, 23710007296)
Train Epoch: 64 [5000/33236 (15%)], loss_tgt 1420.5157470703125
(13902544896, 23710007296)
Train Epoch: 64 [5500/33236 (17%)], loss_tgt 1788.5106201171875
(13902544896, 23710007296)
Train Epoch: 64 [6000/33236 (18%)], loss_tgt 1489.9183349609375
(13902544896, 23710007296)
Train Epoch: 64 [6500/33236 (20%)], loss_tgt 1496.1456298828125
(13902544896, 23710007296)
Train Epoch: 64 [7000/33236 (21%)], loss_tgt 1511.1883544921875
(13902544896, 23710007296)
Train Epoch: 64 [7500/33236 (23%)], loss_tgt 1674.72802734375
(13902544896, 23710007296)
Train Epoch: 64 [8000/33236 (24%)], loss_tgt 1523.852783203125
(13902544896, 23710007296)
Train Epoch: 64 [8500/33236 (26%)], loss_tgt 1296.494384765625
(13902544896, 23710007296)
Train Epoch: 64 [9000/33236 (27%)], loss_tgt 1384.398193359375
(13902544896, 23710007296)
Train Epoch: 64 [9500/33236 (29%)], loss_tgt 1428.34423828125
(13902544896, 23710007296)
Train Epoch: 64 [10000/33236 (30%)], loss_tgt 1294.68115234375
(13902544896, 23710007296)
Train Epoch: 64 [10500/33236 (32%)], loss_tgt 1713.159912109375
(13902544896, 23710007296)
Train Epoch: 64 [11000/33236 (33%)], loss_tgt 1748.97265625
(13902544896, 23710007296)
Train Epoch: 64 [11500/33236 (35%)], loss_tgt 1656.1890869140625
(13902544896, 23710007296)
Train Epoch: 64 [12000/33236 (36%)], loss_tgt 1762.4505615234375
(13902544896, 23710007296)
Train Epoch: 64 [12500/33236 (38%)], loss_tgt 1488.5782470703125
(13902544896, 23710007296)
Train Epoch: 64 [13000/33236 (39%)], loss_tgt 1583.7640380859375
(13902544896, 23710007296)
Train Epoch: 64 [13500/33236 (41%)], loss_tgt 1462.524169921875
(13902544896, 23710007296)
Train Epoch: 64 [14000/33236 (42%)], loss_tgt 1401.2880859375
(13902544896, 23710007296)
Train Epoch: 64 [14500/33236 (44%)], loss_tgt 1128.776123046875
(13902544896, 23710007296)
Train Epoch: 64 [15000/33236 (45%)], loss_tgt 1472.25
(13902544896, 23710007296)
Train Epoch: 64 [15500/33236 (47%)], loss_tgt 1587.931396484375
(13902544896, 23710007296)
Train Epoch: 64 [16000/33236 (48%)], loss_tgt 1732.9444580078125
(13902544896, 23710007296)
Train Epoch: 64 [16500/33236 (50%)], loss_tgt 1047.1485595703125
