Missing keys: ['scale', 'bias']
----------------------------------------Epoch: 1----------------------------------------
/home/xintong/miniconda3/envs/gradtts/lib/python3.10/site-packages/torch/functional.py:632: UserWarning: stft will soon require the return_complex parameter be given for real inputs, and will further require that return_complex=True in a future PyTorch release. (Triggered internally at ../aten/src/ATen/native/SpectralOps.cpp:801.)
  return _VF.stft(input, n_fft, hop_length, win_length, window,  # type: ignore[attr-defined]
(4360503296, 23710007296)
Train Epoch: 1 [0/33236 (0%)], loss_enc: 85.82780456542969, loss 6.3805251121521, loss_emb: 27.417722702026367
(4314365952, 23710007296)
Train Epoch: 1 [500/33236 (2%)], loss_enc: 68.8043441772461, loss 2.072963237762451, loss_emb: 13.441189765930176
(4314365952, 23710007296)
Train Epoch: 1 [1000/33236 (3%)], loss_enc: 77.35999298095703, loss 1.5925688743591309, loss_emb: 23.391794204711914
(4314365952, 23710007296)
Train Epoch: 1 [1500/33236 (5%)], loss_enc: 67.45033264160156, loss 1.746691107749939, loss_emb: 16.168994903564453
(4314365952, 23710007296)
Train Epoch: 1 [2000/33236 (6%)], loss_enc: 46.51045227050781, loss 1.4522429704666138, loss_emb: 9.228134155273438
(4314365952, 23710007296)
Train Epoch: 1 [2500/33236 (8%)], loss_enc: 66.8131332397461, loss 1.6563304662704468, loss_emb: 24.043777465820312
(4314365952, 23710007296)
Train Epoch: 1 [3000/33236 (9%)], loss_enc: 55.10162353515625, loss 2.1548938751220703, loss_emb: 18.7813777923584
(4314365952, 23710007296)
Train Epoch: 1 [3500/33236 (11%)], loss_enc: 55.50215148925781, loss 2.0081748962402344, loss_emb: 17.2923641204834
(4314365952, 23710007296)
Train Epoch: 1 [4000/33236 (12%)], loss_enc: 63.55439758300781, loss 2.4239039421081543, loss_emb: 21.30586814880371
(4314365952, 23710007296)
Train Epoch: 1 [4500/33236 (14%)], loss_enc: 53.36750793457031, loss 1.898056983947754, loss_emb: 14.252298355102539
(4314365952, 23710007296)
Train Epoch: 1 [5000/33236 (15%)], loss_enc: 46.20940017700195, loss 1.3705204725265503, loss_emb: 8.737629890441895
(4314365952, 23710007296)
Train Epoch: 1 [5500/33236 (17%)], loss_enc: 59.5693359375, loss 1.490959882736206, loss_emb: 19.844375610351562
(4314365952, 23710007296)
Train Epoch: 1 [6000/33236 (18%)], loss_enc: 63.3536491394043, loss 1.6226956844329834, loss_emb: 21.47848892211914
(4314365952, 23710007296)
Train Epoch: 1 [6500/33236 (20%)], loss_enc: 55.08106994628906, loss 1.6617563962936401, loss_emb: 15.29606819152832
(4314365952, 23710007296)
Train Epoch: 1 [7000/33236 (21%)], loss_enc: 44.18115234375, loss 1.6539218425750732, loss_emb: 9.908711433410645
(4314365952, 23710007296)
Train Epoch: 1 [7500/33236 (23%)], loss_enc: 46.751102447509766, loss 1.8700993061065674, loss_emb: 14.816441535949707
(4314365952, 23710007296)
Train Epoch: 1 [8000/33236 (24%)], loss_enc: 59.39390563964844, loss 2.2657577991485596, loss_emb: 19.49469566345215
(4314365952, 23710007296)
Train Epoch: 1 [8500/33236 (26%)], loss_enc: 48.68052291870117, loss 1.9025582075119019, loss_emb: 14.16291332244873
(4314365952, 23710007296)
Train Epoch: 1 [9000/33236 (27%)], loss_enc: 60.722843170166016, loss 3.0908467769622803, loss_emb: 17.54522705078125
(4314365952, 23710007296)
Train Epoch: 1 [9500/33236 (29%)], loss_enc: 40.97242736816406, loss 2.1037099361419678, loss_emb: 12.824841499328613
(4314365952, 23710007296)
Train Epoch: 1 [10000/33236 (30%)], loss_enc: 39.684661865234375, loss 2.7601511478424072, loss_emb: 8.793904304504395
(4314365952, 23710007296)
Train Epoch: 1 [10500/33236 (32%)], loss_enc: 41.641605377197266, loss 2.1290881633758545, loss_emb: 10.777392387390137
(4314365952, 23710007296)
Train Epoch: 1 [11000/33236 (33%)], loss_enc: 43.969482421875, loss 2.8504292964935303, loss_emb: 11.003555297851562
(4314365952, 23710007296)
Train Epoch: 1 [11500/33236 (35%)], loss_enc: 34.75565719604492, loss 3.2297396659851074, loss_emb: 6.567580699920654
(4314365952, 23710007296)
Train Epoch: 1 [12000/33236 (36%)], loss_enc: 38.1995964050293, loss 2.7249691486358643, loss_emb: 8.580723762512207
(4314365952, 23710007296)
Train Epoch: 1 [12500/33236 (38%)], loss_enc: 32.45068359375, loss 3.133507251739502, loss_emb: 3.981743574142456
(4314365952, 23710007296)
Train Epoch: 1 [13000/33236 (39%)], loss_enc: 46.91929626464844, loss 2.895968198776245, loss_emb: 13.685022354125977
(4314365952, 23710007296)
Train Epoch: 1 [13500/33236 (41%)], loss_enc: 45.02128219604492, loss 3.816375970840454, loss_emb: 13.286528587341309
(4314365952, 23710007296)
Train Epoch: 1 [14000/33236 (42%)], loss_enc: 44.40995407104492, loss 2.961629629135132, loss_emb: 12.229881286621094
(4314365952, 23710007296)
Train Epoch: 1 [14500/33236 (44%)], loss_enc: 43.861873626708984, loss 3.2025225162506104, loss_emb: 11.472155570983887
(4314365952, 23710007296)
Train Epoch: 1 [15000/33236 (45%)], loss_enc: 35.89228820800781, loss 3.1062982082366943, loss_emb: 7.454966068267822
(4314365952, 23710007296)
Train Epoch: 1 [15500/33236 (47%)], loss_enc: 37.52111053466797, loss 3.154167413711548, loss_emb: 8.611417770385742
(4314365952, 23710007296)
Train Epoch: 1 [16000/33236 (48%)], loss_enc: 43.419921875, loss 2.6085121631622314, loss_emb: 10.565022468566895
(4314365952, 23710007296)
Train Epoch: 1 [16500/33236 (50%)], loss_enc: 36.4942741394043, loss 2.540189504623413, loss_emb: 8.28623104095459
(4314365952, 23710007296)
Train Epoch: 1 [17000/33236 (51%)], loss_enc: 44.422428131103516, loss 3.277028799057007, loss_emb: 12.548792839050293
(4314365952, 23710007296)
Train Epoch: 1 [17500/33236 (53%)], loss_enc: 36.16543960571289, loss 2.5938992500305176, loss_emb: 8.006007194519043
(4314365952, 23710007296)
Train Epoch: 1 [18000/33236 (54%)], loss_enc: 44.36151123046875, loss 3.2308149337768555, loss_emb: 12.005126953125
(4314365952, 23710007296)
Train Epoch: 1 [18500/33236 (56%)], loss_enc: 37.19944381713867, loss 2.428213596343994, loss_emb: 7.495016574859619
(4314365952, 23710007296)
Train Epoch: 1 [19000/33236 (57%)], loss_enc: 41.02385711669922, loss 2.618583917617798, loss_emb: 10.840222358703613
(4314365952, 23710007296)
Train Epoch: 1 [19500/33236 (59%)], loss_enc: 28.559284210205078, loss 3.024920701980591, loss_emb: 4.455742835998535
(4314365952, 23710007296)
Train Epoch: 1 [20000/33236 (60%)], loss_enc: 45.48869323730469, loss 3.150963544845581, loss_emb: 9.589585304260254
(4314365952, 23710007296)
Train Epoch: 1 [20500/33236 (62%)], loss_enc: 41.375858306884766, loss 2.5927391052246094, loss_emb: 10.430106163024902
(4314365952, 23710007296)
Train Epoch: 1 [21000/33236 (63%)], loss_enc: 46.19512176513672, loss 3.448763132095337, loss_emb: 14.316316604614258
(4314365952, 23710007296)
Train Epoch: 1 [21500/33236 (65%)], loss_enc: 55.255287170410156, loss 3.29459810256958, loss_emb: 18.510183334350586
(4314365952, 23710007296)
Train Epoch: 1 [22000/33236 (66%)], loss_enc: 40.5131721496582, loss 3.0037147998809814, loss_emb: 9.252097129821777
(4314365952, 23710007296)
Train Epoch: 1 [22500/33236 (68%)], loss_enc: 47.499610900878906, loss 3.222730875015259, loss_emb: 12.959383010864258
(4314365952, 23710007296)
Train Epoch: 1 [23000/33236 (69%)], loss_enc: 34.74516677856445, loss 2.4161956310272217, loss_emb: 7.807165622711182
(4314365952, 23710007296)
Train Epoch: 1 [23500/33236 (71%)], loss_enc: 39.237972259521484, loss 2.5632410049438477, loss_emb: 8.539751052856445
(4314365952, 23710007296)
Train Epoch: 1 [24000/33236 (72%)], loss_enc: 39.00368118286133, loss 2.7929866313934326, loss_emb: 8.188225746154785
(4314365952, 23710007296)
Train Epoch: 1 [24500/33236 (74%)], loss_enc: 36.099143981933594, loss 2.7584006786346436, loss_emb: 9.7402925491333
(4314365952, 23710007296)
Train Epoch: 1 [25000/33236 (75%)], loss_enc: 44.2835578918457, loss 2.9360105991363525, loss_emb: 11.78757381439209
(4314365952, 23710007296)
Train Epoch: 1 [25500/33236 (77%)], loss_enc: 36.59823989868164, loss 2.4108405113220215, loss_emb: 9.852503776550293
(4314365952, 23710007296)
Train Epoch: 1 [26000/33236 (78%)], loss_enc: 34.54225158691406, loss 2.3791565895080566, loss_emb: 6.535715579986572
(4314365952, 23710007296)
Train Epoch: 1 [26500/33236 (80%)], loss_enc: 45.92509078979492, loss 2.7509634494781494, loss_emb: 14.30462646484375
(4314365952, 23710007296)
Train Epoch: 1 [27000/33236 (81%)], loss_enc: 41.71467590332031, loss 2.56876540184021, loss_emb: 10.880104064941406
(4314365952, 23710007296)
Train Epoch: 1 [27500/33236 (83%)], loss_enc: 39.69027328491211, loss 3.0036609172821045, loss_emb: 6.907666206359863
(4314365952, 23710007296)
Train Epoch: 1 [28000/33236 (84%)], loss_enc: 36.13753890991211, loss 2.4333090782165527, loss_emb: 7.215920925140381
(4314365952, 23710007296)
Train Epoch: 1 [28500/33236 (86%)], loss_enc: 45.78263473510742, loss 2.8188588619232178, loss_emb: 12.965861320495605
(4314365952, 23710007296)
Train Epoch: 1 [29000/33236 (87%)], loss_enc: 33.989013671875, loss 2.4559404850006104, loss_emb: 5.472433090209961
(4314365952, 23710007296)
Train Epoch: 1 [29500/33236 (89%)], loss_enc: 39.57891082763672, loss 3.061397075653076, loss_emb: 10.081108093261719
(4314365952, 23710007296)
Train Epoch: 1 [30000/33236 (90%)], loss_enc: 35.95757293701172, loss 2.3663134574890137, loss_emb: 8.652132987976074
(4314365952, 23710007296)
Train Epoch: 1 [30500/33236 (92%)], loss_enc: 35.0164794921875, loss 2.567990303039551, loss_emb: 8.802484512329102
(4314365952, 23710007296)
Train Epoch: 1 [31000/33236 (93%)], loss_enc: 32.05768585205078, loss 2.309286117553711, loss_emb: 5.9715681076049805
(4314365952, 23710007296)
Train Epoch: 1 [31500/33236 (95%)], loss_enc: 35.44009780883789, loss 2.3642382621765137, loss_emb: 8.435114860534668
(4314365952, 23710007296)
Train Epoch: 1 [32000/33236 (96%)], loss_enc: 42.686927795410156, loss 2.7720537185668945, loss_emb: 11.875887870788574
(4314365952, 23710007296)
Train Epoch: 1 [32500/33236 (98%)], loss_enc: 41.042930603027344, loss 2.2446887493133545, loss_emb: 11.12937068939209
(4314365952, 23710007296)
Train Epoch: 1 [33000/33236 (99%)], loss_enc: 35.27336502075195, loss 2.7781407833099365, loss_emb: 5.589874744415283
----------------------------------------Epoch: 2----------------------------------------
(4721213440, 23710007296)
Train Epoch: 2 [0/33236 (0%)], loss_enc: 48.27771759033203, loss 2.881688356399536, loss_emb: 14.744409561157227
(4719116288, 23710007296)
Train Epoch: 2 [500/33236 (2%)], loss_enc: 46.01018524169922, loss 2.695538282394409, loss_emb: 14.525489807128906
(4719116288, 23710007296)
Train Epoch: 2 [1000/33236 (3%)], loss_enc: 37.951568603515625, loss 2.3286211490631104, loss_emb: 9.22464656829834
(4719116288, 23710007296)
Train Epoch: 2 [1500/33236 (5%)], loss_enc: 47.974365234375, loss 3.0091536045074463, loss_emb: 14.627314567565918
(4719116288, 23710007296)
Train Epoch: 2 [2000/33236 (6%)], loss_enc: 36.387733459472656, loss 2.2345986366271973, loss_emb: 9.66043758392334
(4719116288, 23710007296)
Train Epoch: 2 [2500/33236 (8%)], loss_enc: 34.8427734375, loss 2.580514669418335, loss_emb: 5.702675819396973
(4719116288, 23710007296)
Train Epoch: 2 [3000/33236 (9%)], loss_enc: 42.81275939941406, loss 2.642037868499756, loss_emb: 11.503458976745605
(4719116288, 23710007296)
Train Epoch: 2 [3500/33236 (11%)], loss_enc: 32.65127182006836, loss 2.3717949390411377, loss_emb: 6.5480875968933105
(4719116288, 23710007296)
Train Epoch: 2 [4000/33236 (12%)], loss_enc: 44.343082427978516, loss 2.6404995918273926, loss_emb: 11.072360038757324
(4719116288, 23710007296)
Train Epoch: 2 [4500/33236 (14%)], loss_enc: 44.10895919799805, loss 2.895892381668091, loss_emb: 12.331329345703125
(4719116288, 23710007296)
Train Epoch: 2 [5000/33236 (15%)], loss_enc: 42.441287994384766, loss 2.8444700241088867, loss_emb: 8.932021141052246
(4719116288, 23710007296)
Train Epoch: 2 [5500/33236 (17%)], loss_enc: 44.06986999511719, loss 2.6873619556427, loss_emb: 12.644784927368164
(4719116288, 23710007296)
Train Epoch: 2 [6000/33236 (18%)], loss_enc: 39.20823669433594, loss 2.5675208568573, loss_emb: 10.478677749633789
(4719116288, 23710007296)
Train Epoch: 2 [6500/33236 (20%)], loss_enc: 30.716236114501953, loss 2.327106475830078, loss_emb: 4.080447196960449
(4719116288, 23710007296)
Train Epoch: 2 [7000/33236 (21%)], loss_enc: 33.48097229003906, loss 2.410257577896118, loss_emb: 5.7470927238464355
(4719116288, 23710007296)
Train Epoch: 2 [7500/33236 (23%)], loss_enc: 25.621585845947266, loss 2.730675220489502, loss_emb: 2.4959075450897217
(4719116288, 23710007296)
Train Epoch: 2 [8000/33236 (24%)], loss_enc: 45.295204162597656, loss 3.121799945831299, loss_emb: 13.610115051269531
(4719116288, 23710007296)
Train Epoch: 2 [8500/33236 (26%)], loss_enc: 41.36238098144531, loss 2.7168939113616943, loss_emb: 11.358967781066895
(4719116288, 23710007296)
Train Epoch: 2 [9000/33236 (27%)], loss_enc: 46.667083740234375, loss 2.6819703578948975, loss_emb: 14.370559692382812
(4719116288, 23710007296)
Train Epoch: 2 [9500/33236 (29%)], loss_enc: 43.173301696777344, loss 2.7510154247283936, loss_emb: 11.567866325378418
(4719116288, 23710007296)
Train Epoch: 2 [10000/33236 (30%)], loss_enc: 42.76576232910156, loss 2.8620505332946777, loss_emb: 12.755179405212402
(4719116288, 23710007296)
Train Epoch: 2 [10500/33236 (32%)], loss_enc: 36.286014556884766, loss 2.547761917114258, loss_emb: 9.151102066040039
(4719116288, 23710007296)
Train Epoch: 2 [11000/33236 (33%)], loss_enc: 42.74732971191406, loss 2.673264980316162, loss_emb: 10.540061950683594
(4719116288, 23710007296)
Train Epoch: 2 [11500/33236 (35%)], loss_enc: 41.91754913330078, loss 2.5159127712249756, loss_emb: 12.235862731933594
(4719116288, 23710007296)
Train Epoch: 2 [12000/33236 (36%)], loss_enc: 41.556026458740234, loss 2.5177674293518066, loss_emb: 10.840914726257324
(4719116288, 23710007296)
Train Epoch: 2 [12500/33236 (38%)], loss_enc: 39.24031066894531, loss 2.7787163257598877, loss_emb: 8.812617301940918
(4719116288, 23710007296)
Train Epoch: 2 [13000/33236 (39%)], loss_enc: 39.08073806762695, loss 2.3995776176452637, loss_emb: 7.561524868011475
(4719116288, 23710007296)
Train Epoch: 2 [13500/33236 (41%)], loss_enc: 32.2445182800293, loss 2.1585564613342285, loss_emb: 6.197261333465576
(4719116288, 23710007296)
Train Epoch: 2 [14000/33236 (42%)], loss_enc: 33.157493591308594, loss 2.4133708477020264, loss_emb: 6.188453197479248
(4719116288, 23710007296)
Train Epoch: 2 [14500/33236 (44%)], loss_enc: 41.24183654785156, loss 2.6507997512817383, loss_emb: 10.17374324798584
(4719116288, 23710007296)
Train Epoch: 2 [15000/33236 (45%)], loss_enc: 39.85193634033203, loss 2.4993398189544678, loss_emb: 8.958056449890137
(4719116288, 23710007296)
Train Epoch: 2 [15500/33236 (47%)], loss_enc: 39.48162841796875, loss 2.4323489665985107, loss_emb: 11.764927864074707
(4719116288, 23710007296)
Train Epoch: 2 [16000/33236 (48%)], loss_enc: 35.259090423583984, loss 2.509824514389038, loss_emb: 8.432940483093262
(4719116288, 23710007296)
Train Epoch: 2 [16500/33236 (50%)], loss_enc: 42.08370590209961, loss 2.890279769897461, loss_emb: 11.86396312713623
(4719116288, 23710007296)
Train Epoch: 2 [17000/33236 (51%)], loss_enc: 40.8471565246582, loss 2.719921112060547, loss_emb: 8.671950340270996
(4719116288, 23710007296)
Train Epoch: 2 [17500/33236 (53%)], loss_enc: 41.84688186645508, loss 2.658836841583252, loss_emb: 12.469646453857422
(4719116288, 23710007296)
Train Epoch: 2 [18000/33236 (54%)], loss_enc: 40.602630615234375, loss 2.487523078918457, loss_emb: 9.607487678527832
(4719116288, 23710007296)
Train Epoch: 2 [18500/33236 (56%)], loss_enc: 36.39047622680664, loss 2.489734411239624, loss_emb: 7.879640102386475
(4719116288, 23710007296)
Train Epoch: 2 [19000/33236 (57%)], loss_enc: 47.78765869140625, loss 2.95150089263916, loss_emb: 15.404376029968262
(4719116288, 23710007296)
Train Epoch: 2 [19500/33236 (59%)], loss_enc: 38.78911590576172, loss 2.9502787590026855, loss_emb: 8.430418968200684
(4719116288, 23710007296)
Train Epoch: 2 [20000/33236 (60%)], loss_enc: 28.345718383789062, loss 2.3673415184020996, loss_emb: 4.0021867752075195
(4719116288, 23710007296)
Train Epoch: 2 [20500/33236 (62%)], loss_enc: 32.315914154052734, loss 2.2570836544036865, loss_emb: 6.997738838195801
(4719116288, 23710007296)
Train Epoch: 2 [21000/33236 (63%)], loss_enc: 46.25499725341797, loss 2.66313099861145, loss_emb: 12.8233642578125
(4719116288, 23710007296)
Train Epoch: 2 [21500/33236 (65%)], loss_enc: 39.14118957519531, loss 2.251474618911743, loss_emb: 11.028853416442871
(4719116288, 23710007296)
Train Epoch: 2 [22000/33236 (66%)], loss_enc: 38.669342041015625, loss 2.5663113594055176, loss_emb: 12.756591796875
(4719116288, 23710007296)
Train Epoch: 2 [22500/33236 (68%)], loss_enc: 29.700546264648438, loss 2.6055471897125244, loss_emb: 9.362534523010254
(4719116288, 23710007296)
Train Epoch: 2 [23000/33236 (69%)], loss_enc: 37.068546295166016, loss 2.7162036895751953, loss_emb: 9.187357902526855
(4719116288, 23710007296)
Train Epoch: 2 [23500/33236 (71%)], loss_enc: 42.3487548828125, loss 3.130070686340332, loss_emb: 10.493258476257324
(4719116288, 23710007296)
Train Epoch: 2 [24000/33236 (72%)], loss_enc: 41.9351692199707, loss 2.974600315093994, loss_emb: 10.789920806884766
(4719116288, 23710007296)
Train Epoch: 2 [24500/33236 (74%)], loss_enc: 43.99102783203125, loss 2.4957714080810547, loss_emb: 12.336503982543945
(4719116288, 23710007296)
Train Epoch: 2 [25000/33236 (75%)], loss_enc: 38.118408203125, loss 2.646808624267578, loss_emb: 11.471443176269531
(4719116288, 23710007296)
Train Epoch: 2 [25500/33236 (77%)], loss_enc: 32.365501403808594, loss 1.9612517356872559, loss_emb: 6.5287017822265625
(4719116288, 23710007296)
Train Epoch: 2 [26000/33236 (78%)], loss_enc: 40.48411178588867, loss 2.5511221885681152, loss_emb: 9.407614707946777
(4719116288, 23710007296)
Train Epoch: 2 [26500/33236 (80%)], loss_enc: 34.26549530029297, loss 2.6016361713409424, loss_emb: 7.157527923583984
(4719116288, 23710007296)
Train Epoch: 2 [27000/33236 (81%)], loss_enc: 31.47394371032715, loss 2.2354915142059326, loss_emb: 3.854616165161133
(4719116288, 23710007296)
Train Epoch: 2 [27500/33236 (83%)], loss_enc: 34.37810516357422, loss 2.501033306121826, loss_emb: 6.179238796234131
(4719116288, 23710007296)
Train Epoch: 2 [28000/33236 (84%)], loss_enc: 37.11716842651367, loss 2.8138585090637207, loss_emb: 7.718374729156494
(4719116288, 23710007296)
Train Epoch: 2 [28500/33236 (86%)], loss_enc: 41.183311462402344, loss 2.2338359355926514, loss_emb: 9.718070030212402
(4719116288, 23710007296)
Train Epoch: 2 [29000/33236 (87%)], loss_enc: 49.12984085083008, loss 2.625620126724243, loss_emb: 15.192840576171875
(4719116288, 23710007296)
Train Epoch: 2 [29500/33236 (89%)], loss_enc: 42.41318893432617, loss 2.894528388977051, loss_emb: 10.823323249816895
(4719116288, 23710007296)
Train Epoch: 2 [30000/33236 (90%)], loss_enc: 51.157142639160156, loss 2.6222023963928223, loss_emb: 17.83119010925293
(4719116288, 23710007296)
Train Epoch: 2 [30500/33236 (92%)], loss_enc: 34.68942642211914, loss 2.549525737762451, loss_emb: 8.340838432312012
(4719116288, 23710007296)
Train Epoch: 2 [31000/33236 (93%)], loss_enc: 35.92456817626953, loss 2.769151210784912, loss_emb: 6.782348155975342
(4719116288, 23710007296)
Train Epoch: 2 [31500/33236 (95%)], loss_enc: 31.557384490966797, loss 2.055784225463867, loss_emb: 6.309255599975586
(4719116288, 23710007296)
Train Epoch: 2 [32000/33236 (96%)], loss_enc: 39.62657165527344, loss 2.7547426223754883, loss_emb: 10.499876976013184
(4719116288, 23710007296)
Train Epoch: 2 [32500/33236 (98%)], loss_enc: 33.135215759277344, loss 2.338538885116577, loss_emb: 6.786418914794922
(4719116288, 23710007296)
Train Epoch: 2 [33000/33236 (99%)], loss_enc: 31.441810607910156, loss 2.4027698040008545, loss_emb: 5.580724239349365
----------------------------------------Epoch: 3----------------------------------------
(4719116288, 23710007296)
Train Epoch: 3 [0/33236 (0%)], loss_enc: 35.1229133605957, loss 2.179565668106079, loss_emb: 8.595792770385742
(4719116288, 23710007296)
Train Epoch: 3 [500/33236 (2%)], loss_enc: 34.42583465576172, loss 2.4908246994018555, loss_emb: 6.223649501800537
(4719116288, 23710007296)
Train Epoch: 3 [1000/33236 (3%)], loss_enc: 42.310340881347656, loss 2.544926404953003, loss_emb: 9.053959846496582
(4719116288, 23710007296)
Train Epoch: 3 [1500/33236 (5%)], loss_enc: 40.18666076660156, loss 2.356809616088867, loss_emb: 13.71226978302002
(4719116288, 23710007296)
Train Epoch: 3 [2000/33236 (6%)], loss_enc: 34.94525909423828, loss 2.460057497024536, loss_emb: 8.55310344696045
(4719116288, 23710007296)
Train Epoch: 3 [2500/33236 (8%)], loss_enc: 42.49311828613281, loss 2.8999311923980713, loss_emb: 11.436469078063965
(4719116288, 23710007296)
Train Epoch: 3 [3000/33236 (9%)], loss_enc: 39.40521240234375, loss 2.312382221221924, loss_emb: 9.077552795410156
(4719116288, 23710007296)
Train Epoch: 3 [3500/33236 (11%)], loss_enc: 42.647422790527344, loss 2.846564292907715, loss_emb: 11.407402992248535
(4719116288, 23710007296)
Train Epoch: 3 [4000/33236 (12%)], loss_enc: 34.571128845214844, loss 2.7401936054229736, loss_emb: 5.92213773727417
(4719116288, 23710007296)
Train Epoch: 3 [4500/33236 (14%)], loss_enc: 41.789703369140625, loss 2.3542442321777344, loss_emb: 11.298069953918457
(4719116288, 23710007296)
Train Epoch: 3 [5000/33236 (15%)], loss_enc: 45.10551834106445, loss 2.678753614425659, loss_emb: 12.911641120910645
(4719116288, 23710007296)
Train Epoch: 3 [5500/33236 (17%)], loss_enc: 47.667259216308594, loss 3.0441083908081055, loss_emb: 13.717577934265137
(4719116288, 23710007296)
Train Epoch: 3 [6000/33236 (18%)], loss_enc: 26.88471031188965, loss 1.9786571264266968, loss_emb: 4.787256717681885
(4719116288, 23710007296)
Train Epoch: 3 [6500/33236 (20%)], loss_enc: 35.05628204345703, loss 2.1930091381073, loss_emb: 7.868007659912109
(4719116288, 23710007296)
Train Epoch: 3 [7000/33236 (21%)], loss_enc: 39.26416015625, loss 2.8501362800598145, loss_emb: 8.334067344665527
(4719116288, 23710007296)
Train Epoch: 3 [7500/33236 (23%)], loss_enc: 31.171646118164062, loss 2.236647129058838, loss_emb: 9.419528007507324
(4719116288, 23710007296)
Train Epoch: 3 [8000/33236 (24%)], loss_enc: 36.578857421875, loss 2.1547603607177734, loss_emb: 9.737068176269531
(4719116288, 23710007296)
Train Epoch: 3 [8500/33236 (26%)], loss_enc: 37.647850036621094, loss 2.946831226348877, loss_emb: 7.126969814300537
(4719116288, 23710007296)
Train Epoch: 3 [9000/33236 (27%)], loss_enc: 36.40327453613281, loss 2.8678908348083496, loss_emb: 6.482190132141113
(4719116288, 23710007296)
Train Epoch: 3 [9500/33236 (29%)], loss_enc: 43.57091522216797, loss 2.4033823013305664, loss_emb: 11.670700073242188
(4719116288, 23710007296)
Train Epoch: 3 [10000/33236 (30%)], loss_enc: 38.89639663696289, loss 2.893864870071411, loss_emb: 7.475407600402832
(4719116288, 23710007296)
Train Epoch: 3 [10500/33236 (32%)], loss_enc: 37.51811218261719, loss 2.2819790840148926, loss_emb: 10.736347198486328
(4719116288, 23710007296)
Train Epoch: 3 [11000/33236 (33%)], loss_enc: 46.372352600097656, loss 2.771974563598633, loss_emb: 12.720213890075684
(4719116288, 23710007296)
Train Epoch: 3 [11500/33236 (35%)], loss_enc: 39.89225769042969, loss 2.499929428100586, loss_emb: 9.069574356079102
(4719116288, 23710007296)
Train Epoch: 3 [12000/33236 (36%)], loss_enc: 36.22096252441406, loss 2.7066521644592285, loss_emb: 8.853665351867676
(4719116288, 23710007296)
Train Epoch: 3 [12500/33236 (38%)], loss_enc: 35.50111389160156, loss 2.504977226257324, loss_emb: 5.672688961029053
(4719116288, 23710007296)
Train Epoch: 3 [13000/33236 (39%)], loss_enc: 41.746620178222656, loss 2.638244152069092, loss_emb: 10.515348434448242
(4719116288, 23710007296)
Train Epoch: 3 [13500/33236 (41%)], loss_enc: 42.78327560424805, loss 2.5942585468292236, loss_emb: 11.905158042907715
(4719116288, 23710007296)
Train Epoch: 3 [14000/33236 (42%)], loss_enc: 34.054988861083984, loss 2.377312183380127, loss_emb: 7.6441240310668945
(4719116288, 23710007296)
Train Epoch: 3 [14500/33236 (44%)], loss_enc: 42.006858825683594, loss 2.456745147705078, loss_emb: 11.397897720336914
(4719116288, 23710007296)
Train Epoch: 3 [15000/33236 (45%)], loss_enc: 31.790103912353516, loss 1.9018051624298096, loss_emb: 6.632188320159912
(4719116288, 23710007296)
Train Epoch: 3 [15500/33236 (47%)], loss_enc: 30.474498748779297, loss 2.279843807220459, loss_emb: 5.631403923034668
(4719116288, 23710007296)
Train Epoch: 3 [16000/33236 (48%)], loss_enc: 51.52241516113281, loss 3.1168575286865234, loss_emb: 14.906198501586914
(4719116288, 23710007296)
Train Epoch: 3 [16500/33236 (50%)], loss_enc: 41.36539077758789, loss 2.4307749271392822, loss_emb: 9.225390434265137
(4719116288, 23710007296)
Train Epoch: 3 [17000/33236 (51%)], loss_enc: 33.4561882019043, loss 2.2970876693725586, loss_emb: 7.5369086265563965
(4719116288, 23710007296)
Train Epoch: 3 [17500/33236 (53%)], loss_enc: 44.36293411254883, loss 2.6100962162017822, loss_emb: 13.265396118164062
(4719116288, 23710007296)
Train Epoch: 3 [18000/33236 (54%)], loss_enc: 42.86528396606445, loss 2.734266996383667, loss_emb: 11.4763822555542
(4719116288, 23710007296)
Train Epoch: 3 [18500/33236 (56%)], loss_enc: 31.402755737304688, loss 2.412095785140991, loss_emb: 4.873486518859863
(4719116288, 23710007296)
Train Epoch: 3 [19000/33236 (57%)], loss_enc: 34.69973373413086, loss 2.2851173877716064, loss_emb: 7.676402568817139
(4719116288, 23710007296)
Train Epoch: 3 [19500/33236 (59%)], loss_enc: 37.450584411621094, loss 2.5897116661071777, loss_emb: 8.182937622070312
(4719116288, 23710007296)
Train Epoch: 3 [20000/33236 (60%)], loss_enc: 39.68821716308594, loss 2.5742897987365723, loss_emb: 11.420931816101074
(4719116288, 23710007296)
Train Epoch: 3 [20500/33236 (62%)], loss_enc: 34.67400360107422, loss 2.495889186859131, loss_emb: 8.718462944030762
(4719116288, 23710007296)
Train Epoch: 3 [21000/33236 (63%)], loss_enc: 46.08950424194336, loss 2.7559757232666016, loss_emb: 12.664168357849121
(4719116288, 23710007296)
Train Epoch: 3 [21500/33236 (65%)], loss_enc: 35.97745132446289, loss 2.58319354057312, loss_emb: 7.4383721351623535
(4719116288, 23710007296)
Train Epoch: 3 [22000/33236 (66%)], loss_enc: 38.373321533203125, loss 2.60019850730896, loss_emb: 9.23272705078125
(4719116288, 23710007296)
Train Epoch: 3 [22500/33236 (68%)], loss_enc: 46.93741989135742, loss 2.6700854301452637, loss_emb: 13.816256523132324
(4719116288, 23710007296)
Train Epoch: 3 [23000/33236 (69%)], loss_enc: 37.15123748779297, loss 2.6456761360168457, loss_emb: 9.787480354309082
(4719116288, 23710007296)
Train Epoch: 3 [23500/33236 (71%)], loss_enc: 35.294986724853516, loss 2.774653911590576, loss_emb: 8.911725044250488
(4719116288, 23710007296)
Train Epoch: 3 [24000/33236 (72%)], loss_enc: 33.376747131347656, loss 2.1357641220092773, loss_emb: 6.908664226531982
(4719116288, 23710007296)
Train Epoch: 3 [24500/33236 (74%)], loss_enc: 38.25897979736328, loss 2.494971990585327, loss_emb: 9.171915054321289
(4719116288, 23710007296)
Train Epoch: 3 [25000/33236 (75%)], loss_enc: 34.72868347167969, loss 2.551201581954956, loss_emb: 8.762947082519531
(4719116288, 23710007296)
Train Epoch: 3 [25500/33236 (77%)], loss_enc: 32.45163345336914, loss 2.2443602085113525, loss_emb: 7.857383728027344
(4719116288, 23710007296)
Train Epoch: 3 [26000/33236 (78%)], loss_enc: 36.464080810546875, loss 2.541292428970337, loss_emb: 7.906736850738525
(4719116288, 23710007296)
Train Epoch: 3 [26500/33236 (80%)], loss_enc: 39.48807907104492, loss 2.1869328022003174, loss_emb: 12.801806449890137
(4719116288, 23710007296)
Train Epoch: 3 [27000/33236 (81%)], loss_enc: 42.04710388183594, loss 2.693920373916626, loss_emb: 10.535367965698242
(4719116288, 23710007296)
Train Epoch: 3 [27500/33236 (83%)], loss_enc: 36.65699005126953, loss 2.3893301486968994, loss_emb: 9.510330200195312
(4719116288, 23710007296)
Train Epoch: 3 [28000/33236 (84%)], loss_enc: 41.45283126831055, loss 2.7472336292266846, loss_emb: 9.673820495605469
(4719116288, 23710007296)
Train Epoch: 3 [28500/33236 (86%)], loss_enc: 37.56874465942383, loss 1.9924170970916748, loss_emb: 11.314719200134277
(4719116288, 23710007296)
Train Epoch: 3 [29000/33236 (87%)], loss_enc: 30.577606201171875, loss 2.7938051223754883, loss_emb: 6.615939617156982
(4719116288, 23710007296)
Train Epoch: 3 [29500/33236 (89%)], loss_enc: 38.26936721801758, loss 2.6922619342803955, loss_emb: 8.62637996673584
(4719116288, 23710007296)
Train Epoch: 3 [30000/33236 (90%)], loss_enc: 44.69090270996094, loss 2.795539617538452, loss_emb: 12.352171897888184
(4719116288, 23710007296)
Train Epoch: 3 [30500/33236 (92%)], loss_enc: 30.86412239074707, loss 2.5105044841766357, loss_emb: 4.9787445068359375
(4719116288, 23710007296)
Train Epoch: 3 [31000/33236 (93%)], loss_enc: 36.73143005371094, loss 2.4765384197235107, loss_emb: 8.030280113220215
(4719116288, 23710007296)
Train Epoch: 3 [31500/33236 (95%)], loss_enc: 45.374290466308594, loss 2.5061686038970947, loss_emb: 12.00373363494873
(4719116288, 23710007296)
Train Epoch: 3 [32000/33236 (96%)], loss_enc: 45.25307846069336, loss 2.44941782951355, loss_emb: 15.220995903015137
(4719116288, 23710007296)
Train Epoch: 3 [32500/33236 (98%)], loss_enc: 43.47374725341797, loss 2.6336560249328613, loss_emb: 12.262866973876953
(4719116288, 23710007296)
Train Epoch: 3 [33000/33236 (99%)], loss_enc: 42.29142761230469, loss 2.5428590774536133, loss_emb: 11.428149223327637
----------------------------------------Epoch: 4----------------------------------------
(4719116288, 23710007296)
Train Epoch: 4 [0/33236 (0%)], loss_enc: 31.467283248901367, loss 2.1318535804748535, loss_emb: 6.70513916015625
(4719116288, 23710007296)
Train Epoch: 4 [500/33236 (2%)], loss_enc: 36.14544677734375, loss 2.5691587924957275, loss_emb: 8.821126937866211
(4719116288, 23710007296)
Train Epoch: 4 [1000/33236 (3%)], loss_enc: 39.5085563659668, loss 2.323859453201294, loss_emb: 11.255691528320312
(4719116288, 23710007296)
Train Epoch: 4 [1500/33236 (5%)], loss_enc: 41.063011169433594, loss 2.5011661052703857, loss_emb: 10.428210258483887
(4719116288, 23710007296)
Train Epoch: 4 [2000/33236 (6%)], loss_enc: 38.94872283935547, loss 2.291874408721924, loss_emb: 8.871597290039062
(4719116288, 23710007296)
Train Epoch: 4 [2500/33236 (8%)], loss_enc: 44.29380798339844, loss 2.520042657852173, loss_emb: 12.99084186553955
(4719116288, 23710007296)
Train Epoch: 4 [3000/33236 (9%)], loss_enc: 41.98279571533203, loss 2.5225436687469482, loss_emb: 10.467106819152832
(4719116288, 23710007296)
Train Epoch: 4 [3500/33236 (11%)], loss_enc: 45.5986328125, loss 2.880812168121338, loss_emb: 14.525253295898438
(4719116288, 23710007296)
Train Epoch: 4 [4000/33236 (12%)], loss_enc: 41.726966857910156, loss 2.514378547668457, loss_emb: 11.233329772949219
(4719116288, 23710007296)
Train Epoch: 4 [4500/33236 (14%)], loss_enc: 33.68299102783203, loss 2.744816780090332, loss_emb: 6.887998104095459
(4719116288, 23710007296)
Train Epoch: 4 [5000/33236 (15%)], loss_enc: 39.78821563720703, loss 2.439640760421753, loss_emb: 9.645052909851074
(4719116288, 23710007296)
Train Epoch: 4 [5500/33236 (17%)], loss_enc: 37.81382369995117, loss 2.8015174865722656, loss_emb: 8.298888206481934
(4719116288, 23710007296)
Train Epoch: 4 [6000/33236 (18%)], loss_enc: 39.21831512451172, loss 2.3266968727111816, loss_emb: 8.899287223815918
(4719116288, 23710007296)
Train Epoch: 4 [6500/33236 (20%)], loss_enc: 43.966758728027344, loss 2.839462995529175, loss_emb: 11.319501876831055
(4719116288, 23710007296)
Train Epoch: 4 [7000/33236 (21%)], loss_enc: 44.02978515625, loss 3.0455405712127686, loss_emb: 12.249112129211426
(4719116288, 23710007296)
Train Epoch: 4 [7500/33236 (23%)], loss_enc: 37.743492126464844, loss 2.4582276344299316, loss_emb: 8.972042083740234
(4719116288, 23710007296)
Train Epoch: 4 [8000/33236 (24%)], loss_enc: 36.340938568115234, loss 2.3309779167175293, loss_emb: 7.69503116607666
(4719116288, 23710007296)
Train Epoch: 4 [8500/33236 (26%)], loss_enc: 33.6287956237793, loss 2.0068137645721436, loss_emb: 8.838088035583496
(4719116288, 23710007296)
Train Epoch: 4 [9000/33236 (27%)], loss_enc: 35.653411865234375, loss 2.761747360229492, loss_emb: 6.451148986816406
(4719116288, 23710007296)
Train Epoch: 4 [9500/33236 (29%)], loss_enc: 40.2901725769043, loss 2.942807912826538, loss_emb: 12.093411445617676
(4719116288, 23710007296)
Train Epoch: 4 [10000/33236 (30%)], loss_enc: 42.93868637084961, loss 2.6664464473724365, loss_emb: 10.497897148132324
(4719116288, 23710007296)
Train Epoch: 4 [10500/33236 (32%)], loss_enc: 45.31064224243164, loss 2.693451404571533, loss_emb: 14.374007225036621
(4719116288, 23710007296)
Train Epoch: 4 [11000/33236 (33%)], loss_enc: 42.641090393066406, loss 2.9353389739990234, loss_emb: 12.859267234802246
(4719116288, 23710007296)
Train Epoch: 4 [11500/33236 (35%)], loss_enc: 40.337989807128906, loss 2.525563955307007, loss_emb: 12.251392364501953
(4719116288, 23710007296)
Train Epoch: 4 [12000/33236 (36%)], loss_enc: 43.0413932800293, loss 2.9956107139587402, loss_emb: 12.114996910095215
(4719116288, 23710007296)
Train Epoch: 4 [12500/33236 (38%)], loss_enc: 35.008262634277344, loss 2.689091444015503, loss_emb: 7.160972595214844
(4719116288, 23710007296)
Train Epoch: 4 [13000/33236 (39%)], loss_enc: 37.96908187866211, loss 2.3770437240600586, loss_emb: 9.300320625305176
(4719116288, 23710007296)
Train Epoch: 4 [13500/33236 (41%)], loss_enc: 33.98435974121094, loss 2.7013065814971924, loss_emb: 5.538871765136719
(4719116288, 23710007296)
Train Epoch: 4 [14000/33236 (42%)], loss_enc: 33.74967575073242, loss 2.289592981338501, loss_emb: 9.200721740722656
(4719116288, 23710007296)
Train Epoch: 4 [14500/33236 (44%)], loss_enc: 40.25271987915039, loss 2.6069626808166504, loss_emb: 10.570863723754883
(4719116288, 23710007296)
Train Epoch: 4 [15000/33236 (45%)], loss_enc: 47.51091003417969, loss 2.8512494564056396, loss_emb: 14.615164756774902
(4719116288, 23710007296)
Train Epoch: 4 [15500/33236 (47%)], loss_enc: 39.45578384399414, loss 2.154448986053467, loss_emb: 9.19184398651123
(4719116288, 23710007296)
Train Epoch: 4 [16000/33236 (48%)], loss_enc: 25.75786781311035, loss 2.3633644580841064, loss_emb: 3.040590286254883
(4719116288, 23710007296)
Train Epoch: 4 [16500/33236 (50%)], loss_enc: 38.13711166381836, loss 2.474323272705078, loss_emb: 8.712235450744629
(4719116288, 23710007296)
Train Epoch: 4 [17000/33236 (51%)], loss_enc: 32.20140838623047, loss 2.5848939418792725, loss_emb: 6.467535495758057
(4719116288, 23710007296)
Train Epoch: 4 [17500/33236 (53%)], loss_enc: 34.302040100097656, loss 2.443772315979004, loss_emb: 9.41008472442627
(4719116288, 23710007296)
Train Epoch: 4 [18000/33236 (54%)], loss_enc: 34.82558059692383, loss 2.2076468467712402, loss_emb: 8.420374870300293
(4719116288, 23710007296)
Train Epoch: 4 [18500/33236 (56%)], loss_enc: 42.07489013671875, loss 2.2189528942108154, loss_emb: 11.668848991394043
(4719116288, 23710007296)
Train Epoch: 4 [19000/33236 (57%)], loss_enc: 40.88359451293945, loss 2.5367789268493652, loss_emb: 10.280766487121582
(4719116288, 23710007296)
Train Epoch: 4 [19500/33236 (59%)], loss_enc: 35.506370544433594, loss 2.499615430831909, loss_emb: 7.8455729484558105
(4719116288, 23710007296)
Train Epoch: 4 [20000/33236 (60%)], loss_enc: 33.14613342285156, loss 2.5365965366363525, loss_emb: 7.482738494873047
(4719116288, 23710007296)
Train Epoch: 4 [20500/33236 (62%)], loss_enc: 47.37834167480469, loss 2.668351411819458, loss_emb: 14.39837646484375
(4719116288, 23710007296)
Train Epoch: 4 [21000/33236 (63%)], loss_enc: 41.1873893737793, loss 2.3746707439422607, loss_emb: 12.154377937316895
(4719116288, 23710007296)
Train Epoch: 4 [21500/33236 (65%)], loss_enc: 33.80684280395508, loss 2.3841826915740967, loss_emb: 6.4245285987854
(4719116288, 23710007296)
Train Epoch: 4 [22000/33236 (66%)], loss_enc: 36.97113037109375, loss 2.8413078784942627, loss_emb: 5.922860622406006
(4719116288, 23710007296)
Train Epoch: 4 [22500/33236 (68%)], loss_enc: 31.93367576599121, loss 2.3413491249084473, loss_emb: 8.185068130493164
(4719116288, 23710007296)
Train Epoch: 4 [23000/33236 (69%)], loss_enc: 39.26393127441406, loss 2.343782424926758, loss_emb: 9.15530776977539
(4719116288, 23710007296)
Train Epoch: 4 [23500/33236 (71%)], loss_enc: 27.35099220275879, loss 1.890500545501709, loss_emb: 4.478363037109375
(4719116288, 23710007296)
Train Epoch: 4 [24000/33236 (72%)], loss_enc: 45.47355651855469, loss 2.5353429317474365, loss_emb: 12.541810989379883
(4719116288, 23710007296)
Train Epoch: 4 [24500/33236 (74%)], loss_enc: 34.54441833496094, loss 2.860491991043091, loss_emb: 6.135663986206055
(4719116288, 23710007296)
Train Epoch: 4 [25000/33236 (75%)], loss_enc: 32.813968658447266, loss 2.4936134815216064, loss_emb: 8.071076393127441
(4719116288, 23710007296)
Train Epoch: 4 [25500/33236 (77%)], loss_enc: 39.20370864868164, loss 2.5738275051116943, loss_emb: 9.252928733825684
(4719116288, 23710007296)
Train Epoch: 4 [26000/33236 (78%)], loss_enc: 41.69546127319336, loss 2.401829242706299, loss_emb: 11.451231002807617
(4719116288, 23710007296)
Train Epoch: 4 [26500/33236 (80%)], loss_enc: 38.87336730957031, loss 2.458195924758911, loss_emb: 9.42180347442627
(4719116288, 23710007296)
Train Epoch: 4 [27000/33236 (81%)], loss_enc: 48.16798400878906, loss 2.805436134338379, loss_emb: 15.602006912231445
(4719116288, 23710007296)
Train Epoch: 4 [27500/33236 (83%)], loss_enc: 34.60851287841797, loss 2.595275640487671, loss_emb: 5.915835857391357
(4719116288, 23710007296)
Train Epoch: 4 [28000/33236 (84%)], loss_enc: 33.897491455078125, loss 2.7777464389801025, loss_emb: 7.503571510314941
(4719116288, 23710007296)
Train Epoch: 4 [28500/33236 (86%)], loss_enc: 33.654518127441406, loss 2.633580446243286, loss_emb: 7.271589756011963
(4719116288, 23710007296)
Train Epoch: 4 [29000/33236 (87%)], loss_enc: 37.481807708740234, loss 2.572448253631592, loss_emb: 9.550264358520508
(4719116288, 23710007296)
Train Epoch: 4 [29500/33236 (89%)], loss_enc: 46.11776351928711, loss 2.816984176635742, loss_emb: 12.031899452209473
(4719116288, 23710007296)
Train Epoch: 4 [30000/33236 (90%)], loss_enc: 34.309566497802734, loss 2.2862651348114014, loss_emb: 9.190112113952637
(4719116288, 23710007296)
Train Epoch: 4 [30500/33236 (92%)], loss_enc: 38.324729919433594, loss 2.554530620574951, loss_emb: 8.48276424407959
(4719116288, 23710007296)
Train Epoch: 4 [31000/33236 (93%)], loss_enc: 39.55278015136719, loss 2.355370044708252, loss_emb: 10.16498851776123
(4719116288, 23710007296)
Train Epoch: 4 [31500/33236 (95%)], loss_enc: 35.645294189453125, loss 2.5278208255767822, loss_emb: 7.6547698974609375
(4719116288, 23710007296)
Train Epoch: 4 [32000/33236 (96%)], loss_enc: 39.664451599121094, loss 2.5210607051849365, loss_emb: 8.73752212524414
(4719116288, 23710007296)
Train Epoch: 4 [32500/33236 (98%)], loss_enc: 35.74870681762695, loss 2.5194029808044434, loss_emb: 8.384627342224121
(4719116288, 23710007296)
Train Epoch: 4 [33000/33236 (99%)], loss_enc: 41.84230422973633, loss 2.7382736206054688, loss_emb: 10.280970573425293
----------------------------------------Epoch: 5----------------------------------------
(4719116288, 23710007296)
Train Epoch: 5 [0/33236 (0%)], loss_enc: 35.9018440246582, loss 2.4125423431396484, loss_emb: 7.75408935546875
(4719116288, 23710007296)
Train Epoch: 5 [500/33236 (2%)], loss_enc: 41.419952392578125, loss 2.729797601699829, loss_emb: 8.365527153015137
(4719116288, 23710007296)
Train Epoch: 5 [1000/33236 (3%)], loss_enc: 41.115455627441406, loss 2.8779451847076416, loss_emb: 9.865715026855469
(4719116288, 23710007296)
Train Epoch: 5 [1500/33236 (5%)], loss_enc: 40.423004150390625, loss 2.59995698928833, loss_emb: 10.989526748657227
(4719116288, 23710007296)
Train Epoch: 5 [2000/33236 (6%)], loss_enc: 34.633262634277344, loss 2.440227746963501, loss_emb: 6.194692134857178
(4719116288, 23710007296)
Train Epoch: 5 [2500/33236 (8%)], loss_enc: 38.02268600463867, loss 2.7873117923736572, loss_emb: 7.233551979064941
(4719116288, 23710007296)
Train Epoch: 5 [3000/33236 (9%)], loss_enc: 29.69252586364746, loss 2.3528854846954346, loss_emb: 4.579299449920654
(4719116288, 23710007296)
Train Epoch: 5 [3500/33236 (11%)], loss_enc: 36.34072494506836, loss 2.713984727859497, loss_emb: 5.652597904205322
(4719116288, 23710007296)
Train Epoch: 5 [4000/33236 (12%)], loss_enc: 43.481956481933594, loss 2.466884136199951, loss_emb: 11.562491416931152
(4719116288, 23710007296)
Train Epoch: 5 [4500/33236 (14%)], loss_enc: 38.47309112548828, loss 2.4309420585632324, loss_emb: 7.800514221191406
(4719116288, 23710007296)
Train Epoch: 5 [5000/33236 (15%)], loss_enc: 39.47678756713867, loss 2.4180541038513184, loss_emb: 10.661800384521484
(4719116288, 23710007296)
Train Epoch: 5 [5500/33236 (17%)], loss_enc: 40.27299880981445, loss 2.4227709770202637, loss_emb: 10.8452730178833
(4719116288, 23710007296)
Train Epoch: 5 [6000/33236 (18%)], loss_enc: 39.166019439697266, loss 2.759687900543213, loss_emb: 10.214197158813477
(4719116288, 23710007296)
Train Epoch: 5 [6500/33236 (20%)], loss_enc: 37.42934799194336, loss 2.5774776935577393, loss_emb: 6.952664375305176
(4719116288, 23710007296)
Train Epoch: 5 [7000/33236 (21%)], loss_enc: 35.385581970214844, loss 2.5029497146606445, loss_emb: 7.149155616760254
(4719116288, 23710007296)
Train Epoch: 5 [7500/33236 (23%)], loss_enc: 43.26129150390625, loss 2.788630723953247, loss_emb: 11.291556358337402
(4719116288, 23710007296)
Train Epoch: 5 [8000/33236 (24%)], loss_enc: 27.037944793701172, loss 2.5162715911865234, loss_emb: 5.009775638580322
(4719116288, 23710007296)
Train Epoch: 5 [8500/33236 (26%)], loss_enc: 40.22482681274414, loss 2.6929666996002197, loss_emb: 11.514663696289062
(4719116288, 23710007296)
Train Epoch: 5 [9000/33236 (27%)], loss_enc: 39.702178955078125, loss 2.5850064754486084, loss_emb: 7.281225681304932
(4719116288, 23710007296)
Train Epoch: 5 [9500/33236 (29%)], loss_enc: 52.198280334472656, loss 2.841343879699707, loss_emb: 18.41440773010254
(4719116288, 23710007296)
Train Epoch: 5 [10000/33236 (30%)], loss_enc: 43.729286193847656, loss 2.8341927528381348, loss_emb: 10.804537773132324
(4719116288, 23710007296)
Train Epoch: 5 [10500/33236 (32%)], loss_enc: 41.39258575439453, loss 2.8862414360046387, loss_emb: 10.125475883483887
(4719116288, 23710007296)
Train Epoch: 5 [11000/33236 (33%)], loss_enc: 31.963529586791992, loss 2.5249927043914795, loss_emb: 5.847869396209717
(4719116288, 23710007296)
Train Epoch: 5 [11500/33236 (35%)], loss_enc: 40.37759780883789, loss 3.0178234577178955, loss_emb: 8.898614883422852
(4719116288, 23710007296)
Train Epoch: 5 [12000/33236 (36%)], loss_enc: 42.9584846496582, loss 2.576561212539673, loss_emb: 13.430693626403809
(4719116288, 23710007296)
Train Epoch: 5 [12500/33236 (38%)], loss_enc: 45.99311828613281, loss 2.668912649154663, loss_emb: 13.38095760345459
(4719116288, 23710007296)
Train Epoch: 5 [13000/33236 (39%)], loss_enc: 29.308006286621094, loss 2.4725420475006104, loss_emb: 5.786383628845215
(4719116288, 23710007296)
Train Epoch: 5 [13500/33236 (41%)], loss_enc: 32.99803924560547, loss 2.2544004917144775, loss_emb: 7.129153728485107
(4719116288, 23710007296)
Train Epoch: 5 [14000/33236 (42%)], loss_enc: 39.65841293334961, loss 2.939626932144165, loss_emb: 9.724879264831543
(4719116288, 23710007296)
Train Epoch: 5 [14500/33236 (44%)], loss_enc: 43.65370559692383, loss 2.6292264461517334, loss_emb: 13.33298397064209
(4719116288, 23710007296)
Train Epoch: 5 [15000/33236 (45%)], loss_enc: 28.443218231201172, loss 2.4426510334014893, loss_emb: 3.9909420013427734
(4719116288, 23710007296)
Train Epoch: 5 [15500/33236 (47%)], loss_enc: 41.352020263671875, loss 2.581134080886841, loss_emb: 9.52323055267334
(4719116288, 23710007296)
Train Epoch: 5 [16000/33236 (48%)], loss_enc: 34.59096145629883, loss 2.3357086181640625, loss_emb: 7.223206520080566
(4719116288, 23710007296)
Train Epoch: 5 [16500/33236 (50%)], loss_enc: 49.71734619140625, loss 3.038011312484741, loss_emb: 13.211588859558105
(4719116288, 23710007296)
Train Epoch: 5 [17000/33236 (51%)], loss_enc: 37.85655212402344, loss 2.348050355911255, loss_emb: 11.038487434387207
(4719116288, 23710007296)
Train Epoch: 5 [17500/33236 (53%)], loss_enc: 38.45675277709961, loss 2.4237546920776367, loss_emb: 8.688139915466309
(4719116288, 23710007296)
Train Epoch: 5 [18000/33236 (54%)], loss_enc: 40.47509002685547, loss 2.7993788719177246, loss_emb: 9.186923027038574
(4719116288, 23710007296)
Train Epoch: 5 [18500/33236 (56%)], loss_enc: 36.91920471191406, loss 2.6937694549560547, loss_emb: 6.264202117919922
(4719116288, 23710007296)
Train Epoch: 5 [19000/33236 (57%)], loss_enc: 41.61456298828125, loss 2.4297962188720703, loss_emb: 10.753463745117188
(4719116288, 23710007296)
Train Epoch: 5 [19500/33236 (59%)], loss_enc: 45.781375885009766, loss 2.675936698913574, loss_emb: 13.86022663116455
(4719116288, 23710007296)
Train Epoch: 5 [20000/33236 (60%)], loss_enc: 37.368896484375, loss 2.691612482070923, loss_emb: 8.402764320373535
(4719116288, 23710007296)
Train Epoch: 5 [20500/33236 (62%)], loss_enc: 45.37390899658203, loss 2.601405382156372, loss_emb: 14.742218017578125
(4719116288, 23710007296)
Train Epoch: 5 [21000/33236 (63%)], loss_enc: 36.600982666015625, loss 2.2525312900543213, loss_emb: 9.134764671325684
(4719116288, 23710007296)
Train Epoch: 5 [21500/33236 (65%)], loss_enc: 38.29667663574219, loss 2.1349706649780273, loss_emb: 8.373995780944824
(4719116288, 23710007296)
Train Epoch: 5 [22000/33236 (66%)], loss_enc: 45.869842529296875, loss 2.547567367553711, loss_emb: 11.76073169708252
(4719116288, 23710007296)
Train Epoch: 5 [22500/33236 (68%)], loss_enc: 36.718894958496094, loss 2.196932315826416, loss_emb: 8.250215530395508
(4719116288, 23710007296)
Train Epoch: 5 [23000/33236 (69%)], loss_enc: 38.69929885864258, loss 2.440209150314331, loss_emb: 11.712786674499512
(4719116288, 23710007296)
Train Epoch: 5 [23500/33236 (71%)], loss_enc: 44.657108306884766, loss 2.5039007663726807, loss_emb: 14.799921989440918
(4719116288, 23710007296)
Train Epoch: 5 [24000/33236 (72%)], loss_enc: 33.94170379638672, loss 2.5357720851898193, loss_emb: 8.431479454040527
(4719116288, 23710007296)
Train Epoch: 5 [24500/33236 (74%)], loss_enc: 42.256065368652344, loss 2.7760913372039795, loss_emb: 10.773669242858887
(4719116288, 23710007296)
Train Epoch: 5 [25000/33236 (75%)], loss_enc: 38.66326904296875, loss 2.3501672744750977, loss_emb: 10.22413444519043
(4719116288, 23710007296)
Train Epoch: 5 [25500/33236 (77%)], loss_enc: 40.54377746582031, loss 2.610896587371826, loss_emb: 12.267247200012207
(4719116288, 23710007296)
Train Epoch: 5 [26000/33236 (78%)], loss_enc: 34.61339569091797, loss 2.2427656650543213, loss_emb: 8.301668167114258
(4719116288, 23710007296)
Train Epoch: 5 [26500/33236 (80%)], loss_enc: 45.030601501464844, loss 3.0673234462738037, loss_emb: 11.017733573913574
(4719116288, 23710007296)
Train Epoch: 5 [27000/33236 (81%)], loss_enc: 36.13828659057617, loss 2.312635660171509, loss_emb: 7.560527324676514
(4719116288, 23710007296)
Train Epoch: 5 [27500/33236 (83%)], loss_enc: 38.33012390136719, loss 3.0997154712677, loss_emb: 8.359492301940918
(4719116288, 23710007296)
Train Epoch: 5 [28000/33236 (84%)], loss_enc: 34.8531379699707, loss 2.2495155334472656, loss_emb: 7.395724773406982
(4719116288, 23710007296)
Train Epoch: 5 [28500/33236 (86%)], loss_enc: 42.74738311767578, loss 2.743241310119629, loss_emb: 10.661447525024414
(4719116288, 23710007296)
Train Epoch: 5 [29000/33236 (87%)], loss_enc: 43.51270294189453, loss 2.6072843074798584, loss_emb: 11.436662673950195
(4719116288, 23710007296)
Train Epoch: 5 [29500/33236 (89%)], loss_enc: 42.90443801879883, loss 2.6047277450561523, loss_emb: 10.440646171569824
(4719116288, 23710007296)
Train Epoch: 5 [30000/33236 (90%)], loss_enc: 39.66355895996094, loss 2.6747097969055176, loss_emb: 10.754095077514648
(4719116288, 23710007296)
Train Epoch: 5 [30500/33236 (92%)], loss_enc: 41.60363006591797, loss 2.5331499576568604, loss_emb: 10.692316055297852
(4719116288, 23710007296)
Train Epoch: 5 [31000/33236 (93%)], loss_enc: 43.70489501953125, loss 2.5981802940368652, loss_emb: 11.905969619750977
(4719116288, 23710007296)
Train Epoch: 5 [31500/33236 (95%)], loss_enc: 48.55506134033203, loss 2.781721353530884, loss_emb: 14.01904296875
(4719116288, 23710007296)
Train Epoch: 5 [32000/33236 (96%)], loss_enc: 29.49709129333496, loss 2.6740975379943848, loss_emb: 6.319033145904541
(4719116288, 23710007296)
Train Epoch: 5 [32500/33236 (98%)], loss_enc: 30.26556396484375, loss 1.8292529582977295, loss_emb: 7.209051609039307
(4719116288, 23710007296)
Train Epoch: 5 [33000/33236 (99%)], loss_enc: 42.88690185546875, loss 2.8540725708007812, loss_emb: 9.88232707977295
----------------------------------------Epoch: 6----------------------------------------
(4719116288, 23710007296)
Train Epoch: 6 [0/33236 (0%)], loss_enc: 47.33300018310547, loss 2.453871726989746, loss_emb: 15.630294799804688
(4719116288, 23710007296)
Train Epoch: 6 [500/33236 (2%)], loss_enc: 37.68978500366211, loss 2.68975830078125, loss_emb: 7.448838710784912
(4719116288, 23710007296)
Train Epoch: 6 [1000/33236 (3%)], loss_enc: 38.9326171875, loss 2.5255494117736816, loss_emb: 10.632171630859375
(4719116288, 23710007296)
Train Epoch: 6 [1500/33236 (5%)], loss_enc: 40.19746398925781, loss 2.306703805923462, loss_emb: 10.765673637390137
(4719116288, 23710007296)
Train Epoch: 6 [2000/33236 (6%)], loss_enc: 42.1717529296875, loss 2.6743078231811523, loss_emb: 10.179298400878906
(4719116288, 23710007296)
Train Epoch: 6 [2500/33236 (8%)], loss_enc: 41.469093322753906, loss 2.842519521713257, loss_emb: 10.255147933959961
(4719116288, 23710007296)
Train Epoch: 6 [3000/33236 (9%)], loss_enc: 43.92302322387695, loss 2.795689105987549, loss_emb: 12.065323829650879
(4719116288, 23710007296)
Train Epoch: 6 [3500/33236 (11%)], loss_enc: 43.727943420410156, loss 2.9809799194335938, loss_emb: 11.47966194152832
(4719116288, 23710007296)
Train Epoch: 6 [4000/33236 (12%)], loss_enc: 33.785865783691406, loss 2.322889566421509, loss_emb: 7.656970977783203
(4719116288, 23710007296)
Train Epoch: 6 [4500/33236 (14%)], loss_enc: 36.853065490722656, loss 2.418421983718872, loss_emb: 6.8687944412231445
(4719116288, 23710007296)
Train Epoch: 6 [5000/33236 (15%)], loss_enc: 35.8824462890625, loss 2.587250232696533, loss_emb: 7.535984992980957
(4719116288, 23710007296)
Train Epoch: 6 [5500/33236 (17%)], loss_enc: 44.7021598815918, loss 2.8156986236572266, loss_emb: 14.29892635345459
(4719116288, 23710007296)
Train Epoch: 6 [6000/33236 (18%)], loss_enc: 37.61707305908203, loss 2.387547492980957, loss_emb: 7.648909091949463
(4719116288, 23710007296)
Train Epoch: 6 [6500/33236 (20%)], loss_enc: 31.000450134277344, loss 2.177058219909668, loss_emb: 4.946695327758789
(4719116288, 23710007296)
Train Epoch: 6 [7000/33236 (21%)], loss_enc: 33.47456359863281, loss 1.9275100231170654, loss_emb: 8.715272903442383
(4719116288, 23710007296)
Train Epoch: 6 [7500/33236 (23%)], loss_enc: 30.193513870239258, loss 2.182926654815674, loss_emb: 7.127750396728516
(4719116288, 23710007296)
Train Epoch: 6 [8000/33236 (24%)], loss_enc: 32.58646774291992, loss 2.576474905014038, loss_emb: 8.843085289001465
(4719116288, 23710007296)
Train Epoch: 6 [8500/33236 (26%)], loss_enc: 34.37272644042969, loss 2.169062376022339, loss_emb: 8.781394958496094
(4719116288, 23710007296)
Train Epoch: 6 [9000/33236 (27%)], loss_enc: 37.75038146972656, loss 2.6653316020965576, loss_emb: 9.284675598144531
(4719116288, 23710007296)
Train Epoch: 6 [9500/33236 (29%)], loss_enc: 46.03559875488281, loss 2.5772905349731445, loss_emb: 12.908136367797852
(4719116288, 23710007296)
Train Epoch: 6 [10000/33236 (30%)], loss_enc: 37.37407684326172, loss 2.579772710800171, loss_emb: 8.848142623901367
(4719116288, 23710007296)
Train Epoch: 6 [10500/33236 (32%)], loss_enc: 32.55347442626953, loss 2.541522979736328, loss_emb: 6.690739631652832
(4719116288, 23710007296)
Train Epoch: 6 [11000/33236 (33%)], loss_enc: 38.23788833618164, loss 2.866781234741211, loss_emb: 8.550887107849121
(4719116288, 23710007296)
Train Epoch: 6 [11500/33236 (35%)], loss_enc: 35.783084869384766, loss 2.3168957233428955, loss_emb: 8.183425903320312
(4719116288, 23710007296)
Train Epoch: 6 [12000/33236 (36%)], loss_enc: 43.751014709472656, loss 2.5346555709838867, loss_emb: 11.39609432220459
(4719116288, 23710007296)
Train Epoch: 6 [12500/33236 (38%)], loss_enc: 40.8123779296875, loss 2.5228049755096436, loss_emb: 10.358192443847656
(4719116288, 23710007296)
Train Epoch: 6 [13000/33236 (39%)], loss_enc: 34.83010482788086, loss 2.552187919616699, loss_emb: 6.076911449432373
(4719116288, 23710007296)
Train Epoch: 6 [13500/33236 (41%)], loss_enc: 28.246427536010742, loss 2.311342239379883, loss_emb: 3.5933282375335693
(4719116288, 23710007296)
Train Epoch: 6 [14000/33236 (42%)], loss_enc: 37.9581184387207, loss 2.7253177165985107, loss_emb: 10.493130683898926
(4719116288, 23710007296)
Train Epoch: 6 [14500/33236 (44%)], loss_enc: 44.486602783203125, loss 2.784801721572876, loss_emb: 13.138310432434082
(4719116288, 23710007296)
Train Epoch: 6 [15000/33236 (45%)], loss_enc: 38.311004638671875, loss 2.4890666007995605, loss_emb: 9.207538604736328
(4719116288, 23710007296)
Train Epoch: 6 [15500/33236 (47%)], loss_enc: 41.35194778442383, loss 2.459035634994507, loss_emb: 10.9319429397583
(4719116288, 23710007296)
Train Epoch: 6 [16000/33236 (48%)], loss_enc: 46.55801773071289, loss 2.347012519836426, loss_emb: 12.532771110534668
(4719116288, 23710007296)
Train Epoch: 6 [16500/33236 (50%)], loss_enc: 49.686988830566406, loss 2.7030203342437744, loss_emb: 17.234682083129883
(4719116288, 23710007296)
Train Epoch: 6 [17000/33236 (51%)], loss_enc: 27.88611602783203, loss 2.2648489475250244, loss_emb: 6.601281642913818
(4719116288, 23710007296)
Train Epoch: 6 [17500/33236 (53%)], loss_enc: 45.718143463134766, loss 2.6648058891296387, loss_emb: 12.776508331298828
(4719116288, 23710007296)
Train Epoch: 6 [18000/33236 (54%)], loss_enc: 39.43157958984375, loss 2.4765067100524902, loss_emb: 9.011693000793457
(4719116288, 23710007296)
Train Epoch: 6 [18500/33236 (56%)], loss_enc: 42.186279296875, loss 2.84791898727417, loss_emb: 10.943499565124512
(4719116288, 23710007296)
Train Epoch: 6 [19000/33236 (57%)], loss_enc: 31.51401138305664, loss 2.305495262145996, loss_emb: 4.1708221435546875
(4719116288, 23710007296)
Train Epoch: 6 [19500/33236 (59%)], loss_enc: 39.049007415771484, loss 2.3930139541625977, loss_emb: 10.477716445922852
(4719116288, 23710007296)
Train Epoch: 6 [20000/33236 (60%)], loss_enc: 48.35850143432617, loss 2.5393362045288086, loss_emb: 16.503040313720703
(4719116288, 23710007296)
Train Epoch: 6 [20500/33236 (62%)], loss_enc: 37.754451751708984, loss 2.185730218887329, loss_emb: 11.213912963867188
(4719116288, 23710007296)
Train Epoch: 6 [21000/33236 (63%)], loss_enc: 26.78964614868164, loss 1.9064273834228516, loss_emb: 5.2176833152771
(4719116288, 23710007296)
Train Epoch: 6 [21500/33236 (65%)], loss_enc: 43.94297790527344, loss 3.192172050476074, loss_emb: 12.065962791442871
(4719116288, 23710007296)
Train Epoch: 6 [22000/33236 (66%)], loss_enc: 33.83599090576172, loss 2.001887798309326, loss_emb: 8.260388374328613
(4719116288, 23710007296)
Train Epoch: 6 [22500/33236 (68%)], loss_enc: 35.600181579589844, loss 2.4964163303375244, loss_emb: 9.779067039489746
(4719116288, 23710007296)
Train Epoch: 6 [23000/33236 (69%)], loss_enc: 37.99039077758789, loss 2.4696733951568604, loss_emb: 8.925658226013184
(4719116288, 23710007296)
Train Epoch: 6 [23500/33236 (71%)], loss_enc: 44.27423858642578, loss 2.7127013206481934, loss_emb: 13.89453411102295
(4719116288, 23710007296)
Train Epoch: 6 [24000/33236 (72%)], loss_enc: 19.361167907714844, loss 1.8880032300949097, loss_emb: 2.5954747200012207
(4719116288, 23710007296)
Train Epoch: 6 [24500/33236 (74%)], loss_enc: 39.569034576416016, loss 2.736649751663208, loss_emb: 9.030817985534668
(4719116288, 23710007296)
Train Epoch: 6 [25000/33236 (75%)], loss_enc: 39.00824737548828, loss 2.760204792022705, loss_emb: 9.662567138671875
(4719116288, 23710007296)
Train Epoch: 6 [25500/33236 (77%)], loss_enc: 33.54676818847656, loss 2.4649834632873535, loss_emb: 6.541417121887207
(4719116288, 23710007296)
Train Epoch: 6 [26000/33236 (78%)], loss_enc: 41.82371520996094, loss 2.6267690658569336, loss_emb: 10.393218040466309
(4719116288, 23710007296)
Train Epoch: 6 [26500/33236 (80%)], loss_enc: 47.82905960083008, loss 2.470731019973755, loss_emb: 14.179156303405762
(4719116288, 23710007296)
Train Epoch: 6 [27000/33236 (81%)], loss_enc: 36.472007751464844, loss 2.4515185356140137, loss_emb: 7.331729888916016
(4719116288, 23710007296)
Train Epoch: 6 [27500/33236 (83%)], loss_enc: 41.61554718017578, loss 2.634932518005371, loss_emb: 11.129165649414062
(4719116288, 23710007296)
Train Epoch: 6 [28000/33236 (84%)], loss_enc: 35.29578399658203, loss 2.12196946144104, loss_emb: 8.615009307861328
(4719116288, 23710007296)
Train Epoch: 6 [28500/33236 (86%)], loss_enc: 36.44415283203125, loss 2.5294528007507324, loss_emb: 8.075448989868164
(4719116288, 23710007296)
Train Epoch: 6 [29000/33236 (87%)], loss_enc: 37.34641647338867, loss 2.590665340423584, loss_emb: 9.842387199401855
(4719116288, 23710007296)
Train Epoch: 6 [29500/33236 (89%)], loss_enc: 44.00550079345703, loss 2.93183970451355, loss_emb: 10.387639999389648
(4719116288, 23710007296)
Train Epoch: 6 [30000/33236 (90%)], loss_enc: 33.11261749267578, loss 2.016582489013672, loss_emb: 7.253262519836426
(4719116288, 23710007296)
Train Epoch: 6 [30500/33236 (92%)], loss_enc: 40.81492614746094, loss 2.806466817855835, loss_emb: 9.933302879333496
(4719116288, 23710007296)
Train Epoch: 6 [31000/33236 (93%)], loss_enc: 42.8073844909668, loss 2.781893730163574, loss_emb: 9.108782768249512
(4719116288, 23710007296)
Train Epoch: 6 [31500/33236 (95%)], loss_enc: 40.06365966796875, loss 2.94705867767334, loss_emb: 11.648847579956055
(4719116288, 23710007296)
Train Epoch: 6 [32000/33236 (96%)], loss_enc: 31.914695739746094, loss 2.6882734298706055, loss_emb: 5.501735210418701
(4719116288, 23710007296)
Train Epoch: 6 [32500/33236 (98%)], loss_enc: 34.63228988647461, loss 2.4128222465515137, loss_emb: 8.732240676879883
(4719116288, 23710007296)
Train Epoch: 6 [33000/33236 (99%)], loss_enc: 41.28526306152344, loss 2.740227699279785, loss_emb: 9.222570419311523
----------------------------------------Epoch: 7----------------------------------------
(4719116288, 23710007296)
Train Epoch: 7 [0/33236 (0%)], loss_enc: 30.487995147705078, loss 2.567965507507324, loss_emb: 6.87496280670166
(4719116288, 23710007296)
Train Epoch: 7 [500/33236 (2%)], loss_enc: 42.28524398803711, loss 2.6320271492004395, loss_emb: 9.25521469116211
(4719116288, 23710007296)
Train Epoch: 7 [1000/33236 (3%)], loss_enc: 37.47098922729492, loss 2.633420467376709, loss_emb: 10.072379112243652
(4719116288, 23710007296)
Train Epoch: 7 [1500/33236 (5%)], loss_enc: 26.203994750976562, loss 1.9625766277313232, loss_emb: 3.7816009521484375
(4719116288, 23710007296)
Train Epoch: 7 [2000/33236 (6%)], loss_enc: 37.741539001464844, loss 2.759411096572876, loss_emb: 7.413546085357666
(4719116288, 23710007296)
Train Epoch: 7 [2500/33236 (8%)], loss_enc: 40.1400260925293, loss 2.759155750274658, loss_emb: 10.11618709564209
(4719116288, 23710007296)
Train Epoch: 7 [3000/33236 (9%)], loss_enc: 32.69835662841797, loss 1.8612858057022095, loss_emb: 7.980936527252197
(4719116288, 23710007296)
Train Epoch: 7 [3500/33236 (11%)], loss_enc: 38.663360595703125, loss 2.472836494445801, loss_emb: 9.208745956420898
(4719116288, 23710007296)
Train Epoch: 7 [4000/33236 (12%)], loss_enc: 35.87474060058594, loss 2.6835148334503174, loss_emb: 8.01885986328125
(4719116288, 23710007296)
Train Epoch: 7 [4500/33236 (14%)], loss_enc: 30.62520980834961, loss 2.5848827362060547, loss_emb: 5.328528881072998
(4719116288, 23710007296)
Train Epoch: 7 [5000/33236 (15%)], loss_enc: 26.054004669189453, loss 2.40519380569458, loss_emb: 4.501266002655029
(4719116288, 23710007296)
Train Epoch: 7 [5500/33236 (17%)], loss_enc: 41.96799850463867, loss 2.879730701446533, loss_emb: 9.630908966064453
(4719116288, 23710007296)
Train Epoch: 7 [6000/33236 (18%)], loss_enc: 39.405364990234375, loss 2.6074185371398926, loss_emb: 8.287298202514648
(4719116288, 23710007296)
Train Epoch: 7 [6500/33236 (20%)], loss_enc: 32.80858612060547, loss 2.4312891960144043, loss_emb: 7.051433086395264
(4719116288, 23710007296)
Train Epoch: 7 [7000/33236 (21%)], loss_enc: 37.642860412597656, loss 2.5226800441741943, loss_emb: 9.639243125915527
(4719116288, 23710007296)
Train Epoch: 7 [7500/33236 (23%)], loss_enc: 45.553192138671875, loss 3.0734381675720215, loss_emb: 14.195459365844727
(4719116288, 23710007296)
Train Epoch: 7 [8000/33236 (24%)], loss_enc: 46.13786315917969, loss 2.532588243484497, loss_emb: 14.245277404785156
(4719116288, 23710007296)
Train Epoch: 7 [8500/33236 (26%)], loss_enc: 35.888755798339844, loss 2.591158866882324, loss_emb: 9.497018814086914
(4719116288, 23710007296)
Train Epoch: 7 [9000/33236 (27%)], loss_enc: 40.299381256103516, loss 2.4163241386413574, loss_emb: 7.585343360900879
(4719116288, 23710007296)
Train Epoch: 7 [9500/33236 (29%)], loss_enc: 35.185150146484375, loss 2.3208022117614746, loss_emb: 8.098342895507812
(4719116288, 23710007296)
Train Epoch: 7 [10000/33236 (30%)], loss_enc: 40.7722053527832, loss 2.7654850482940674, loss_emb: 9.539772987365723
(4719116288, 23710007296)
Train Epoch: 7 [10500/33236 (32%)], loss_enc: 37.919010162353516, loss 2.5642616748809814, loss_emb: 8.47326374053955
(4719116288, 23710007296)
Train Epoch: 7 [11000/33236 (33%)], loss_enc: 36.71043395996094, loss 2.7292659282684326, loss_emb: 7.592471599578857
(4719116288, 23710007296)
Train Epoch: 7 [11500/33236 (35%)], loss_enc: 36.96082305908203, loss 2.961333990097046, loss_emb: 8.099641799926758
(4719116288, 23710007296)
Train Epoch: 7 [12000/33236 (36%)], loss_enc: 39.70977783203125, loss 2.5828659534454346, loss_emb: 7.535196781158447
(4719116288, 23710007296)
Train Epoch: 7 [12500/33236 (38%)], loss_enc: 33.41707229614258, loss 2.7263600826263428, loss_emb: 6.613821506500244
(4719116288, 23710007296)
Train Epoch: 7 [13000/33236 (39%)], loss_enc: 45.910804748535156, loss 2.61676025390625, loss_emb: 13.996088027954102
(4719116288, 23710007296)
Train Epoch: 7 [13500/33236 (41%)], loss_enc: 40.33280563354492, loss 2.2436838150024414, loss_emb: 11.308012008666992
(4719116288, 23710007296)
Train Epoch: 7 [14000/33236 (42%)], loss_enc: 41.171424865722656, loss 2.862774133682251, loss_emb: 9.630152702331543
(4719116288, 23710007296)
Train Epoch: 7 [14500/33236 (44%)], loss_enc: 35.42613220214844, loss 2.9071269035339355, loss_emb: 5.425006866455078
(4719116288, 23710007296)
Train Epoch: 7 [15000/33236 (45%)], loss_enc: 47.85226058959961, loss 2.625917911529541, loss_emb: 15.380032539367676
(4719116288, 23710007296)
Train Epoch: 7 [15500/33236 (47%)], loss_enc: 40.88991165161133, loss 2.9043195247650146, loss_emb: 10.192099571228027
(4719116288, 23710007296)
Train Epoch: 7 [16000/33236 (48%)], loss_enc: 29.433124542236328, loss 2.390383720397949, loss_emb: 6.0230712890625
(4719116288, 23710007296)
Train Epoch: 7 [16500/33236 (50%)], loss_enc: 44.92131423950195, loss 2.6701011657714844, loss_emb: 14.27501106262207
(4719116288, 23710007296)
Train Epoch: 7 [17000/33236 (51%)], loss_enc: 43.41065216064453, loss 2.654778480529785, loss_emb: 12.193026542663574
(4719116288, 23710007296)
Train Epoch: 7 [17500/33236 (53%)], loss_enc: 36.409603118896484, loss 2.6384294033050537, loss_emb: 8.856474876403809
(4719116288, 23710007296)
Train Epoch: 7 [18000/33236 (54%)], loss_enc: 32.366844177246094, loss 2.2475674152374268, loss_emb: 5.641292095184326
(4719116288, 23710007296)
Train Epoch: 7 [18500/33236 (56%)], loss_enc: 37.15813064575195, loss 2.491551637649536, loss_emb: 7.859652996063232
(4719116288, 23710007296)
Train Epoch: 7 [19000/33236 (57%)], loss_enc: 46.39965057373047, loss 2.501979112625122, loss_emb: 15.338940620422363
(4719116288, 23710007296)
Train Epoch: 7 [19500/33236 (59%)], loss_enc: 40.61763381958008, loss 2.832885265350342, loss_emb: 10.295500755310059
(4719116288, 23710007296)
Train Epoch: 7 [20000/33236 (60%)], loss_enc: 28.40665054321289, loss 2.0812110900878906, loss_emb: 4.768460273742676
(4719116288, 23710007296)
Train Epoch: 7 [20500/33236 (62%)], loss_enc: 41.017234802246094, loss 2.75018310546875, loss_emb: 8.031013488769531
(4719116288, 23710007296)
Train Epoch: 7 [21000/33236 (63%)], loss_enc: 29.406005859375, loss 2.3650615215301514, loss_emb: 6.050335884094238
(4719116288, 23710007296)
Train Epoch: 7 [21500/33236 (65%)], loss_enc: 47.141929626464844, loss 3.1228187084198, loss_emb: 13.36008358001709
(4719116288, 23710007296)
Train Epoch: 7 [22000/33236 (66%)], loss_enc: 24.0742130279541, loss 1.7720543146133423, loss_emb: 3.3652074337005615
(4719116288, 23710007296)
Train Epoch: 7 [22500/33236 (68%)], loss_enc: 38.191017150878906, loss 2.5143277645111084, loss_emb: 10.860742568969727
(4719116288, 23710007296)
Train Epoch: 7 [23000/33236 (69%)], loss_enc: 42.54944610595703, loss 2.5711252689361572, loss_emb: 9.755529403686523
(4719116288, 23710007296)
Train Epoch: 7 [23500/33236 (71%)], loss_enc: 31.5260009765625, loss 2.5782341957092285, loss_emb: 6.828736782073975
(4719116288, 23710007296)
Train Epoch: 7 [24000/33236 (72%)], loss_enc: 44.7983512878418, loss 2.4039077758789062, loss_emb: 11.804027557373047
(4719116288, 23710007296)
Train Epoch: 7 [24500/33236 (74%)], loss_enc: 34.672027587890625, loss 2.704831838607788, loss_emb: 6.34200382232666
(4719116288, 23710007296)
Train Epoch: 7 [25000/33236 (75%)], loss_enc: 27.725818634033203, loss 2.527268171310425, loss_emb: 4.187981605529785
(4719116288, 23710007296)
Train Epoch: 7 [25500/33236 (77%)], loss_enc: 40.20026779174805, loss 2.680699110031128, loss_emb: 7.916110515594482
(4719116288, 23710007296)
Train Epoch: 7 [26000/33236 (78%)], loss_enc: 37.82465362548828, loss 2.409351110458374, loss_emb: 8.501575469970703
(4719116288, 23710007296)
Train Epoch: 7 [26500/33236 (80%)], loss_enc: 33.811859130859375, loss 2.73610520362854, loss_emb: 6.012397766113281
(4719116288, 23710007296)
Train Epoch: 7 [27000/33236 (81%)], loss_enc: 40.41736602783203, loss 2.725383996963501, loss_emb: 10.127972602844238
(4719116288, 23710007296)
Train Epoch: 7 [27500/33236 (83%)], loss_enc: 40.00819396972656, loss 2.6806998252868652, loss_emb: 7.78609037399292
(4719116288, 23710007296)
Train Epoch: 7 [28000/33236 (84%)], loss_enc: 41.8651123046875, loss 2.770663022994995, loss_emb: 9.098715782165527
(4719116288, 23710007296)
Train Epoch: 7 [28500/33236 (86%)], loss_enc: 36.72844314575195, loss 2.915834903717041, loss_emb: 7.569016456604004
(4719116288, 23710007296)
Train Epoch: 7 [29000/33236 (87%)], loss_enc: 40.316219329833984, loss 2.782235622406006, loss_emb: 10.401274681091309
(4719116288, 23710007296)
Train Epoch: 7 [29500/33236 (89%)], loss_enc: 38.69963073730469, loss 2.444587469100952, loss_emb: 8.96866512298584
(4719116288, 23710007296)
Train Epoch: 7 [30000/33236 (90%)], loss_enc: 43.31586456298828, loss 2.6613144874572754, loss_emb: 11.406876564025879
(4719116288, 23710007296)
Train Epoch: 7 [30500/33236 (92%)], loss_enc: 43.352054595947266, loss 2.6516826152801514, loss_emb: 13.2518892288208
(4719116288, 23710007296)
Train Epoch: 7 [31000/33236 (93%)], loss_enc: 37.69786071777344, loss 2.6556427478790283, loss_emb: 7.96160364151001
(4719116288, 23710007296)
Train Epoch: 7 [31500/33236 (95%)], loss_enc: 38.535064697265625, loss 2.6439664363861084, loss_emb: 11.493329048156738
(4719116288, 23710007296)
Train Epoch: 7 [32000/33236 (96%)], loss_enc: 42.95008850097656, loss 2.619389057159424, loss_emb: 10.19770336151123
(4719116288, 23710007296)
Train Epoch: 7 [32500/33236 (98%)], loss_enc: 31.781204223632812, loss 2.405733108520508, loss_emb: 5.51938009262085
(4719116288, 23710007296)
Train Epoch: 7 [33000/33236 (99%)], loss_enc: 43.56132507324219, loss 2.672114610671997, loss_emb: 13.14111614227295
----------------------------------------Epoch: 8----------------------------------------
(4719116288, 23710007296)
Train Epoch: 8 [0/33236 (0%)], loss_enc: 40.04861068725586, loss 2.741201400756836, loss_emb: 8.617217063903809
(4719116288, 23710007296)
Train Epoch: 8 [500/33236 (2%)], loss_enc: 26.76866340637207, loss 2.125962495803833, loss_emb: 4.1873321533203125
(4719116288, 23710007296)
Train Epoch: 8 [1000/33236 (3%)], loss_enc: 40.83689498901367, loss 2.337203025817871, loss_emb: 9.960603713989258
(4719116288, 23710007296)
Train Epoch: 8 [1500/33236 (5%)], loss_enc: 38.96889877319336, loss 2.5620474815368652, loss_emb: 8.740771293640137
(4719116288, 23710007296)
Train Epoch: 8 [2000/33236 (6%)], loss_enc: 38.23561477661133, loss 2.3678104877471924, loss_emb: 9.887503623962402
(4719116288, 23710007296)
Train Epoch: 8 [2500/33236 (8%)], loss_enc: 39.331363677978516, loss 2.6406874656677246, loss_emb: 9.302414894104004
(4719116288, 23710007296)
Train Epoch: 8 [3000/33236 (9%)], loss_enc: 35.86068344116211, loss 2.595491886138916, loss_emb: 8.51041316986084
(4719116288, 23710007296)
Train Epoch: 8 [3500/33236 (11%)], loss_enc: 35.13401412963867, loss 2.6517202854156494, loss_emb: 5.88893461227417
(4719116288, 23710007296)
Train Epoch: 8 [4000/33236 (12%)], loss_enc: 39.199798583984375, loss 2.5595881938934326, loss_emb: 8.572662353515625
(4719116288, 23710007296)
Train Epoch: 8 [4500/33236 (14%)], loss_enc: 39.629878997802734, loss 2.5074009895324707, loss_emb: 8.8089017868042
(4719116288, 23710007296)
Train Epoch: 8 [5000/33236 (15%)], loss_enc: 40.64087677001953, loss 2.6496195793151855, loss_emb: 11.61382007598877
(4719116288, 23710007296)
Train Epoch: 8 [5500/33236 (17%)], loss_enc: 42.85938262939453, loss 2.822758197784424, loss_emb: 12.032671928405762
(4719116288, 23710007296)
Train Epoch: 8 [6000/33236 (18%)], loss_enc: 33.19343566894531, loss 2.4667694568634033, loss_emb: 7.92299222946167
(4719116288, 23710007296)
Train Epoch: 8 [6500/33236 (20%)], loss_enc: 44.47237014770508, loss 2.6977925300598145, loss_emb: 12.387181282043457
(4719116288, 23710007296)
Train Epoch: 8 [7000/33236 (21%)], loss_enc: 41.33633804321289, loss 2.385394334793091, loss_emb: 10.44101619720459
(4719116288, 23710007296)
Train Epoch: 8 [7500/33236 (23%)], loss_enc: 36.8663330078125, loss 2.4434213638305664, loss_emb: 10.567977905273438
(4719116288, 23710007296)
Train Epoch: 8 [8000/33236 (24%)], loss_enc: 38.94068145751953, loss 2.5881359577178955, loss_emb: 7.441583156585693
(4719116288, 23710007296)
Train Epoch: 8 [8500/33236 (26%)], loss_enc: 47.84627151489258, loss 2.821831703186035, loss_emb: 14.902297973632812
(4719116288, 23710007296)
Train Epoch: 8 [9000/33236 (27%)], loss_enc: 35.060855865478516, loss 2.7465555667877197, loss_emb: 7.653369426727295
(4719116288, 23710007296)
Train Epoch: 8 [9500/33236 (29%)], loss_enc: 31.79752540588379, loss 2.466637372970581, loss_emb: 6.3616042137146
(4719116288, 23710007296)
Train Epoch: 8 [10000/33236 (30%)], loss_enc: 34.690303802490234, loss 2.191118001937866, loss_emb: 7.148646831512451
(4719116288, 23710007296)
Train Epoch: 8 [10500/33236 (32%)], loss_enc: 40.53938674926758, loss 2.8045907020568848, loss_emb: 9.703490257263184
(4719116288, 23710007296)
Train Epoch: 8 [11000/33236 (33%)], loss_enc: 31.533294677734375, loss 2.065711498260498, loss_emb: 8.131213188171387
(4719116288, 23710007296)
Train Epoch: 8 [11500/33236 (35%)], loss_enc: 41.84233856201172, loss 2.49851131439209, loss_emb: 11.538248062133789
(4719116288, 23710007296)
Train Epoch: 8 [12000/33236 (36%)], loss_enc: 33.50941467285156, loss 2.3240129947662354, loss_emb: 6.317812919616699
(4719116288, 23710007296)
Train Epoch: 8 [12500/33236 (38%)], loss_enc: 41.58635330200195, loss 2.7993531227111816, loss_emb: 9.574017524719238
(4719116288, 23710007296)
Train Epoch: 8 [13000/33236 (39%)], loss_enc: 42.31938171386719, loss 2.6632490158081055, loss_emb: 8.342456817626953
(4719116288, 23710007296)
Train Epoch: 8 [13500/33236 (41%)], loss_enc: 45.090614318847656, loss 2.3279690742492676, loss_emb: 13.38286018371582
(4719116288, 23710007296)
Train Epoch: 8 [14000/33236 (42%)], loss_enc: 39.4215087890625, loss 2.4938251972198486, loss_emb: 10.867619514465332
(4719116288, 23710007296)
Train Epoch: 8 [14500/33236 (44%)], loss_enc: 45.81001663208008, loss 2.8132312297821045, loss_emb: 13.02417278289795
(4719116288, 23710007296)
Train Epoch: 8 [15000/33236 (45%)], loss_enc: 29.171846389770508, loss 2.183331251144409, loss_emb: 7.458543300628662
(4719116288, 23710007296)
Train Epoch: 8 [15500/33236 (47%)], loss_enc: 31.126588821411133, loss 2.3214900493621826, loss_emb: 5.001580715179443
(4719116288, 23710007296)
Train Epoch: 8 [16000/33236 (48%)], loss_enc: 40.19035339355469, loss 2.559147834777832, loss_emb: 11.227980613708496
(4719116288, 23710007296)
Train Epoch: 8 [16500/33236 (50%)], loss_enc: 42.99075698852539, loss 2.8899986743927, loss_emb: 10.184590339660645
(4719116288, 23710007296)
Train Epoch: 8 [17000/33236 (51%)], loss_enc: 36.081703186035156, loss 2.446180582046509, loss_emb: 7.6237640380859375
(4719116288, 23710007296)
Train Epoch: 8 [17500/33236 (53%)], loss_enc: 35.85558319091797, loss 2.10884428024292, loss_emb: 10.445408821105957
(4719116288, 23710007296)
Train Epoch: 8 [18000/33236 (54%)], loss_enc: 39.44451904296875, loss 2.6486258506774902, loss_emb: 9.717082023620605
(4719116288, 23710007296)
Train Epoch: 8 [18500/33236 (56%)], loss_enc: 41.49456024169922, loss 2.7896268367767334, loss_emb: 10.617045402526855
(4719116288, 23710007296)
Train Epoch: 8 [19000/33236 (57%)], loss_enc: 36.1195182800293, loss 2.5019843578338623, loss_emb: 8.882844924926758
(4719116288, 23710007296)
Train Epoch: 8 [19500/33236 (59%)], loss_enc: 30.35621452331543, loss 2.2528581619262695, loss_emb: 5.029780864715576
(4719116288, 23710007296)
Train Epoch: 8 [20000/33236 (60%)], loss_enc: 52.500205993652344, loss 2.638181209564209, loss_emb: 15.201194763183594
(4719116288, 23710007296)
Train Epoch: 8 [20500/33236 (62%)], loss_enc: 36.65169143676758, loss 2.33551287651062, loss_emb: 7.9462103843688965
(4719116288, 23710007296)
Train Epoch: 8 [21000/33236 (63%)], loss_enc: 30.92990493774414, loss 2.1537885665893555, loss_emb: 5.293552398681641
(4719116288, 23710007296)
Train Epoch: 8 [21500/33236 (65%)], loss_enc: 37.306034088134766, loss 2.536968469619751, loss_emb: 10.204607009887695
(4719116288, 23710007296)
Train Epoch: 8 [22000/33236 (66%)], loss_enc: 43.31894302368164, loss 3.0071616172790527, loss_emb: 10.443575859069824
(4719116288, 23710007296)
Train Epoch: 8 [22500/33236 (68%)], loss_enc: 30.89962387084961, loss 2.1334266662597656, loss_emb: 5.968480587005615
(4719116288, 23710007296)
Train Epoch: 8 [23000/33236 (69%)], loss_enc: 28.214645385742188, loss 2.026852607727051, loss_emb: 5.427792549133301
(4719116288, 23710007296)
Train Epoch: 8 [23500/33236 (71%)], loss_enc: 35.95418167114258, loss 2.426565647125244, loss_emb: 8.404341697692871
(4719116288, 23710007296)
Train Epoch: 8 [24000/33236 (72%)], loss_enc: 33.01427459716797, loss 2.38938307762146, loss_emb: 6.9083476066589355
(4719116288, 23710007296)
Train Epoch: 8 [24500/33236 (74%)], loss_enc: 31.377689361572266, loss 2.2303497791290283, loss_emb: 6.505739688873291
(4719116288, 23710007296)
Train Epoch: 8 [25000/33236 (75%)], loss_enc: 38.48548889160156, loss 2.6872875690460205, loss_emb: 8.928088188171387
(4719116288, 23710007296)
Train Epoch: 8 [25500/33236 (77%)], loss_enc: 40.83403015136719, loss 3.046351194381714, loss_emb: 9.80699634552002
(4719116288, 23710007296)
Train Epoch: 8 [26000/33236 (78%)], loss_enc: 39.94760513305664, loss 2.4929568767547607, loss_emb: 9.298346519470215
(4719116288, 23710007296)
Train Epoch: 8 [26500/33236 (80%)], loss_enc: 26.942476272583008, loss 2.4253554344177246, loss_emb: 3.3231964111328125
(4719116288, 23710007296)
Train Epoch: 8 [27000/33236 (81%)], loss_enc: 28.994396209716797, loss 1.9197008609771729, loss_emb: 5.386281490325928
(4719116288, 23710007296)
Train Epoch: 8 [27500/33236 (83%)], loss_enc: 47.014686584472656, loss 2.8745779991149902, loss_emb: 14.883618354797363
(4719116288, 23710007296)
Train Epoch: 8 [28000/33236 (84%)], loss_enc: 39.98094940185547, loss 2.3301444053649902, loss_emb: 9.583847045898438
(4719116288, 23710007296)
Train Epoch: 8 [28500/33236 (86%)], loss_enc: 46.113834381103516, loss 2.775675058364868, loss_emb: 14.060867309570312
(4719116288, 23710007296)
Train Epoch: 8 [29000/33236 (87%)], loss_enc: 34.72438430786133, loss 2.2906014919281006, loss_emb: 7.574837684631348
(4719116288, 23710007296)
Train Epoch: 8 [29500/33236 (89%)], loss_enc: 41.85029983520508, loss 2.5487160682678223, loss_emb: 12.334273338317871
(4719116288, 23710007296)
Train Epoch: 8 [30000/33236 (90%)], loss_enc: 40.74683380126953, loss 2.3556301593780518, loss_emb: 11.699112892150879
(4719116288, 23710007296)
Train Epoch: 8 [30500/33236 (92%)], loss_enc: 34.858638763427734, loss 2.3207051753997803, loss_emb: 8.151043891906738
(4719116288, 23710007296)
Train Epoch: 8 [31000/33236 (93%)], loss_enc: 33.22578430175781, loss 2.317890167236328, loss_emb: 7.911918640136719
(4719116288, 23710007296)
Train Epoch: 8 [31500/33236 (95%)], loss_enc: 32.55282974243164, loss 2.108795166015625, loss_emb: 7.869067668914795
(4719116288, 23710007296)
Train Epoch: 8 [32000/33236 (96%)], loss_enc: 42.86246871948242, loss 2.6098220348358154, loss_emb: 10.419875144958496
(4719116288, 23710007296)
Train Epoch: 8 [32500/33236 (98%)], loss_enc: 33.93751525878906, loss 2.597897529602051, loss_emb: 7.663812160491943
(4719116288, 23710007296)
Train Epoch: 8 [33000/33236 (99%)], loss_enc: 38.37832260131836, loss 2.813488245010376, loss_emb: 10.667033195495605
----------------------------------------Epoch: 9----------------------------------------
(4719116288, 23710007296)
Train Epoch: 9 [0/33236 (0%)], loss_enc: 31.506935119628906, loss 2.1804654598236084, loss_emb: 5.757174968719482
(4719116288, 23710007296)
Train Epoch: 9 [500/33236 (2%)], loss_enc: 38.32912826538086, loss 2.5067601203918457, loss_emb: 9.872708320617676
(4719116288, 23710007296)
Train Epoch: 9 [1000/33236 (3%)], loss_enc: 37.47928237915039, loss 2.386078357696533, loss_emb: 9.572362899780273
(4719116288, 23710007296)
Train Epoch: 9 [1500/33236 (5%)], loss_enc: 46.4521369934082, loss 2.576493978500366, loss_emb: 13.779083251953125
(4719116288, 23710007296)
Train Epoch: 9 [2000/33236 (6%)], loss_enc: 36.84825134277344, loss 2.01743745803833, loss_emb: 9.045907974243164
(4719116288, 23710007296)
Train Epoch: 9 [2500/33236 (8%)], loss_enc: 27.601970672607422, loss 1.6782090663909912, loss_emb: 5.313241004943848
(4719116288, 23710007296)
Train Epoch: 9 [3000/33236 (9%)], loss_enc: 34.29836654663086, loss 2.0973310470581055, loss_emb: 8.500490188598633
(4719116288, 23710007296)
Train Epoch: 9 [3500/33236 (11%)], loss_enc: 38.47030258178711, loss 2.484515905380249, loss_emb: 8.539278030395508
(4719116288, 23710007296)
Train Epoch: 9 [4000/33236 (12%)], loss_enc: 38.683650970458984, loss 2.647594928741455, loss_emb: 9.155341148376465
(4719116288, 23710007296)
Train Epoch: 9 [4500/33236 (14%)], loss_enc: 39.082035064697266, loss 2.691849708557129, loss_emb: 6.586030006408691
(4719116288, 23710007296)
Train Epoch: 9 [5000/33236 (15%)], loss_enc: 37.55076599121094, loss 2.3001880645751953, loss_emb: 8.593914985656738
(4719116288, 23710007296)
Train Epoch: 9 [5500/33236 (17%)], loss_enc: 37.62125015258789, loss 2.2589893341064453, loss_emb: 11.289453506469727
(4719116288, 23710007296)
Train Epoch: 9 [6000/33236 (18%)], loss_enc: 36.61249923706055, loss 2.578232765197754, loss_emb: 7.695077419281006
(4719116288, 23710007296)
Train Epoch: 9 [6500/33236 (20%)], loss_enc: 32.50876235961914, loss 2.1433310508728027, loss_emb: 7.171403408050537
(4719116288, 23710007296)
Train Epoch: 9 [7000/33236 (21%)], loss_enc: 37.35612487792969, loss 2.278404951095581, loss_emb: 9.803079605102539
(4719116288, 23710007296)
Train Epoch: 9 [7500/33236 (23%)], loss_enc: 33.33086395263672, loss 2.1628034114837646, loss_emb: 8.443495750427246
(4719116288, 23710007296)
Train Epoch: 9 [8000/33236 (24%)], loss_enc: 38.94557189941406, loss 2.404083251953125, loss_emb: 10.914885520935059
(4719116288, 23710007296)
Train Epoch: 9 [8500/33236 (26%)], loss_enc: 36.879066467285156, loss 2.454421281814575, loss_emb: 8.164512634277344
(4719116288, 23710007296)
Train Epoch: 9 [9000/33236 (27%)], loss_enc: 31.08469009399414, loss 2.2616260051727295, loss_emb: 4.990494728088379
(4719116288, 23710007296)
Train Epoch: 9 [9500/33236 (29%)], loss_enc: 45.491600036621094, loss 2.360285758972168, loss_emb: 14.154014587402344
(4719116288, 23710007296)
Train Epoch: 9 [10000/33236 (30%)], loss_enc: 35.76189422607422, loss 2.1836323738098145, loss_emb: 8.19456672668457
(4719116288, 23710007296)
Train Epoch: 9 [10500/33236 (32%)], loss_enc: 49.059471130371094, loss 2.7959184646606445, loss_emb: 16.7467098236084
(4719116288, 23710007296)
Train Epoch: 9 [11000/33236 (33%)], loss_enc: 41.522666931152344, loss 2.8175711631774902, loss_emb: 11.467879295349121
(4719116288, 23710007296)
Train Epoch: 9 [11500/33236 (35%)], loss_enc: 36.2751350402832, loss 2.3637938499450684, loss_emb: 7.26214075088501
(4719116288, 23710007296)
Train Epoch: 9 [12000/33236 (36%)], loss_enc: 42.293521881103516, loss 2.875962734222412, loss_emb: 11.124218940734863
(4719116288, 23710007296)
Train Epoch: 9 [12500/33236 (38%)], loss_enc: 37.852970123291016, loss 2.3588192462921143, loss_emb: 9.48072338104248
(4719116288, 23710007296)
Train Epoch: 9 [13000/33236 (39%)], loss_enc: 36.498741149902344, loss 2.1878607273101807, loss_emb: 8.667715072631836
(4719116288, 23710007296)
Train Epoch: 9 [13500/33236 (41%)], loss_enc: 33.20883560180664, loss 2.380241870880127, loss_emb: 4.716568946838379
(4719116288, 23710007296)
Train Epoch: 9 [14000/33236 (42%)], loss_enc: 32.84718704223633, loss 2.7188265323638916, loss_emb: 6.558871746063232
(4719116288, 23710007296)
Train Epoch: 9 [14500/33236 (44%)], loss_enc: 47.55691146850586, loss 3.0274527072906494, loss_emb: 14.17364501953125
(4719116288, 23710007296)
Train Epoch: 9 [15000/33236 (45%)], loss_enc: 29.74979019165039, loss 1.8814736604690552, loss_emb: 7.961556434631348
(4719116288, 23710007296)
Train Epoch: 9 [15500/33236 (47%)], loss_enc: 38.017738342285156, loss 2.4676353931427, loss_emb: 8.788310050964355
(4719116288, 23710007296)
Train Epoch: 9 [16000/33236 (48%)], loss_enc: 35.22218322753906, loss 2.1663153171539307, loss_emb: 10.02210807800293
(4719116288, 23710007296)
Train Epoch: 9 [16500/33236 (50%)], loss_enc: 31.27786636352539, loss 2.230696201324463, loss_emb: 5.055478096008301
(4719116288, 23710007296)
Train Epoch: 9 [17000/33236 (51%)], loss_enc: 43.69447708129883, loss 2.930152654647827, loss_emb: 10.73967456817627
(4719116288, 23710007296)
Train Epoch: 9 [17500/33236 (53%)], loss_enc: 36.17865753173828, loss 2.6083500385284424, loss_emb: 8.530200004577637
(4719116288, 23710007296)
Train Epoch: 9 [18000/33236 (54%)], loss_enc: 40.08421325683594, loss 2.794706106185913, loss_emb: 11.078099250793457
(4719116288, 23710007296)
Train Epoch: 9 [18500/33236 (56%)], loss_enc: 23.298675537109375, loss 1.9147042036056519, loss_emb: 2.9922709465026855
(4719116288, 23710007296)
Train Epoch: 9 [19000/33236 (57%)], loss_enc: 36.725746154785156, loss 2.405937433242798, loss_emb: 7.7366623878479
(4719116288, 23710007296)
Train Epoch: 9 [19500/33236 (59%)], loss_enc: 37.072959899902344, loss 2.6643168926239014, loss_emb: 8.032938957214355
(4719116288, 23710007296)
Train Epoch: 9 [20000/33236 (60%)], loss_enc: 40.95246887207031, loss 2.742809772491455, loss_emb: 8.86328125
(4719116288, 23710007296)
Train Epoch: 9 [20500/33236 (62%)], loss_enc: 46.59468460083008, loss 2.4904234409332275, loss_emb: 13.387313842773438
(4719116288, 23710007296)
Train Epoch: 9 [21000/33236 (63%)], loss_enc: 41.02488708496094, loss 2.4338412284851074, loss_emb: 12.15872859954834
(4719116288, 23710007296)
Train Epoch: 9 [21500/33236 (65%)], loss_enc: 44.6925163269043, loss 2.6651899814605713, loss_emb: 14.246310234069824
(4719116288, 23710007296)
Train Epoch: 9 [22000/33236 (66%)], loss_enc: 38.56306838989258, loss 2.722684860229492, loss_emb: 10.942207336425781
(4719116288, 23710007296)
Train Epoch: 9 [22500/33236 (68%)], loss_enc: 44.73487854003906, loss 2.9498109817504883, loss_emb: 11.112398147583008
(4719116288, 23710007296)
Train Epoch: 9 [23000/33236 (69%)], loss_enc: 40.73176574707031, loss 2.678650379180908, loss_emb: 10.00992488861084
(4719116288, 23710007296)
Train Epoch: 9 [23500/33236 (71%)], loss_enc: 33.26509475708008, loss 2.0959179401397705, loss_emb: 8.277583122253418
(4719116288, 23710007296)
Train Epoch: 9 [24000/33236 (72%)], loss_enc: 34.40904235839844, loss 2.3792731761932373, loss_emb: 8.523443222045898
(4719116288, 23710007296)
Train Epoch: 9 [24500/33236 (74%)], loss_enc: 44.09751510620117, loss 2.5162646770477295, loss_emb: 12.829475402832031
(4719116288, 23710007296)
Train Epoch: 9 [25000/33236 (75%)], loss_enc: 40.69811248779297, loss 2.8083126544952393, loss_emb: 9.58375072479248
(4719116288, 23710007296)
Train Epoch: 9 [25500/33236 (77%)], loss_enc: 30.116491317749023, loss 2.3087477684020996, loss_emb: 5.521151065826416
(4719116288, 23710007296)
Train Epoch: 9 [26000/33236 (78%)], loss_enc: 38.72859191894531, loss 2.827216386795044, loss_emb: 8.914441108703613
(4719116288, 23710007296)
Train Epoch: 9 [26500/33236 (80%)], loss_enc: 44.528568267822266, loss 3.120966672897339, loss_emb: 12.761944770812988
(4719116288, 23710007296)
Train Epoch: 9 [27000/33236 (81%)], loss_enc: 35.02891159057617, loss 2.0072860717773438, loss_emb: 10.18432903289795
(4719116288, 23710007296)
Train Epoch: 9 [27500/33236 (83%)], loss_enc: 45.57512664794922, loss 2.837820529937744, loss_emb: 13.409820556640625
(4719116288, 23710007296)
Train Epoch: 9 [28000/33236 (84%)], loss_enc: 34.47331237792969, loss 2.659025192260742, loss_emb: 8.21789836883545
(4719116288, 23710007296)
Train Epoch: 9 [28500/33236 (86%)], loss_enc: 41.24186706542969, loss 2.6972475051879883, loss_emb: 9.685175895690918
(4719116288, 23710007296)
Train Epoch: 9 [29000/33236 (87%)], loss_enc: 38.3040771484375, loss 2.4922940731048584, loss_emb: 11.491668701171875
(4719116288, 23710007296)
Train Epoch: 9 [29500/33236 (89%)], loss_enc: 34.4650764465332, loss 2.715855598449707, loss_emb: 8.522795677185059
(4719116288, 23710007296)
Train Epoch: 9 [30000/33236 (90%)], loss_enc: 43.13405227661133, loss 2.884657144546509, loss_emb: 10.041817665100098
(4719116288, 23710007296)
Train Epoch: 9 [30500/33236 (92%)], loss_enc: 34.41100311279297, loss 2.6852455139160156, loss_emb: 6.806121349334717
(4719116288, 23710007296)
Train Epoch: 9 [31000/33236 (93%)], loss_enc: 31.194761276245117, loss 1.8122042417526245, loss_emb: 7.468204021453857
(4719116288, 23710007296)
Train Epoch: 9 [31500/33236 (95%)], loss_enc: 43.7047233581543, loss 2.505671262741089, loss_emb: 13.510116577148438
(4719116288, 23710007296)
Train Epoch: 9 [32000/33236 (96%)], loss_enc: 36.56745147705078, loss 2.5286753177642822, loss_emb: 8.629329681396484
(4719116288, 23710007296)
Train Epoch: 9 [32500/33236 (98%)], loss_enc: 43.45280456542969, loss 2.8547146320343018, loss_emb: 9.86235523223877
(4719116288, 23710007296)
Train Epoch: 9 [33000/33236 (99%)], loss_enc: 33.43892288208008, loss 1.972169280052185, loss_emb: 10.925848960876465
----------------------------------------Epoch: 10----------------------------------------
(4719116288, 23710007296)
Train Epoch: 10 [0/33236 (0%)], loss_enc: 48.01850128173828, loss 2.67338228225708, loss_emb: 14.849542617797852
(4719116288, 23710007296)
Train Epoch: 10 [500/33236 (2%)], loss_enc: 23.194299697875977, loss 2.2437753677368164, loss_emb: 4.139312744140625
(4719116288, 23710007296)
Train Epoch: 10 [1000/33236 (3%)], loss_enc: 40.33796310424805, loss 2.408433675765991, loss_emb: 11.6917085647583
(4719116288, 23710007296)
Train Epoch: 10 [1500/33236 (5%)], loss_enc: 42.75429153442383, loss 2.882627010345459, loss_emb: 9.6340970993042
(4719116288, 23710007296)
Train Epoch: 10 [2000/33236 (6%)], loss_enc: 34.572715759277344, loss 2.428222179412842, loss_emb: 6.343662261962891
(4719116288, 23710007296)
Train Epoch: 10 [2500/33236 (8%)], loss_enc: 43.34709548950195, loss 2.7249066829681396, loss_emb: 10.999739646911621
(4719116288, 23710007296)
Train Epoch: 10 [3000/33236 (9%)], loss_enc: 40.39188766479492, loss 2.6580872535705566, loss_emb: 10.72709846496582
(4719116288, 23710007296)
Train Epoch: 10 [3500/33236 (11%)], loss_enc: 36.00706100463867, loss 2.4443230628967285, loss_emb: 8.408624649047852
(4719116288, 23710007296)
Train Epoch: 10 [4000/33236 (12%)], loss_enc: 40.016361236572266, loss 2.202968120574951, loss_emb: 9.862532615661621
(4719116288, 23710007296)
Train Epoch: 10 [4500/33236 (14%)], loss_enc: 43.65784454345703, loss 2.674506425857544, loss_emb: 13.114938735961914
(4719116288, 23710007296)
Train Epoch: 10 [5000/33236 (15%)], loss_enc: 34.42295837402344, loss 2.4447269439697266, loss_emb: 8.293725967407227
(4719116288, 23710007296)
Train Epoch: 10 [5500/33236 (17%)], loss_enc: 42.34112548828125, loss 2.5653650760650635, loss_emb: 10.122862815856934
(4719116288, 23710007296)
Train Epoch: 10 [6000/33236 (18%)], loss_enc: 42.05644607543945, loss 2.5664989948272705, loss_emb: 12.685065269470215
(4719116288, 23710007296)
Train Epoch: 10 [6500/33236 (20%)], loss_enc: 35.190940856933594, loss 2.380838632583618, loss_emb: 9.364623069763184
(4719116288, 23710007296)
Train Epoch: 10 [7000/33236 (21%)], loss_enc: 45.07220458984375, loss 2.8281168937683105, loss_emb: 13.581872940063477
(4719116288, 23710007296)
Train Epoch: 10 [7500/33236 (23%)], loss_enc: 44.10132598876953, loss 2.66286039352417, loss_emb: 14.356185913085938
(4719116288, 23710007296)
Train Epoch: 10 [8000/33236 (24%)], loss_enc: 39.20116424560547, loss 2.717855453491211, loss_emb: 8.21690559387207
(4719116288, 23710007296)
Train Epoch: 10 [8500/33236 (26%)], loss_enc: 36.677852630615234, loss 2.888887643814087, loss_emb: 6.08642578125
(4719116288, 23710007296)
Train Epoch: 10 [9000/33236 (27%)], loss_enc: 33.876312255859375, loss 2.2741541862487793, loss_emb: 5.7544169425964355
(4719116288, 23710007296)
Train Epoch: 10 [9500/33236 (29%)], loss_enc: 38.12873458862305, loss 2.5981760025024414, loss_emb: 8.612332344055176
(4719116288, 23710007296)
Train Epoch: 10 [10000/33236 (30%)], loss_enc: 29.63268280029297, loss 1.9688068628311157, loss_emb: 7.731144905090332
(4719116288, 23710007296)
Train Epoch: 10 [10500/33236 (32%)], loss_enc: 43.25612258911133, loss 2.3795769214630127, loss_emb: 12.741503715515137
(4719116288, 23710007296)
Train Epoch: 10 [11000/33236 (33%)], loss_enc: 45.071266174316406, loss 2.55230975151062, loss_emb: 11.139533996582031
(4719116288, 23710007296)
Train Epoch: 10 [11500/33236 (35%)], loss_enc: 31.164962768554688, loss 2.318582773208618, loss_emb: 8.039473533630371
(4719116288, 23710007296)
Train Epoch: 10 [12000/33236 (36%)], loss_enc: 32.07661437988281, loss 2.2703661918640137, loss_emb: 6.586233615875244
(4719116288, 23710007296)
Train Epoch: 10 [12500/33236 (38%)], loss_enc: 36.64570617675781, loss 2.1326026916503906, loss_emb: 7.512303352355957
(4719116288, 23710007296)
Train Epoch: 10 [13000/33236 (39%)], loss_enc: 38.13484573364258, loss 2.4439918994903564, loss_emb: 9.817744255065918
(4719116288, 23710007296)
Train Epoch: 10 [13500/33236 (41%)], loss_enc: 42.191856384277344, loss 2.623262405395508, loss_emb: 10.559242248535156
(4719116288, 23710007296)
Train Epoch: 10 [14000/33236 (42%)], loss_enc: 37.39387130737305, loss 2.7516977787017822, loss_emb: 7.2609148025512695
(4719116288, 23710007296)
Train Epoch: 10 [14500/33236 (44%)], loss_enc: 39.244625091552734, loss 2.493101119995117, loss_emb: 9.551507949829102
(4719116288, 23710007296)
Train Epoch: 10 [15000/33236 (45%)], loss_enc: 29.843433380126953, loss 1.8987480401992798, loss_emb: 6.373219013214111
(4719116288, 23710007296)
Train Epoch: 10 [15500/33236 (47%)], loss_enc: 45.016151428222656, loss 2.8598670959472656, loss_emb: 12.409152030944824
(4719116288, 23710007296)
Train Epoch: 10 [16000/33236 (48%)], loss_enc: 37.44322204589844, loss 2.6379640102386475, loss_emb: 8.567545890808105
(4719116288, 23710007296)
Train Epoch: 10 [16500/33236 (50%)], loss_enc: 37.02388381958008, loss 2.3064544200897217, loss_emb: 8.891388893127441
(4719116288, 23710007296)
Train Epoch: 10 [17000/33236 (51%)], loss_enc: 34.421024322509766, loss 2.4147932529449463, loss_emb: 11.245841026306152
(4719116288, 23710007296)
Train Epoch: 10 [17500/33236 (53%)], loss_enc: 44.49811553955078, loss 2.7690675258636475, loss_emb: 13.531448364257812
(4719116288, 23710007296)
Train Epoch: 10 [18000/33236 (54%)], loss_enc: 39.387332916259766, loss 2.5774741172790527, loss_emb: 8.681010246276855
(4719116288, 23710007296)
Train Epoch: 10 [18500/33236 (56%)], loss_enc: 39.55274200439453, loss 2.348065137863159, loss_emb: 9.757582664489746
(4719116288, 23710007296)
Train Epoch: 10 [19000/33236 (57%)], loss_enc: 42.724124908447266, loss 2.855835437774658, loss_emb: 10.965127944946289
(4719116288, 23710007296)
Train Epoch: 10 [19500/33236 (59%)], loss_enc: 40.048912048339844, loss 2.299126625061035, loss_emb: 12.24429988861084
(4719116288, 23710007296)
Train Epoch: 10 [20000/33236 (60%)], loss_enc: 39.73048400878906, loss 2.776519536972046, loss_emb: 12.45689582824707
(4719116288, 23710007296)
Train Epoch: 10 [20500/33236 (62%)], loss_enc: 40.91344451904297, loss 3.0097403526306152, loss_emb: 10.922070503234863
(4719116288, 23710007296)
Train Epoch: 10 [21000/33236 (63%)], loss_enc: 36.89146041870117, loss 2.3934054374694824, loss_emb: 9.430161476135254
(4719116288, 23710007296)
Train Epoch: 10 [21500/33236 (65%)], loss_enc: 45.67020797729492, loss 2.6176064014434814, loss_emb: 14.102767944335938
(4719116288, 23710007296)
Train Epoch: 10 [22000/33236 (66%)], loss_enc: 35.233158111572266, loss 2.228222131729126, loss_emb: 8.692290306091309
(4719116288, 23710007296)
Train Epoch: 10 [22500/33236 (68%)], loss_enc: 41.419403076171875, loss 2.817105770111084, loss_emb: 11.993280410766602
(4719116288, 23710007296)
Train Epoch: 10 [23000/33236 (69%)], loss_enc: 42.78090286254883, loss 2.9732730388641357, loss_emb: 9.743674278259277
(4719116288, 23710007296)
Train Epoch: 10 [23500/33236 (71%)], loss_enc: 43.059600830078125, loss 2.88081431388855, loss_emb: 9.855597496032715
(4719116288, 23710007296)
Train Epoch: 10 [24000/33236 (72%)], loss_enc: 41.71759796142578, loss 2.7263388633728027, loss_emb: 11.094926834106445
(4719116288, 23710007296)
Train Epoch: 10 [24500/33236 (74%)], loss_enc: 43.36285400390625, loss 3.04296875, loss_emb: 11.104789733886719
(4719116288, 23710007296)
Train Epoch: 10 [25000/33236 (75%)], loss_enc: 31.223264694213867, loss 2.315852642059326, loss_emb: 5.476631164550781
(4719116288, 23710007296)
Train Epoch: 10 [25500/33236 (77%)], loss_enc: 43.20231628417969, loss 3.037118911743164, loss_emb: 11.874420166015625
(4719116288, 23710007296)
Train Epoch: 10 [26000/33236 (78%)], loss_enc: 43.377601623535156, loss 2.5332722663879395, loss_emb: 12.304950714111328
(4719116288, 23710007296)
Train Epoch: 10 [26500/33236 (80%)], loss_enc: 42.81228256225586, loss 2.9019954204559326, loss_emb: 11.605534553527832
(4719116288, 23710007296)
Train Epoch: 10 [27000/33236 (81%)], loss_enc: 44.39352798461914, loss 2.6347951889038086, loss_emb: 12.96103572845459
(4719116288, 23710007296)
Train Epoch: 10 [27500/33236 (83%)], loss_enc: 38.2261848449707, loss 2.1891486644744873, loss_emb: 8.986781120300293
(4719116288, 23710007296)
Train Epoch: 10 [28000/33236 (84%)], loss_enc: 39.688907623291016, loss 2.46539044380188, loss_emb: 9.210946083068848
(4719116288, 23710007296)
Train Epoch: 10 [28500/33236 (86%)], loss_enc: 31.63524055480957, loss 2.1806588172912598, loss_emb: 6.710269451141357
(4719116288, 23710007296)
Train Epoch: 10 [29000/33236 (87%)], loss_enc: 47.47441864013672, loss 2.4680051803588867, loss_emb: 14.389941215515137
(4719116288, 23710007296)
Train Epoch: 10 [29500/33236 (89%)], loss_enc: 40.00603485107422, loss 2.8335256576538086, loss_emb: 8.118063926696777
(4719116288, 23710007296)
Train Epoch: 10 [30000/33236 (90%)], loss_enc: 50.92841720581055, loss 2.904874801635742, loss_emb: 14.30435848236084
(4719116288, 23710007296)
Train Epoch: 10 [30500/33236 (92%)], loss_enc: 29.65789031982422, loss 1.8679792881011963, loss_emb: 6.365742206573486
(4719116288, 23710007296)
Train Epoch: 10 [31000/33236 (93%)], loss_enc: 45.31192398071289, loss 2.820631265640259, loss_emb: 12.632323265075684
(4719116288, 23710007296)
Train Epoch: 10 [31500/33236 (95%)], loss_enc: 41.57520294189453, loss 2.708772897720337, loss_emb: 10.84907054901123
(4719116288, 23710007296)
Train Epoch: 10 [32000/33236 (96%)], loss_enc: 44.71010971069336, loss 3.1282763481140137, loss_emb: 10.639357566833496
(4719116288, 23710007296)
Train Epoch: 10 [32500/33236 (98%)], loss_enc: 40.911014556884766, loss 2.5725016593933105, loss_emb: 12.267663955688477
(4719116288, 23710007296)
Train Epoch: 10 [33000/33236 (99%)], loss_enc: 49.11416244506836, loss 3.0731356143951416, loss_emb: 14.668505668640137
----------------------------------------Epoch: 11----------------------------------------
(4719116288, 23710007296)
Train Epoch: 11 [0/33236 (0%)], loss_enc: 39.413387298583984, loss 2.595177412033081, loss_emb: 7.6033616065979
(4719116288, 23710007296)
Train Epoch: 11 [500/33236 (2%)], loss_enc: 37.60719299316406, loss 2.544837236404419, loss_emb: 8.103212356567383
(4719116288, 23710007296)
Train Epoch: 11 [1000/33236 (3%)], loss_enc: 35.66823959350586, loss 2.2429492473602295, loss_emb: 9.05068302154541
(4719116288, 23710007296)
Train Epoch: 11 [1500/33236 (5%)], loss_enc: 37.93541717529297, loss 2.4206290245056152, loss_emb: 8.388708114624023
(4719116288, 23710007296)
Train Epoch: 11 [2000/33236 (6%)], loss_enc: 36.95435333251953, loss 2.51890230178833, loss_emb: 9.807875633239746
(4719116288, 23710007296)
Train Epoch: 11 [2500/33236 (8%)], loss_enc: 42.50550079345703, loss 2.5381722450256348, loss_emb: 10.241959571838379
(4719116288, 23710007296)
Train Epoch: 11 [3000/33236 (9%)], loss_enc: 33.95008087158203, loss 2.486013889312744, loss_emb: 8.161677360534668
(4719116288, 23710007296)
Train Epoch: 11 [3500/33236 (11%)], loss_enc: 39.96308135986328, loss 2.156986713409424, loss_emb: 10.912997245788574
(4719116288, 23710007296)
Train Epoch: 11 [4000/33236 (12%)], loss_enc: 38.95439147949219, loss 3.063563585281372, loss_emb: 9.681635856628418
(4719116288, 23710007296)
Train Epoch: 11 [4500/33236 (14%)], loss_enc: 42.49088668823242, loss 2.836282730102539, loss_emb: 12.763321876525879
(4719116288, 23710007296)
Train Epoch: 11 [5000/33236 (15%)], loss_enc: 34.02998733520508, loss 2.7275400161743164, loss_emb: 7.630837917327881
(4719116288, 23710007296)
Train Epoch: 11 [5500/33236 (17%)], loss_enc: 38.272254943847656, loss 2.595522880554199, loss_emb: 9.053482055664062
(4719116288, 23710007296)
Train Epoch: 11 [6000/33236 (18%)], loss_enc: 36.43021011352539, loss 2.1846964359283447, loss_emb: 7.860641002655029
(4719116288, 23710007296)
Train Epoch: 11 [6500/33236 (20%)], loss_enc: 39.02799606323242, loss 2.9627184867858887, loss_emb: 10.645604133605957
(4719116288, 23710007296)
Train Epoch: 11 [7000/33236 (21%)], loss_enc: 30.75246238708496, loss 2.4144434928894043, loss_emb: 4.979953765869141
(4719116288, 23710007296)
Train Epoch: 11 [7500/33236 (23%)], loss_enc: 48.392539978027344, loss 2.504155158996582, loss_emb: 12.750404357910156
(4719116288, 23710007296)
Train Epoch: 11 [8000/33236 (24%)], loss_enc: 34.30588150024414, loss 2.776223659515381, loss_emb: 10.967989921569824
(4719116288, 23710007296)
Train Epoch: 11 [8500/33236 (26%)], loss_enc: 39.1518440246582, loss 2.8655900955200195, loss_emb: 9.51672649383545
(4719116288, 23710007296)
Train Epoch: 11 [9000/33236 (27%)], loss_enc: 31.3555850982666, loss 2.0694844722747803, loss_emb: 5.815128326416016
(4719116288, 23710007296)
Train Epoch: 11 [9500/33236 (29%)], loss_enc: 37.770751953125, loss 2.3439230918884277, loss_emb: 10.91686725616455
(4719116288, 23710007296)
Train Epoch: 11 [10000/33236 (30%)], loss_enc: 47.13731384277344, loss 2.7328739166259766, loss_emb: 13.916330337524414
(4719116288, 23710007296)
Train Epoch: 11 [10500/33236 (32%)], loss_enc: 29.17669677734375, loss 2.4554810523986816, loss_emb: 3.707750082015991
(4719116288, 23710007296)
Train Epoch: 11 [11000/33236 (33%)], loss_enc: 38.892799377441406, loss 2.3888866901397705, loss_emb: 9.506361961364746
(4719116288, 23710007296)
Train Epoch: 11 [11500/33236 (35%)], loss_enc: 42.27410125732422, loss 2.4715871810913086, loss_emb: 10.975530624389648
(4719116288, 23710007296)
Train Epoch: 11 [12000/33236 (36%)], loss_enc: 47.6940803527832, loss 2.881375312805176, loss_emb: 13.860819816589355
(4719116288, 23710007296)
Train Epoch: 11 [12500/33236 (38%)], loss_enc: 36.68144226074219, loss 2.315485715866089, loss_emb: 9.063889503479004
(4719116288, 23710007296)
Train Epoch: 11 [13000/33236 (39%)], loss_enc: 39.36328125, loss 2.634446859359741, loss_emb: 9.342218399047852
(4719116288, 23710007296)
Train Epoch: 11 [13500/33236 (41%)], loss_enc: 33.092193603515625, loss 2.5787205696105957, loss_emb: 7.27175235748291
(4719116288, 23710007296)
Train Epoch: 11 [14000/33236 (42%)], loss_enc: 42.68733215332031, loss 2.7131996154785156, loss_emb: 11.912216186523438
(4719116288, 23710007296)
Train Epoch: 11 [14500/33236 (44%)], loss_enc: 37.375038146972656, loss 2.2889902591705322, loss_emb: 9.164973258972168
(4719116288, 23710007296)
Train Epoch: 11 [15000/33236 (45%)], loss_enc: 36.898521423339844, loss 2.349457025527954, loss_emb: 8.58194637298584
(4719116288, 23710007296)
Train Epoch: 11 [15500/33236 (47%)], loss_enc: 39.78694152832031, loss 2.4020345211029053, loss_emb: 10.598617553710938
(4719116288, 23710007296)
Train Epoch: 11 [16000/33236 (48%)], loss_enc: 33.40912628173828, loss 2.520080327987671, loss_emb: 6.229541301727295
(4719116288, 23710007296)
Train Epoch: 11 [16500/33236 (50%)], loss_enc: 33.961143493652344, loss 2.282240390777588, loss_emb: 7.025521755218506
(4719116288, 23710007296)
Train Epoch: 11 [17000/33236 (51%)], loss_enc: 35.386573791503906, loss 2.192216634750366, loss_emb: 9.406999588012695
(4719116288, 23710007296)
Train Epoch: 11 [17500/33236 (53%)], loss_enc: 36.16221618652344, loss 2.833749532699585, loss_emb: 7.336150646209717
(4719116288, 23710007296)
Train Epoch: 11 [18000/33236 (54%)], loss_enc: 52.887847900390625, loss 2.94579815864563, loss_emb: 16.702781677246094
(4719116288, 23710007296)
Train Epoch: 11 [18500/33236 (56%)], loss_enc: 47.03443145751953, loss 2.5914671421051025, loss_emb: 15.310104370117188
(4719116288, 23710007296)
Train Epoch: 11 [19000/33236 (57%)], loss_enc: 37.265296936035156, loss 2.751265287399292, loss_emb: 7.964550971984863
(4719116288, 23710007296)
Train Epoch: 11 [19500/33236 (59%)], loss_enc: 40.42900848388672, loss 2.725672721862793, loss_emb: 10.137825012207031
(4719116288, 23710007296)
Train Epoch: 11 [20000/33236 (60%)], loss_enc: 33.36679458618164, loss 2.3565497398376465, loss_emb: 8.262310981750488
(4719116288, 23710007296)
Train Epoch: 11 [20500/33236 (62%)], loss_enc: 35.8772087097168, loss 2.5126821994781494, loss_emb: 9.434303283691406
(4719116288, 23710007296)
Train Epoch: 11 [21000/33236 (63%)], loss_enc: 38.03937530517578, loss 2.43495774269104, loss_emb: 9.490097045898438
(4719116288, 23710007296)
Train Epoch: 11 [21500/33236 (65%)], loss_enc: 40.73760223388672, loss 2.755620002746582, loss_emb: 11.925139427185059
(4719116288, 23710007296)
Train Epoch: 11 [22000/33236 (66%)], loss_enc: 38.01030349731445, loss 2.454181671142578, loss_emb: 10.345980644226074
(4719116288, 23710007296)
Train Epoch: 11 [22500/33236 (68%)], loss_enc: 33.232505798339844, loss 2.3264000415802, loss_emb: 4.9524688720703125
(4719116288, 23710007296)
Train Epoch: 11 [23000/33236 (69%)], loss_enc: 37.61045837402344, loss 2.275275230407715, loss_emb: 10.265109062194824
(4719116288, 23710007296)
Train Epoch: 11 [23500/33236 (71%)], loss_enc: 35.534759521484375, loss 2.557131767272949, loss_emb: 9.201515197753906
(4719116288, 23710007296)
Train Epoch: 11 [24000/33236 (72%)], loss_enc: 32.85517501831055, loss 2.3371732234954834, loss_emb: 6.8713698387146
(4719116288, 23710007296)
Train Epoch: 11 [24500/33236 (74%)], loss_enc: 26.805644989013672, loss 2.5635359287261963, loss_emb: 4.852113246917725
(4719116288, 23710007296)
Train Epoch: 11 [25000/33236 (75%)], loss_enc: 34.05379104614258, loss 2.509282350540161, loss_emb: 7.836526393890381
(4719116288, 23710007296)
Train Epoch: 11 [25500/33236 (77%)], loss_enc: 49.284629821777344, loss 2.694152355194092, loss_emb: 15.3215970993042
(4719116288, 23710007296)
Train Epoch: 11 [26000/33236 (78%)], loss_enc: 47.60707092285156, loss 2.5958383083343506, loss_emb: 13.931981086730957
(4719116288, 23710007296)
Train Epoch: 11 [26500/33236 (80%)], loss_enc: 42.065582275390625, loss 2.493335247039795, loss_emb: 10.1488618850708
(4719116288, 23710007296)
Train Epoch: 11 [27000/33236 (81%)], loss_enc: 37.42728042602539, loss 3.1540143489837646, loss_emb: 6.731411933898926
(4719116288, 23710007296)
Train Epoch: 11 [27500/33236 (83%)], loss_enc: 35.306976318359375, loss 2.6156954765319824, loss_emb: 8.456583976745605
(4719116288, 23710007296)
Train Epoch: 11 [28000/33236 (84%)], loss_enc: 45.800140380859375, loss 3.0762999057769775, loss_emb: 12.66317081451416
(4719116288, 23710007296)
Train Epoch: 11 [28500/33236 (86%)], loss_enc: 43.09518051147461, loss 2.9947991371154785, loss_emb: 12.474288940429688
(4719116288, 23710007296)
Train Epoch: 11 [29000/33236 (87%)], loss_enc: 35.832855224609375, loss 2.1710355281829834, loss_emb: 8.686049461364746
(4719116288, 23710007296)
Train Epoch: 11 [29500/33236 (89%)], loss_enc: 35.6861457824707, loss 2.344758987426758, loss_emb: 8.113183975219727
(4719116288, 23710007296)
Train Epoch: 11 [30000/33236 (90%)], loss_enc: 44.70012664794922, loss 2.8927478790283203, loss_emb: 13.558488845825195
(4719116288, 23710007296)
Train Epoch: 11 [30500/33236 (92%)], loss_enc: 38.456031799316406, loss 2.626051425933838, loss_emb: 8.254630088806152
(4719116288, 23710007296)
Train Epoch: 11 [31000/33236 (93%)], loss_enc: 38.553321838378906, loss 2.3899285793304443, loss_emb: 8.098213195800781
(4719116288, 23710007296)
Train Epoch: 11 [31500/33236 (95%)], loss_enc: 46.062400817871094, loss 3.055924654006958, loss_emb: 13.380151748657227
(4719116288, 23710007296)
Train Epoch: 11 [32000/33236 (96%)], loss_enc: 33.12240219116211, loss 2.3231990337371826, loss_emb: 8.454413414001465
(4719116288, 23710007296)
Train Epoch: 11 [32500/33236 (98%)], loss_enc: 39.15088653564453, loss 2.3732497692108154, loss_emb: 10.82983684539795
(4719116288, 23710007296)
Train Epoch: 11 [33000/33236 (99%)], loss_enc: 41.7578010559082, loss 2.834984302520752, loss_emb: 10.938467979431152
----------------------------------------Epoch: 12----------------------------------------
(4719116288, 23710007296)
Train Epoch: 12 [0/33236 (0%)], loss_enc: 20.696962356567383, loss 1.5133205652236938, loss_emb: 3.308398962020874
(4719116288, 23710007296)
Train Epoch: 12 [500/33236 (2%)], loss_enc: 28.254884719848633, loss 2.101224660873413, loss_emb: 5.877020359039307
(4719116288, 23710007296)
Train Epoch: 12 [1000/33236 (3%)], loss_enc: 43.62262725830078, loss 2.7577261924743652, loss_emb: 11.364422798156738
(4719116288, 23710007296)
Train Epoch: 12 [1500/33236 (5%)], loss_enc: 35.31899642944336, loss 2.252830743789673, loss_emb: 10.053309440612793
(4719116288, 23710007296)
Train Epoch: 12 [2000/33236 (6%)], loss_enc: 39.00502014160156, loss 2.6126139163970947, loss_emb: 9.009028434753418
(4719116288, 23710007296)
Train Epoch: 12 [2500/33236 (8%)], loss_enc: 42.17335510253906, loss 2.80910062789917, loss_emb: 11.676750183105469
(4719116288, 23710007296)
Train Epoch: 12 [3000/33236 (9%)], loss_enc: 38.66307830810547, loss 2.5767178535461426, loss_emb: 8.31533145904541
(4719116288, 23710007296)
Train Epoch: 12 [3500/33236 (11%)], loss_enc: 33.293941497802734, loss 2.5293664932250977, loss_emb: 5.083106517791748
(4719116288, 23710007296)
Train Epoch: 12 [4000/33236 (12%)], loss_enc: 28.570316314697266, loss 1.7212361097335815, loss_emb: 6.812839508056641
(4719116288, 23710007296)
Train Epoch: 12 [4500/33236 (14%)], loss_enc: 38.655052185058594, loss 2.449188709259033, loss_emb: 10.097739219665527
(4719116288, 23710007296)
Train Epoch: 12 [5000/33236 (15%)], loss_enc: 41.16365051269531, loss 2.4417686462402344, loss_emb: 10.068320274353027
(4719116288, 23710007296)
Train Epoch: 12 [5500/33236 (17%)], loss_enc: 45.917213439941406, loss 2.6022541522979736, loss_emb: 12.127211570739746
(4719116288, 23710007296)
Train Epoch: 12 [6000/33236 (18%)], loss_enc: 34.29169464111328, loss 2.3814027309417725, loss_emb: 7.462696075439453
(4719116288, 23710007296)
Train Epoch: 12 [6500/33236 (20%)], loss_enc: 39.58063507080078, loss 2.498706102371216, loss_emb: 10.467669486999512
(4719116288, 23710007296)
Train Epoch: 12 [7000/33236 (21%)], loss_enc: 33.668270111083984, loss 2.451019287109375, loss_emb: 6.092628002166748
(4719116288, 23710007296)
Train Epoch: 12 [7500/33236 (23%)], loss_enc: 34.3031005859375, loss 2.7929210662841797, loss_emb: 9.486498832702637
(4719116288, 23710007296)
Train Epoch: 12 [8000/33236 (24%)], loss_enc: 29.95212745666504, loss 2.3572936058044434, loss_emb: 5.047637462615967
(4719116288, 23710007296)
Train Epoch: 12 [8500/33236 (26%)], loss_enc: 35.965755462646484, loss 2.191127061843872, loss_emb: 8.821757316589355
(4719116288, 23710007296)
Train Epoch: 12 [9000/33236 (27%)], loss_enc: 42.21863555908203, loss 2.550981044769287, loss_emb: 10.076355934143066
(4719116288, 23710007296)
Train Epoch: 12 [9500/33236 (29%)], loss_enc: 35.82754135131836, loss 2.2296881675720215, loss_emb: 8.727437019348145
(4719116288, 23710007296)
Train Epoch: 12 [10000/33236 (30%)], loss_enc: 33.66840744018555, loss 2.3481688499450684, loss_emb: 6.058145046234131
(4719116288, 23710007296)
Train Epoch: 12 [10500/33236 (32%)], loss_enc: 46.236637115478516, loss 2.6301651000976562, loss_emb: 13.1111421585083
(4719116288, 23710007296)
Train Epoch: 12 [11000/33236 (33%)], loss_enc: 26.473377227783203, loss 2.2511730194091797, loss_emb: 4.785859107971191
(4719116288, 23710007296)
Train Epoch: 12 [11500/33236 (35%)], loss_enc: 38.533382415771484, loss 2.334953546524048, loss_emb: 8.928385734558105
(4719116288, 23710007296)
Train Epoch: 12 [12000/33236 (36%)], loss_enc: 40.65684509277344, loss 2.5374772548675537, loss_emb: 11.692907333374023
(4719116288, 23710007296)
Train Epoch: 12 [12500/33236 (38%)], loss_enc: 34.2149772644043, loss 2.440307855606079, loss_emb: 7.266427516937256
(4719116288, 23710007296)
Train Epoch: 12 [13000/33236 (39%)], loss_enc: 41.311500549316406, loss 2.861722469329834, loss_emb: 12.185227394104004
(4719116288, 23710007296)
Train Epoch: 12 [13500/33236 (41%)], loss_enc: 38.4985237121582, loss 2.569828510284424, loss_emb: 7.0140533447265625
(4719116288, 23710007296)
Train Epoch: 12 [14000/33236 (42%)], loss_enc: 34.245853424072266, loss 2.4469077587127686, loss_emb: 6.437958717346191
(4719116288, 23710007296)
Train Epoch: 12 [14500/33236 (44%)], loss_enc: 36.046627044677734, loss 2.1579558849334717, loss_emb: 10.453352928161621
(4719116288, 23710007296)
Train Epoch: 12 [15000/33236 (45%)], loss_enc: 41.93637466430664, loss 2.6509816646575928, loss_emb: 11.101151466369629
(4719116288, 23710007296)
Train Epoch: 12 [15500/33236 (47%)], loss_enc: 39.12992477416992, loss 2.5957870483398438, loss_emb: 8.625762939453125
(4719116288, 23710007296)
Train Epoch: 12 [16000/33236 (48%)], loss_enc: 44.02552032470703, loss 2.655880928039551, loss_emb: 13.868698120117188
(4719116288, 23710007296)
Train Epoch: 12 [16500/33236 (50%)], loss_enc: 34.01918029785156, loss 2.6628048419952393, loss_emb: 8.063182830810547
(4719116288, 23710007296)
Train Epoch: 12 [17000/33236 (51%)], loss_enc: 31.114227294921875, loss 2.397665500640869, loss_emb: 6.558499336242676
(4719116288, 23710007296)
Train Epoch: 12 [17500/33236 (53%)], loss_enc: 36.0261116027832, loss 1.9031014442443848, loss_emb: 10.338607788085938
(4719116288, 23710007296)
Train Epoch: 12 [18000/33236 (54%)], loss_enc: 42.49325180053711, loss 2.5021438598632812, loss_emb: 12.228058815002441
(4719116288, 23710007296)
Train Epoch: 12 [18500/33236 (56%)], loss_enc: 43.69682693481445, loss 2.6962332725524902, loss_emb: 11.060763359069824
(4719116288, 23710007296)
Train Epoch: 12 [19000/33236 (57%)], loss_enc: 45.85597610473633, loss 2.6091675758361816, loss_emb: 12.905407905578613
(4719116288, 23710007296)
Train Epoch: 12 [19500/33236 (59%)], loss_enc: 29.254302978515625, loss 2.3742663860321045, loss_emb: 6.026678085327148
(4719116288, 23710007296)
Train Epoch: 12 [20000/33236 (60%)], loss_enc: 43.83436584472656, loss 2.7353732585906982, loss_emb: 12.341121673583984
(4719116288, 23710007296)
Train Epoch: 12 [20500/33236 (62%)], loss_enc: 40.643218994140625, loss 2.2114508152008057, loss_emb: 12.488673210144043
(4719116288, 23710007296)
Train Epoch: 12 [21000/33236 (63%)], loss_enc: 36.54073715209961, loss 2.1459743976593018, loss_emb: 7.803074836730957
(4719116288, 23710007296)
Train Epoch: 12 [21500/33236 (65%)], loss_enc: 39.240867614746094, loss 2.543286085128784, loss_emb: 11.021736145019531
(4719116288, 23710007296)
Train Epoch: 12 [22000/33236 (66%)], loss_enc: 38.61821365356445, loss 2.4657907485961914, loss_emb: 8.585515975952148
(4719116288, 23710007296)
Train Epoch: 12 [22500/33236 (68%)], loss_enc: 42.57396697998047, loss 2.5022377967834473, loss_emb: 11.034886360168457
(4719116288, 23710007296)
Train Epoch: 12 [23000/33236 (69%)], loss_enc: 26.400434494018555, loss 2.250020980834961, loss_emb: 6.125823497772217
(4719116288, 23710007296)
Train Epoch: 12 [23500/33236 (71%)], loss_enc: 38.31383514404297, loss 2.5025863647460938, loss_emb: 7.619364261627197
(4719116288, 23710007296)
Train Epoch: 12 [24000/33236 (72%)], loss_enc: 46.203609466552734, loss 2.430142879486084, loss_emb: 14.92612361907959
(4719116288, 23710007296)
Train Epoch: 12 [24500/33236 (74%)], loss_enc: 42.42097091674805, loss 2.5538547039031982, loss_emb: 11.515251159667969
(4719116288, 23710007296)
Train Epoch: 12 [25000/33236 (75%)], loss_enc: 40.17085647583008, loss 2.801760673522949, loss_emb: 11.495940208435059
(4719116288, 23710007296)
Train Epoch: 12 [25500/33236 (77%)], loss_enc: 38.43305206298828, loss 2.7163338661193848, loss_emb: 10.308611869812012
(4719116288, 23710007296)
Train Epoch: 12 [26000/33236 (78%)], loss_enc: 27.900650024414062, loss 2.11321759223938, loss_emb: 3.712733507156372
(4719116288, 23710007296)
Train Epoch: 12 [26500/33236 (80%)], loss_enc: 34.779571533203125, loss 2.2748820781707764, loss_emb: 7.834054470062256
(4719116288, 23710007296)
Train Epoch: 12 [27000/33236 (81%)], loss_enc: 36.63985061645508, loss 2.055234909057617, loss_emb: 11.677611351013184
(4719116288, 23710007296)
Train Epoch: 12 [27500/33236 (83%)], loss_enc: 41.450374603271484, loss 2.807129383087158, loss_emb: 9.84529972076416
(4719116288, 23710007296)
Train Epoch: 12 [28000/33236 (84%)], loss_enc: 33.53004837036133, loss 2.50429630279541, loss_emb: 6.422450542449951
(4719116288, 23710007296)
Train Epoch: 12 [28500/33236 (86%)], loss_enc: 34.747779846191406, loss 2.120925188064575, loss_emb: 7.5260491371154785
(4719116288, 23710007296)
Train Epoch: 12 [29000/33236 (87%)], loss_enc: 40.44035339355469, loss 2.314497709274292, loss_emb: 10.017740249633789
(4719116288, 23710007296)
Train Epoch: 12 [29500/33236 (89%)], loss_enc: 32.69227981567383, loss 2.1917221546173096, loss_emb: 6.285830974578857
(4719116288, 23710007296)
Train Epoch: 12 [30000/33236 (90%)], loss_enc: 51.457672119140625, loss 3.141359329223633, loss_emb: 14.104316711425781
(4719116288, 23710007296)
Train Epoch: 12 [30500/33236 (92%)], loss_enc: 39.07823944091797, loss 2.4588356018066406, loss_emb: 8.245067596435547
(4719116288, 23710007296)
Train Epoch: 12 [31000/33236 (93%)], loss_enc: 41.35721206665039, loss 2.8775250911712646, loss_emb: 11.398367881774902
(4719116288, 23710007296)
Train Epoch: 12 [31500/33236 (95%)], loss_enc: 48.728912353515625, loss 2.82804536819458, loss_emb: 16.593042373657227
(4719116288, 23710007296)
Train Epoch: 12 [32000/33236 (96%)], loss_enc: 41.45304870605469, loss 2.320845365524292, loss_emb: 12.021833419799805
(4719116288, 23710007296)
Train Epoch: 12 [32500/33236 (98%)], loss_enc: 38.920753479003906, loss 2.3686959743499756, loss_emb: 8.951103210449219
(4719116288, 23710007296)
Train Epoch: 12 [33000/33236 (99%)], loss_enc: 41.476226806640625, loss 2.1950247287750244, loss_emb: 15.706459045410156
----------------------------------------Epoch: 13----------------------------------------
(4719116288, 23710007296)
Train Epoch: 13 [0/33236 (0%)], loss_enc: 35.5028190612793, loss 2.49546480178833, loss_emb: 8.981337547302246
(4719116288, 23710007296)
Train Epoch: 13 [500/33236 (2%)], loss_enc: 36.736148834228516, loss 2.5628044605255127, loss_emb: 8.871113777160645
(4719116288, 23710007296)
Train Epoch: 13 [1000/33236 (3%)], loss_enc: 20.171077728271484, loss 1.3996728658676147, loss_emb: 3.76501202583313
(4719116288, 23710007296)
Train Epoch: 13 [1500/33236 (5%)], loss_enc: 44.08911895751953, loss 3.021733283996582, loss_emb: 11.099713325500488
(4719116288, 23710007296)
Train Epoch: 13 [2000/33236 (6%)], loss_enc: 43.76597595214844, loss 2.731726884841919, loss_emb: 11.827727317810059
(4719116288, 23710007296)
Train Epoch: 13 [2500/33236 (8%)], loss_enc: 43.81622314453125, loss 2.7296364307403564, loss_emb: 11.663751602172852
(4719116288, 23710007296)
Train Epoch: 13 [3000/33236 (9%)], loss_enc: 42.35289001464844, loss 2.5029778480529785, loss_emb: 10.89328670501709
(4719116288, 23710007296)
Train Epoch: 13 [3500/33236 (11%)], loss_enc: 40.38133239746094, loss 2.83304762840271, loss_emb: 9.568163871765137
(4719116288, 23710007296)
Train Epoch: 13 [4000/33236 (12%)], loss_enc: 43.76935958862305, loss 2.785109043121338, loss_emb: 12.707215309143066
(4719116288, 23710007296)
Train Epoch: 13 [4500/33236 (14%)], loss_enc: 29.196088790893555, loss 2.156419038772583, loss_emb: 3.9935989379882812
(4719116288, 23710007296)
Train Epoch: 13 [5000/33236 (15%)], loss_enc: 45.48394775390625, loss 3.0765926837921143, loss_emb: 12.946772575378418
(4719116288, 23710007296)
Train Epoch: 13 [5500/33236 (17%)], loss_enc: 46.0136833190918, loss 2.6069397926330566, loss_emb: 14.87951374053955
(4719116288, 23710007296)
Train Epoch: 13 [6000/33236 (18%)], loss_enc: 45.3288459777832, loss 3.078019142150879, loss_emb: 14.669058799743652
(4719116288, 23710007296)
Train Epoch: 13 [6500/33236 (20%)], loss_enc: 35.199913024902344, loss 2.9101743698120117, loss_emb: 8.324347496032715
(4719116288, 23710007296)
Train Epoch: 13 [7000/33236 (21%)], loss_enc: 41.094825744628906, loss 2.6376407146453857, loss_emb: 12.20541763305664
(4719116288, 23710007296)
Train Epoch: 13 [7500/33236 (23%)], loss_enc: 41.695411682128906, loss 2.7744996547698975, loss_emb: 9.7051362991333
(4719116288, 23710007296)
Train Epoch: 13 [8000/33236 (24%)], loss_enc: 42.716819763183594, loss 2.65032958984375, loss_emb: 10.836862564086914
(4719116288, 23710007296)
Train Epoch: 13 [8500/33236 (26%)], loss_enc: 34.181095123291016, loss 1.8324579000473022, loss_emb: 9.532061576843262
(4719116288, 23710007296)
Train Epoch: 13 [9000/33236 (27%)], loss_enc: 38.5765495300293, loss 2.478339910507202, loss_emb: 10.625948905944824
(4719116288, 23710007296)
Train Epoch: 13 [9500/33236 (29%)], loss_enc: 43.9705924987793, loss 2.4017059803009033, loss_emb: 14.437430381774902
(4719116288, 23710007296)
Train Epoch: 13 [10000/33236 (30%)], loss_enc: 29.277572631835938, loss 2.3700497150421143, loss_emb: 4.029253005981445
(4719116288, 23710007296)
Train Epoch: 13 [10500/33236 (32%)], loss_enc: 34.09248352050781, loss 1.975385069847107, loss_emb: 8.755507469177246
(4719116288, 23710007296)
Train Epoch: 13 [11000/33236 (33%)], loss_enc: 46.03009796142578, loss 2.66910982131958, loss_emb: 14.269508361816406
(4719116288, 23710007296)
Train Epoch: 13 [11500/33236 (35%)], loss_enc: 43.43734359741211, loss 2.532292604446411, loss_emb: 11.08236026763916
(4719116288, 23710007296)
Train Epoch: 13 [12000/33236 (36%)], loss_enc: 44.47499465942383, loss 2.972626209259033, loss_emb: 10.56074047088623
(4719116288, 23710007296)
Train Epoch: 13 [12500/33236 (38%)], loss_enc: 46.560855865478516, loss 2.7236664295196533, loss_emb: 14.050387382507324
(4719116288, 23710007296)
Train Epoch: 13 [13000/33236 (39%)], loss_enc: 37.913570404052734, loss 2.428849220275879, loss_emb: 9.787942886352539
(4719116288, 23710007296)
Train Epoch: 13 [13500/33236 (41%)], loss_enc: 39.83008575439453, loss 2.984612226486206, loss_emb: 11.3033447265625
(4719116288, 23710007296)
Train Epoch: 13 [14000/33236 (42%)], loss_enc: 39.12102508544922, loss 2.6165404319763184, loss_emb: 9.435667037963867
(4719116288, 23710007296)
Train Epoch: 13 [14500/33236 (44%)], loss_enc: 36.141048431396484, loss 2.474212884902954, loss_emb: 8.75468635559082
(4719116288, 23710007296)
Train Epoch: 13 [15000/33236 (45%)], loss_enc: 31.124528884887695, loss 2.109020471572876, loss_emb: 5.961927890777588
(4719116288, 23710007296)
Train Epoch: 13 [15500/33236 (47%)], loss_enc: 46.03992462158203, loss 2.7864089012145996, loss_emb: 15.068353652954102
(4719116288, 23710007296)
Train Epoch: 13 [16000/33236 (48%)], loss_enc: 35.762264251708984, loss 2.808142900466919, loss_emb: 6.948436260223389
(4719116288, 23710007296)
Train Epoch: 13 [16500/33236 (50%)], loss_enc: 37.675010681152344, loss 2.162503957748413, loss_emb: 9.84207820892334
(4719116288, 23710007296)
Train Epoch: 13 [17000/33236 (51%)], loss_enc: 40.75095748901367, loss 2.261559009552002, loss_emb: 12.722119331359863
(4719116288, 23710007296)
Train Epoch: 13 [17500/33236 (53%)], loss_enc: 47.43201446533203, loss 2.976017475128174, loss_emb: 15.253625869750977
(4719116288, 23710007296)
Train Epoch: 13 [18000/33236 (54%)], loss_enc: 37.9906005859375, loss 2.516420602798462, loss_emb: 9.447779655456543
(4719116288, 23710007296)
Train Epoch: 13 [18500/33236 (56%)], loss_enc: 29.079776763916016, loss 2.1700217723846436, loss_emb: 4.706295013427734
(4719116288, 23710007296)
Train Epoch: 13 [19000/33236 (57%)], loss_enc: 36.71814727783203, loss 2.336651086807251, loss_emb: 9.571901321411133
(4719116288, 23710007296)
Train Epoch: 13 [19500/33236 (59%)], loss_enc: 36.98097229003906, loss 2.6500072479248047, loss_emb: 10.103320121765137
(4719116288, 23710007296)
Train Epoch: 13 [20000/33236 (60%)], loss_enc: 35.509891510009766, loss 2.5373690128326416, loss_emb: 7.46547794342041
(4719116288, 23710007296)
Train Epoch: 13 [20500/33236 (62%)], loss_enc: 33.85026931762695, loss 2.2200963497161865, loss_emb: 6.188167095184326
(4719116288, 23710007296)
Train Epoch: 13 [21000/33236 (63%)], loss_enc: 36.58205795288086, loss 2.5176827907562256, loss_emb: 8.449841499328613
(4719116288, 23710007296)
Train Epoch: 13 [21500/33236 (65%)], loss_enc: 33.60078430175781, loss 2.6135940551757812, loss_emb: 6.391826629638672
(4719116288, 23710007296)
Train Epoch: 13 [22000/33236 (66%)], loss_enc: 38.917118072509766, loss 2.2658979892730713, loss_emb: 10.077282905578613
(4719116288, 23710007296)
Train Epoch: 13 [22500/33236 (68%)], loss_enc: 39.921875, loss 2.697620153427124, loss_emb: 8.080885887145996
(4719116288, 23710007296)
Train Epoch: 13 [23000/33236 (69%)], loss_enc: 39.57387924194336, loss 2.9936327934265137, loss_emb: 12.237483024597168
(4719116288, 23710007296)
Train Epoch: 13 [23500/33236 (71%)], loss_enc: 39.528099060058594, loss 2.926210880279541, loss_emb: 10.018623352050781
(4719116288, 23710007296)
Train Epoch: 13 [24000/33236 (72%)], loss_enc: 26.961946487426758, loss 2.0817341804504395, loss_emb: 6.17427396774292
(4719116288, 23710007296)
Train Epoch: 13 [24500/33236 (74%)], loss_enc: 38.702476501464844, loss 2.6836113929748535, loss_emb: 9.574751853942871
(4719116288, 23710007296)
Train Epoch: 13 [25000/33236 (75%)], loss_enc: 45.18728256225586, loss 2.711714267730713, loss_emb: 13.372034072875977
(4719116288, 23710007296)
Train Epoch: 13 [25500/33236 (77%)], loss_enc: 31.98419189453125, loss 2.3935232162475586, loss_emb: 6.460132598876953
(4719116288, 23710007296)
Train Epoch: 13 [26000/33236 (78%)], loss_enc: 39.64118957519531, loss 2.546034336090088, loss_emb: 9.949795722961426
(4719116288, 23710007296)
Train Epoch: 13 [26500/33236 (80%)], loss_enc: 40.2623291015625, loss 2.593451976776123, loss_emb: 9.030891418457031
(4719116288, 23710007296)
Train Epoch: 13 [27000/33236 (81%)], loss_enc: 30.625425338745117, loss 2.118434429168701, loss_emb: 6.456129550933838
(4719116288, 23710007296)
Train Epoch: 13 [27500/33236 (83%)], loss_enc: 33.56232452392578, loss 1.9161568880081177, loss_emb: 10.347487449645996
(4719116288, 23710007296)
Train Epoch: 13 [28000/33236 (84%)], loss_enc: 38.9420280456543, loss 2.8056094646453857, loss_emb: 8.766621589660645
(4719116288, 23710007296)
Train Epoch: 13 [28500/33236 (86%)], loss_enc: 45.11400604248047, loss 2.4023842811584473, loss_emb: 13.122061729431152
(4719116288, 23710007296)
Train Epoch: 13 [29000/33236 (87%)], loss_enc: 30.054290771484375, loss 1.9427838325500488, loss_emb: 6.897197723388672
(4719116288, 23710007296)
Train Epoch: 13 [29500/33236 (89%)], loss_enc: 40.007347106933594, loss 3.099167823791504, loss_emb: 10.346354484558105
(4719116288, 23710007296)
Train Epoch: 13 [30000/33236 (90%)], loss_enc: 38.44819259643555, loss 2.6074447631835938, loss_emb: 10.339659690856934
(4719116288, 23710007296)
Train Epoch: 13 [30500/33236 (92%)], loss_enc: 33.30925369262695, loss 2.2339346408843994, loss_emb: 6.54763650894165
(4719116288, 23710007296)
Train Epoch: 13 [31000/33236 (93%)], loss_enc: 23.562580108642578, loss 1.672054648399353, loss_emb: 4.054365634918213
(4719116288, 23710007296)
Train Epoch: 13 [31500/33236 (95%)], loss_enc: 38.534671783447266, loss 2.5480644702911377, loss_emb: 10.581536293029785
(4719116288, 23710007296)
Train Epoch: 13 [32000/33236 (96%)], loss_enc: 32.75053787231445, loss 2.245225191116333, loss_emb: 6.553372383117676
(4719116288, 23710007296)
Train Epoch: 13 [32500/33236 (98%)], loss_enc: 38.90719223022461, loss 2.5723717212677, loss_emb: 8.124422073364258
(4719116288, 23710007296)
Train Epoch: 13 [33000/33236 (99%)], loss_enc: 41.174835205078125, loss 2.787904739379883, loss_emb: 9.76058292388916
----------------------------------------Epoch: 14----------------------------------------
(4719116288, 23710007296)
Train Epoch: 14 [0/33236 (0%)], loss_enc: 42.92430877685547, loss 2.5202717781066895, loss_emb: 12.416569709777832
(4719116288, 23710007296)
Train Epoch: 14 [500/33236 (2%)], loss_enc: 34.437191009521484, loss 2.314455509185791, loss_emb: 9.918299674987793
(4719116288, 23710007296)
Train Epoch: 14 [1000/33236 (3%)], loss_enc: 35.586936950683594, loss 2.687859058380127, loss_emb: 7.253547668457031
(4719116288, 23710007296)
Train Epoch: 14 [1500/33236 (5%)], loss_enc: 41.617916107177734, loss 2.829972505569458, loss_emb: 11.929201126098633
(4719116288, 23710007296)
Train Epoch: 14 [2000/33236 (6%)], loss_enc: 41.026893615722656, loss 2.5860512256622314, loss_emb: 10.13798999786377
(4719116288, 23710007296)
Train Epoch: 14 [2500/33236 (8%)], loss_enc: 35.54439926147461, loss 2.610767126083374, loss_emb: 6.797694683074951
(4719116288, 23710007296)
Train Epoch: 14 [3000/33236 (9%)], loss_enc: 46.405696868896484, loss 2.4843947887420654, loss_emb: 14.022384643554688
(4719116288, 23710007296)
Train Epoch: 14 [3500/33236 (11%)], loss_enc: 44.407474517822266, loss 2.519282579421997, loss_emb: 13.171808242797852
(4719116288, 23710007296)
Train Epoch: 14 [4000/33236 (12%)], loss_enc: 46.376991271972656, loss 2.9423205852508545, loss_emb: 14.83006763458252
(4719116288, 23710007296)
Train Epoch: 14 [4500/33236 (14%)], loss_enc: 41.649776458740234, loss 2.5862791538238525, loss_emb: 12.07901668548584
(4719116288, 23710007296)
Train Epoch: 14 [5000/33236 (15%)], loss_enc: 35.001495361328125, loss 2.5225048065185547, loss_emb: 6.949671268463135
(4719116288, 23710007296)
Train Epoch: 14 [5500/33236 (17%)], loss_enc: 27.25471305847168, loss 2.2028660774230957, loss_emb: 4.243875026702881
(4719116288, 23710007296)
Train Epoch: 14 [6000/33236 (18%)], loss_enc: 31.89348602294922, loss 2.918123722076416, loss_emb: 5.369980812072754
(4719116288, 23710007296)
Train Epoch: 14 [6500/33236 (20%)], loss_enc: 27.288293838500977, loss 2.182054042816162, loss_emb: 4.132049083709717
(4719116288, 23710007296)
Train Epoch: 14 [7000/33236 (21%)], loss_enc: 37.40858459472656, loss 2.557339668273926, loss_emb: 9.89135456085205
(4719116288, 23710007296)
Train Epoch: 14 [7500/33236 (23%)], loss_enc: 31.601957321166992, loss 2.2859396934509277, loss_emb: 4.6088714599609375
(4719116288, 23710007296)
Train Epoch: 14 [8000/33236 (24%)], loss_enc: 35.38311767578125, loss 2.5098683834075928, loss_emb: 6.501706123352051
(4719116288, 23710007296)
Train Epoch: 14 [8500/33236 (26%)], loss_enc: 36.52912521362305, loss 2.6000101566314697, loss_emb: 7.689244270324707
(4719116288, 23710007296)
Train Epoch: 14 [9000/33236 (27%)], loss_enc: 42.5870475769043, loss 2.8119425773620605, loss_emb: 12.360832214355469
(4719116288, 23710007296)
Train Epoch: 14 [9500/33236 (29%)], loss_enc: 40.33465576171875, loss 2.6609530448913574, loss_emb: 10.636974334716797
(4719116288, 23710007296)
Train Epoch: 14 [10000/33236 (30%)], loss_enc: 40.988075256347656, loss 2.5429651737213135, loss_emb: 9.091009140014648
(4719116288, 23710007296)
Train Epoch: 14 [10500/33236 (32%)], loss_enc: 30.140073776245117, loss 2.4000027179718018, loss_emb: 6.045098781585693
(4719116288, 23710007296)
Train Epoch: 14 [11000/33236 (33%)], loss_enc: 41.49748992919922, loss 2.671788454055786, loss_emb: 11.972052574157715
(4719116288, 23710007296)
Train Epoch: 14 [11500/33236 (35%)], loss_enc: 41.98774337768555, loss 2.3443734645843506, loss_emb: 12.760235786437988
(4719116288, 23710007296)
Train Epoch: 14 [12000/33236 (36%)], loss_enc: 40.230506896972656, loss 2.5840017795562744, loss_emb: 10.924880027770996
(4719116288, 23710007296)
Train Epoch: 14 [12500/33236 (38%)], loss_enc: 33.42594528198242, loss 2.413255453109741, loss_emb: 6.403438091278076
(4719116288, 23710007296)
Train Epoch: 14 [13000/33236 (39%)], loss_enc: 41.501731872558594, loss 2.632324457168579, loss_emb: 10.771547317504883
(4719116288, 23710007296)
Train Epoch: 14 [13500/33236 (41%)], loss_enc: 35.289878845214844, loss 2.2925965785980225, loss_emb: 9.365640640258789
(4719116288, 23710007296)
Train Epoch: 14 [14000/33236 (42%)], loss_enc: 52.30901336669922, loss 2.7761428356170654, loss_emb: 16.8187313079834
(4719116288, 23710007296)
Train Epoch: 14 [14500/33236 (44%)], loss_enc: 35.46826934814453, loss 2.8107035160064697, loss_emb: 8.976033210754395
(4719116288, 23710007296)
Train Epoch: 14 [15000/33236 (45%)], loss_enc: 47.655643463134766, loss 2.6815340518951416, loss_emb: 15.36746883392334
(4719116288, 23710007296)
Train Epoch: 14 [15500/33236 (47%)], loss_enc: 30.915996551513672, loss 2.2336935997009277, loss_emb: 5.800952434539795
(4719116288, 23710007296)
Train Epoch: 14 [16000/33236 (48%)], loss_enc: 32.03305435180664, loss 2.4180803298950195, loss_emb: 7.186621189117432
(4719116288, 23710007296)
Train Epoch: 14 [16500/33236 (50%)], loss_enc: 34.032371520996094, loss 2.4172580242156982, loss_emb: 8.280226707458496
(4719116288, 23710007296)
Train Epoch: 14 [17000/33236 (51%)], loss_enc: 32.37895965576172, loss 2.498155355453491, loss_emb: 6.832116603851318
(4719116288, 23710007296)
Train Epoch: 14 [17500/33236 (53%)], loss_enc: 40.0455207824707, loss 2.5028038024902344, loss_emb: 10.652488708496094
(4719116288, 23710007296)
Train Epoch: 14 [18000/33236 (54%)], loss_enc: 36.11769485473633, loss 2.685431718826294, loss_emb: 9.27031135559082
(4719116288, 23710007296)
Train Epoch: 14 [18500/33236 (56%)], loss_enc: 31.189176559448242, loss 2.2025043964385986, loss_emb: 5.5675177574157715
(4719116288, 23710007296)
Train Epoch: 14 [19000/33236 (57%)], loss_enc: 46.225425720214844, loss 2.9906904697418213, loss_emb: 12.694902420043945
(4719116288, 23710007296)
Train Epoch: 14 [19500/33236 (59%)], loss_enc: 46.8980712890625, loss 2.807839870452881, loss_emb: 12.903691291809082
(4719116288, 23710007296)
Train Epoch: 14 [20000/33236 (60%)], loss_enc: 46.674713134765625, loss 3.0956974029541016, loss_emb: 11.45630931854248
(4719116288, 23710007296)
Train Epoch: 14 [20500/33236 (62%)], loss_enc: 35.37725067138672, loss 2.205552101135254, loss_emb: 8.029054641723633
(4719116288, 23710007296)
Train Epoch: 14 [21000/33236 (63%)], loss_enc: 42.99263381958008, loss 2.765937089920044, loss_emb: 12.14070987701416
(4719116288, 23710007296)
Train Epoch: 14 [21500/33236 (65%)], loss_enc: 34.707157135009766, loss 2.3250882625579834, loss_emb: 7.423077583312988
(4719116288, 23710007296)
Train Epoch: 14 [22000/33236 (66%)], loss_enc: 30.305492401123047, loss 2.022037982940674, loss_emb: 6.310057163238525
(4719116288, 23710007296)
Train Epoch: 14 [22500/33236 (68%)], loss_enc: 39.86684036254883, loss 2.442615270614624, loss_emb: 12.095409393310547
(4719116288, 23710007296)
Train Epoch: 14 [23000/33236 (69%)], loss_enc: 34.473697662353516, loss 2.2305712699890137, loss_emb: 6.544734477996826
(4719116288, 23710007296)
Train Epoch: 14 [23500/33236 (71%)], loss_enc: 32.78774642944336, loss 2.5625, loss_emb: 6.203454494476318
(4719116288, 23710007296)
Train Epoch: 14 [24000/33236 (72%)], loss_enc: 34.16622543334961, loss 2.843552827835083, loss_emb: 7.643022060394287
(4719116288, 23710007296)
Train Epoch: 14 [24500/33236 (74%)], loss_enc: 30.407947540283203, loss 2.4847843647003174, loss_emb: 4.6605329513549805
(4719116288, 23710007296)
Train Epoch: 14 [25000/33236 (75%)], loss_enc: 32.38669967651367, loss 2.156841993331909, loss_emb: 6.910011291503906
(4719116288, 23710007296)
Train Epoch: 14 [25500/33236 (77%)], loss_enc: 44.91234588623047, loss 2.6543734073638916, loss_emb: 12.597749710083008
(4719116288, 23710007296)
Train Epoch: 14 [26000/33236 (78%)], loss_enc: 35.644317626953125, loss 2.4450392723083496, loss_emb: 7.894927978515625
(4719116288, 23710007296)
Train Epoch: 14 [26500/33236 (80%)], loss_enc: 30.97422218322754, loss 2.6772165298461914, loss_emb: 6.3928446769714355
(4719116288, 23710007296)
Train Epoch: 14 [27000/33236 (81%)], loss_enc: 36.67716598510742, loss 2.4561736583709717, loss_emb: 7.280642986297607
(4719116288, 23710007296)
Train Epoch: 14 [27500/33236 (83%)], loss_enc: 40.903892517089844, loss 2.630129337310791, loss_emb: 10.18903636932373
(4719116288, 23710007296)
Train Epoch: 14 [28000/33236 (84%)], loss_enc: 42.124691009521484, loss 3.0703284740448, loss_emb: 10.607518196105957
(4719116288, 23710007296)
Train Epoch: 14 [28500/33236 (86%)], loss_enc: 35.963218688964844, loss 2.3020195960998535, loss_emb: 9.250465393066406
(4719116288, 23710007296)
Train Epoch: 14 [29000/33236 (87%)], loss_enc: 41.61464309692383, loss 2.6619601249694824, loss_emb: 10.809144973754883
(4719116288, 23710007296)
Train Epoch: 14 [29500/33236 (89%)], loss_enc: 29.855939865112305, loss 2.168342113494873, loss_emb: 6.49037504196167
(4719116288, 23710007296)
Train Epoch: 14 [30000/33236 (90%)], loss_enc: 36.17412185668945, loss 2.2641758918762207, loss_emb: 7.754161834716797
(4719116288, 23710007296)
Train Epoch: 14 [30500/33236 (92%)], loss_enc: 37.11705780029297, loss 2.066847562789917, loss_emb: 11.081733703613281
(4719116288, 23710007296)
Train Epoch: 14 [31000/33236 (93%)], loss_enc: 44.033935546875, loss 2.884495496749878, loss_emb: 11.475618362426758
(4719116288, 23710007296)
Train Epoch: 14 [31500/33236 (95%)], loss_enc: 32.99583435058594, loss 2.200425624847412, loss_emb: 8.684866905212402
(4719116288, 23710007296)
Train Epoch: 14 [32000/33236 (96%)], loss_enc: 34.21640396118164, loss 2.518003225326538, loss_emb: 7.567422389984131
(4719116288, 23710007296)
Train Epoch: 14 [32500/33236 (98%)], loss_enc: 43.824485778808594, loss 2.5812294483184814, loss_emb: 11.14798641204834
(4719116288, 23710007296)
Train Epoch: 14 [33000/33236 (99%)], loss_enc: 36.14552688598633, loss 2.46691632270813, loss_emb: 9.052093505859375
----------------------------------------Epoch: 15----------------------------------------
(4719116288, 23710007296)
Train Epoch: 15 [0/33236 (0%)], loss_enc: 30.240083694458008, loss 1.8893119096755981, loss_emb: 6.493114471435547
(4719116288, 23710007296)
Train Epoch: 15 [500/33236 (2%)], loss_enc: 48.38349151611328, loss 2.5794997215270996, loss_emb: 13.184402465820312
(4719116288, 23710007296)
Train Epoch: 15 [1000/33236 (3%)], loss_enc: 39.767250061035156, loss 2.441148281097412, loss_emb: 8.580891609191895
(4719116288, 23710007296)
Train Epoch: 15 [1500/33236 (5%)], loss_enc: 41.036869049072266, loss 2.902301549911499, loss_emb: 9.282132148742676
(4719116288, 23710007296)
Train Epoch: 15 [2000/33236 (6%)], loss_enc: 43.49143981933594, loss 2.9075233936309814, loss_emb: 10.855961799621582
(4719116288, 23710007296)
Train Epoch: 15 [2500/33236 (8%)], loss_enc: 38.638607025146484, loss 2.689371109008789, loss_emb: 8.692024230957031
(4719116288, 23710007296)
Train Epoch: 15 [3000/33236 (9%)], loss_enc: 37.179866790771484, loss 2.816646099090576, loss_emb: 7.724270820617676
(4719116288, 23710007296)
Train Epoch: 15 [3500/33236 (11%)], loss_enc: 33.04245376586914, loss 2.114147186279297, loss_emb: 7.3418474197387695
(4719116288, 23710007296)
Train Epoch: 15 [4000/33236 (12%)], loss_enc: 49.216461181640625, loss 2.6272871494293213, loss_emb: 16.318918228149414
(4719116288, 23710007296)
Train Epoch: 15 [4500/33236 (14%)], loss_enc: 38.12790298461914, loss 2.174819231033325, loss_emb: 9.813284873962402
(4719116288, 23710007296)
Train Epoch: 15 [5000/33236 (15%)], loss_enc: 46.900943756103516, loss 3.003713846206665, loss_emb: 12.097195625305176
(4719116288, 23710007296)
Train Epoch: 15 [5500/33236 (17%)], loss_enc: 36.871700286865234, loss 2.5002834796905518, loss_emb: 10.409753799438477
(4719116288, 23710007296)
Train Epoch: 15 [6000/33236 (18%)], loss_enc: 38.51868438720703, loss 2.7828431129455566, loss_emb: 6.882513523101807
(4719116288, 23710007296)
Train Epoch: 15 [6500/33236 (20%)], loss_enc: 40.957611083984375, loss 2.2579503059387207, loss_emb: 11.542635917663574
(4719116288, 23710007296)
Train Epoch: 15 [7000/33236 (21%)], loss_enc: 43.3367919921875, loss 2.782090187072754, loss_emb: 12.357139587402344
(4719116288, 23710007296)
Train Epoch: 15 [7500/33236 (23%)], loss_enc: 34.20216751098633, loss 2.6315407752990723, loss_emb: 6.309153079986572
(4719116288, 23710007296)
Train Epoch: 15 [8000/33236 (24%)], loss_enc: 40.45930480957031, loss 2.3352162837982178, loss_emb: 11.5269193649292
(4719116288, 23710007296)
Train Epoch: 15 [8500/33236 (26%)], loss_enc: 40.80607604980469, loss 2.4739787578582764, loss_emb: 9.60599136352539
(4719116288, 23710007296)
Train Epoch: 15 [9000/33236 (27%)], loss_enc: 39.507530212402344, loss 2.7151379585266113, loss_emb: 10.676291465759277
(4719116288, 23710007296)
Train Epoch: 15 [9500/33236 (29%)], loss_enc: 34.83631896972656, loss 2.2987775802612305, loss_emb: 6.810781955718994
(4719116288, 23710007296)
Train Epoch: 15 [10000/33236 (30%)], loss_enc: 33.857181549072266, loss 2.315422773361206, loss_emb: 6.867871284484863
(4719116288, 23710007296)
Train Epoch: 15 [10500/33236 (32%)], loss_enc: 37.5754280090332, loss 2.396275281906128, loss_emb: 8.246668815612793
(4719116288, 23710007296)
Train Epoch: 15 [11000/33236 (33%)], loss_enc: 41.004825592041016, loss 2.6395516395568848, loss_emb: 9.919259071350098
(4719116288, 23710007296)
Train Epoch: 15 [11500/33236 (35%)], loss_enc: 32.2764892578125, loss 2.4897243976593018, loss_emb: 6.1739630699157715
(4719116288, 23710007296)
Train Epoch: 15 [12000/33236 (36%)], loss_enc: 29.249235153198242, loss 2.331758975982666, loss_emb: 3.9424431324005127
(4719116288, 23710007296)
Train Epoch: 15 [12500/33236 (38%)], loss_enc: 37.682655334472656, loss 2.293273448944092, loss_emb: 9.041604995727539
(4719116288, 23710007296)
Train Epoch: 15 [13000/33236 (39%)], loss_enc: 40.645145416259766, loss 2.5374393463134766, loss_emb: 10.174006462097168
(4719116288, 23710007296)
Train Epoch: 15 [13500/33236 (41%)], loss_enc: 38.25123596191406, loss 2.598151206970215, loss_emb: 9.355677604675293
(4719116288, 23710007296)
Train Epoch: 15 [14000/33236 (42%)], loss_enc: 34.313167572021484, loss 2.5304033756256104, loss_emb: 4.623322486877441
(4719116288, 23710007296)
Train Epoch: 15 [14500/33236 (44%)], loss_enc: 34.55083084106445, loss 2.431739091873169, loss_emb: 8.6981782913208
(4719116288, 23710007296)
Train Epoch: 15 [15000/33236 (45%)], loss_enc: 27.664878845214844, loss 2.200707197189331, loss_emb: 4.811009883880615
(4719116288, 23710007296)
Train Epoch: 15 [15500/33236 (47%)], loss_enc: 39.382320404052734, loss 2.479229211807251, loss_emb: 9.340746879577637
(4719116288, 23710007296)
Train Epoch: 15 [16000/33236 (48%)], loss_enc: 38.342994689941406, loss 2.480297803878784, loss_emb: 8.528922080993652
(4719116288, 23710007296)
Train Epoch: 15 [16500/33236 (50%)], loss_enc: 41.47565460205078, loss 2.4883809089660645, loss_emb: 8.963370323181152
(4719116288, 23710007296)
Train Epoch: 15 [17000/33236 (51%)], loss_enc: 33.04871368408203, loss 2.3956751823425293, loss_emb: 6.5359039306640625
(4719116288, 23710007296)
Train Epoch: 15 [17500/33236 (53%)], loss_enc: 35.63379669189453, loss 2.49833607673645, loss_emb: 8.036458015441895
(4719116288, 23710007296)
Train Epoch: 15 [18000/33236 (54%)], loss_enc: 45.30097198486328, loss 2.680279493331909, loss_emb: 13.67607593536377
(4719116288, 23710007296)
Train Epoch: 15 [18500/33236 (56%)], loss_enc: 33.093265533447266, loss 2.536010503768921, loss_emb: 6.783956050872803
(4719116288, 23710007296)
Train Epoch: 15 [19000/33236 (57%)], loss_enc: 42.28684997558594, loss 2.599681854248047, loss_emb: 10.890936851501465
(4719116288, 23710007296)
Train Epoch: 15 [19500/33236 (59%)], loss_enc: 44.130252838134766, loss 2.577411651611328, loss_emb: 13.478350639343262
(4719116288, 23710007296)
Train Epoch: 15 [20000/33236 (60%)], loss_enc: 34.56145477294922, loss 2.492887258529663, loss_emb: 7.399048805236816
(4719116288, 23710007296)
Train Epoch: 15 [20500/33236 (62%)], loss_enc: 40.50813293457031, loss 2.812525510787964, loss_emb: 8.637397766113281
(4719116288, 23710007296)
Train Epoch: 15 [21000/33236 (63%)], loss_enc: 42.52021408081055, loss 2.399312734603882, loss_emb: 11.644238471984863
(4719116288, 23710007296)
Train Epoch: 15 [21500/33236 (65%)], loss_enc: 36.39418029785156, loss 2.393047571182251, loss_emb: 9.652963638305664
(4719116288, 23710007296)
Train Epoch: 15 [22000/33236 (66%)], loss_enc: 43.06401443481445, loss 2.584225654602051, loss_emb: 11.379429817199707
(4719116288, 23710007296)
Train Epoch: 15 [22500/33236 (68%)], loss_enc: 42.82099151611328, loss 2.8229219913482666, loss_emb: 9.493906021118164
(4719116288, 23710007296)
Train Epoch: 15 [23000/33236 (69%)], loss_enc: 34.534568786621094, loss 2.337944746017456, loss_emb: 6.538106441497803
(4719116288, 23710007296)
Train Epoch: 15 [23500/33236 (71%)], loss_enc: 35.11171340942383, loss 2.2004544734954834, loss_emb: 7.875167369842529
(4719116288, 23710007296)
Train Epoch: 15 [24000/33236 (72%)], loss_enc: 42.70817565917969, loss 3.204087972640991, loss_emb: 8.255340576171875
(4719116288, 23710007296)
Train Epoch: 15 [24500/33236 (74%)], loss_enc: 39.04256820678711, loss 2.6569132804870605, loss_emb: 7.010064601898193
(4719116288, 23710007296)
Train Epoch: 15 [25000/33236 (75%)], loss_enc: 41.35005187988281, loss 2.5081570148468018, loss_emb: 11.837203025817871
(4719116288, 23710007296)
Train Epoch: 15 [25500/33236 (77%)], loss_enc: 33.70552444458008, loss 2.510864019393921, loss_emb: 6.743389129638672
(4719116288, 23710007296)
Train Epoch: 15 [26000/33236 (78%)], loss_enc: 44.518310546875, loss 2.5043563842773438, loss_emb: 13.587335586547852
(4719116288, 23710007296)
Train Epoch: 15 [26500/33236 (80%)], loss_enc: 48.055519104003906, loss 2.77017879486084, loss_emb: 12.654219627380371
(4719116288, 23710007296)
Train Epoch: 15 [27000/33236 (81%)], loss_enc: 40.34381866455078, loss 2.5648202896118164, loss_emb: 11.342720031738281
(4719116288, 23710007296)
Train Epoch: 15 [27500/33236 (83%)], loss_enc: 38.100738525390625, loss 2.3438098430633545, loss_emb: 9.265386581420898
(4719116288, 23710007296)
Train Epoch: 15 [28000/33236 (84%)], loss_enc: 35.58683395385742, loss 2.1064834594726562, loss_emb: 10.411417961120605
(4719116288, 23710007296)
Train Epoch: 15 [28500/33236 (86%)], loss_enc: 39.202877044677734, loss 2.5406720638275146, loss_emb: 9.635319709777832
(4719116288, 23710007296)
Train Epoch: 15 [29000/33236 (87%)], loss_enc: 40.42226791381836, loss 2.948033571243286, loss_emb: 10.917410850524902
(4719116288, 23710007296)
Train Epoch: 15 [29500/33236 (89%)], loss_enc: 24.892135620117188, loss 1.8312865495681763, loss_emb: 5.024617671966553
(4719116288, 23710007296)
Train Epoch: 15 [30000/33236 (90%)], loss_enc: 44.75627899169922, loss 2.8152167797088623, loss_emb: 12.981630325317383
(4719116288, 23710007296)
Train Epoch: 15 [30500/33236 (92%)], loss_enc: 49.22715759277344, loss 2.9167702198028564, loss_emb: 14.12027645111084
(4719116288, 23710007296)
Train Epoch: 15 [31000/33236 (93%)], loss_enc: 34.349365234375, loss 2.2611894607543945, loss_emb: 8.05130386352539
(4719116288, 23710007296)
Train Epoch: 15 [31500/33236 (95%)], loss_enc: 44.26177978515625, loss 2.6814451217651367, loss_emb: 13.005026817321777
(4719116288, 23710007296)
Train Epoch: 15 [32000/33236 (96%)], loss_enc: 38.33625411987305, loss 2.318544626235962, loss_emb: 9.393604278564453
(4719116288, 23710007296)
Train Epoch: 15 [32500/33236 (98%)], loss_enc: 38.96055221557617, loss 2.647963285446167, loss_emb: 12.796884536743164
(4719116288, 23710007296)
Train Epoch: 15 [33000/33236 (99%)], loss_enc: 38.745697021484375, loss 2.424222707748413, loss_emb: 8.20935344696045
----------------------------------------Epoch: 16----------------------------------------
(4719116288, 23710007296)
Train Epoch: 16 [0/33236 (0%)], loss_enc: 32.7655143737793, loss 2.630422592163086, loss_emb: 5.953943252563477
(4719116288, 23710007296)
Train Epoch: 16 [500/33236 (2%)], loss_enc: 29.946796417236328, loss 2.432368516921997, loss_emb: 6.519481182098389
(4719116288, 23710007296)
Train Epoch: 16 [1000/33236 (3%)], loss_enc: 40.13453674316406, loss 2.4602417945861816, loss_emb: 11.200296401977539
(4719116288, 23710007296)
Train Epoch: 16 [1500/33236 (5%)], loss_enc: 38.21526336669922, loss 2.3784568309783936, loss_emb: 10.049511909484863
(4719116288, 23710007296)
Train Epoch: 16 [2000/33236 (6%)], loss_enc: 44.35015869140625, loss 2.5074949264526367, loss_emb: 12.237691879272461
(4719116288, 23710007296)
Train Epoch: 16 [2500/33236 (8%)], loss_enc: 42.615394592285156, loss 2.9406237602233887, loss_emb: 11.957745552062988
(4719116288, 23710007296)
Train Epoch: 16 [3000/33236 (9%)], loss_enc: 34.35792541503906, loss 2.407970666885376, loss_emb: 7.622089385986328
(4719116288, 23710007296)
Train Epoch: 16 [3500/33236 (11%)], loss_enc: 42.2652702331543, loss 2.9199864864349365, loss_emb: 9.5233793258667
(4719116288, 23710007296)
Train Epoch: 16 [4000/33236 (12%)], loss_enc: 41.078861236572266, loss 2.5302510261535645, loss_emb: 10.320845603942871
(4719116288, 23710007296)
Train Epoch: 16 [4500/33236 (14%)], loss_enc: 40.71132278442383, loss 2.6102287769317627, loss_emb: 8.920600891113281
(4719116288, 23710007296)
Train Epoch: 16 [5000/33236 (15%)], loss_enc: 33.64370346069336, loss 2.421626567840576, loss_emb: 5.7350897789001465
(4719116288, 23710007296)
Train Epoch: 16 [5500/33236 (17%)], loss_enc: 38.4989013671875, loss 2.5815696716308594, loss_emb: 9.821368217468262
(4719116288, 23710007296)
Train Epoch: 16 [6000/33236 (18%)], loss_enc: 44.25393295288086, loss 2.9433512687683105, loss_emb: 12.431063652038574
(4719116288, 23710007296)
Train Epoch: 16 [6500/33236 (20%)], loss_enc: 40.507572174072266, loss 2.3995883464813232, loss_emb: 10.642979621887207
(4719116288, 23710007296)
Train Epoch: 16 [7000/33236 (21%)], loss_enc: 44.727020263671875, loss 3.0776736736297607, loss_emb: 12.801918029785156
(4719116288, 23710007296)
Train Epoch: 16 [7500/33236 (23%)], loss_enc: 36.73689270019531, loss 2.734074115753174, loss_emb: 6.195135593414307
(4719116288, 23710007296)
Train Epoch: 16 [8000/33236 (24%)], loss_enc: 43.441017150878906, loss 2.6259028911590576, loss_emb: 11.350142478942871
(4719116288, 23710007296)
Train Epoch: 16 [8500/33236 (26%)], loss_enc: 34.41346740722656, loss 2.3737547397613525, loss_emb: 5.359870433807373
(4719116288, 23710007296)
Train Epoch: 16 [9000/33236 (27%)], loss_enc: 44.43339538574219, loss 2.634681463241577, loss_emb: 12.243555068969727
(4719116288, 23710007296)
Train Epoch: 16 [9500/33236 (29%)], loss_enc: 37.89614486694336, loss 2.303361654281616, loss_emb: 9.339716911315918
(4719116288, 23710007296)
Train Epoch: 16 [10000/33236 (30%)], loss_enc: 41.083045959472656, loss 2.4973690509796143, loss_emb: 10.281585693359375
(4719116288, 23710007296)
Train Epoch: 16 [10500/33236 (32%)], loss_enc: 34.73423385620117, loss 2.5016446113586426, loss_emb: 6.859829902648926
(4719116288, 23710007296)
Train Epoch: 16 [11000/33236 (33%)], loss_enc: 40.8448486328125, loss 2.643289804458618, loss_emb: 11.875329971313477
(4719116288, 23710007296)
Train Epoch: 16 [11500/33236 (35%)], loss_enc: 37.77193069458008, loss 2.831176519393921, loss_emb: 8.049700736999512
(4719116288, 23710007296)
Train Epoch: 16 [12000/33236 (36%)], loss_enc: 52.91908264160156, loss 2.868685483932495, loss_emb: 16.27233123779297
(4719116288, 23710007296)
Train Epoch: 16 [12500/33236 (38%)], loss_enc: 40.397926330566406, loss 2.13767409324646, loss_emb: 13.312548637390137
(4719116288, 23710007296)
Train Epoch: 16 [13000/33236 (39%)], loss_enc: 32.20505142211914, loss 2.5399608612060547, loss_emb: 5.894008159637451
(4719116288, 23710007296)
Train Epoch: 16 [13500/33236 (41%)], loss_enc: 39.451942443847656, loss 2.699298620223999, loss_emb: 9.78968334197998
(4719116288, 23710007296)
Train Epoch: 16 [14000/33236 (42%)], loss_enc: 33.023658752441406, loss 2.677555561065674, loss_emb: 7.311929225921631
(4719116288, 23710007296)
Train Epoch: 16 [14500/33236 (44%)], loss_enc: 39.4969482421875, loss 2.459202766418457, loss_emb: 8.81547737121582
(4719116288, 23710007296)
Train Epoch: 16 [15000/33236 (45%)], loss_enc: 25.557863235473633, loss 2.009922742843628, loss_emb: 3.190629243850708
(4719116288, 23710007296)
Train Epoch: 16 [15500/33236 (47%)], loss_enc: 37.0469856262207, loss 2.582496404647827, loss_emb: 9.144978523254395
(4719116288, 23710007296)
Train Epoch: 16 [16000/33236 (48%)], loss_enc: 41.54907989501953, loss 2.6992552280426025, loss_emb: 10.323984146118164
(4719116288, 23710007296)
Train Epoch: 16 [16500/33236 (50%)], loss_enc: 39.42396545410156, loss 2.528165102005005, loss_emb: 9.155919075012207
(4719116288, 23710007296)
Train Epoch: 16 [17000/33236 (51%)], loss_enc: 37.25250244140625, loss 2.551508665084839, loss_emb: 9.18930435180664
(4719116288, 23710007296)
Train Epoch: 16 [17500/33236 (53%)], loss_enc: 43.85890197753906, loss 2.4225823879241943, loss_emb: 12.765105247497559
(4719116288, 23710007296)
Train Epoch: 16 [18000/33236 (54%)], loss_enc: 32.64014434814453, loss 2.376253843307495, loss_emb: 7.873260498046875
(4719116288, 23710007296)
Train Epoch: 16 [18500/33236 (56%)], loss_enc: 39.096435546875, loss 2.5949676036834717, loss_emb: 7.568475246429443
(4719116288, 23710007296)
Train Epoch: 16 [19000/33236 (57%)], loss_enc: 39.08042907714844, loss 2.690129518508911, loss_emb: 9.140121459960938
(4719116288, 23710007296)
Train Epoch: 16 [19500/33236 (59%)], loss_enc: 34.98979949951172, loss 2.4934964179992676, loss_emb: 8.60804557800293
(4719116288, 23710007296)
Train Epoch: 16 [20000/33236 (60%)], loss_enc: 39.509544372558594, loss 2.6941256523132324, loss_emb: 8.949106216430664
(4719116288, 23710007296)
Train Epoch: 16 [20500/33236 (62%)], loss_enc: 42.60303497314453, loss 2.9582931995391846, loss_emb: 11.818875312805176
(4719116288, 23710007296)
Train Epoch: 16 [21000/33236 (63%)], loss_enc: 41.08486557006836, loss 2.3247432708740234, loss_emb: 9.99638843536377
(4719116288, 23710007296)
Train Epoch: 16 [21500/33236 (65%)], loss_enc: 32.737545013427734, loss 2.3167319297790527, loss_emb: 7.868721008300781
(4719116288, 23710007296)
Train Epoch: 16 [22000/33236 (66%)], loss_enc: 50.15550231933594, loss 2.522382974624634, loss_emb: 17.633947372436523
(4719116288, 23710007296)
Train Epoch: 16 [22500/33236 (68%)], loss_enc: 38.72138595581055, loss 2.711522340774536, loss_emb: 9.11569881439209
(4719116288, 23710007296)
Train Epoch: 16 [23000/33236 (69%)], loss_enc: 35.9818229675293, loss 2.40224289894104, loss_emb: 10.157221794128418
(4719116288, 23710007296)
Train Epoch: 16 [23500/33236 (71%)], loss_enc: 43.16716003417969, loss 2.5474166870117188, loss_emb: 12.571741104125977
(4719116288, 23710007296)
Train Epoch: 16 [24000/33236 (72%)], loss_enc: 45.0098762512207, loss 2.513434886932373, loss_emb: 12.131360054016113
(4719116288, 23710007296)
Train Epoch: 16 [24500/33236 (74%)], loss_enc: 41.395240783691406, loss 2.6725287437438965, loss_emb: 9.121576309204102
(4719116288, 23710007296)
Train Epoch: 16 [25000/33236 (75%)], loss_enc: 25.9777774810791, loss 1.8240201473236084, loss_emb: 5.212500095367432
(4719116288, 23710007296)
Train Epoch: 16 [25500/33236 (77%)], loss_enc: 44.398765563964844, loss 2.7789785861968994, loss_emb: 11.386327743530273
(4719116288, 23710007296)
Train Epoch: 16 [26000/33236 (78%)], loss_enc: 37.083953857421875, loss 2.3293986320495605, loss_emb: 9.731447219848633
(4719116288, 23710007296)
Train Epoch: 16 [26500/33236 (80%)], loss_enc: 32.91706848144531, loss 2.2876007556915283, loss_emb: 7.4922943115234375
(4719116288, 23710007296)
Train Epoch: 16 [27000/33236 (81%)], loss_enc: 41.88315963745117, loss 2.320420742034912, loss_emb: 11.707834243774414
(4719116288, 23710007296)
Train Epoch: 16 [27500/33236 (83%)], loss_enc: 40.67393112182617, loss 2.575321912765503, loss_emb: 8.947680473327637
(4719116288, 23710007296)
Train Epoch: 16 [28000/33236 (84%)], loss_enc: 48.79176330566406, loss 2.721137046813965, loss_emb: 14.27293586730957
(4719116288, 23710007296)
Train Epoch: 16 [28500/33236 (86%)], loss_enc: 47.117652893066406, loss 2.913119077682495, loss_emb: 12.892770767211914
(4719116288, 23710007296)
Train Epoch: 16 [29000/33236 (87%)], loss_enc: 46.413841247558594, loss 2.648207187652588, loss_emb: 11.850714683532715
(4719116288, 23710007296)
Train Epoch: 16 [29500/33236 (89%)], loss_enc: 30.553897857666016, loss 2.04850172996521, loss_emb: 6.69331693649292
(4719116288, 23710007296)
Train Epoch: 16 [30000/33236 (90%)], loss_enc: 41.605323791503906, loss 2.6306982040405273, loss_emb: 11.584566116333008
(4719116288, 23710007296)
Train Epoch: 16 [30500/33236 (92%)], loss_enc: 30.52408790588379, loss 2.339683771133423, loss_emb: 5.355231761932373
(4719116288, 23710007296)
Train Epoch: 16 [31000/33236 (93%)], loss_enc: 35.46675109863281, loss 2.137057304382324, loss_emb: 9.171653747558594
(4719116288, 23710007296)
Train Epoch: 16 [31500/33236 (95%)], loss_enc: 42.937164306640625, loss 2.530608892440796, loss_emb: 12.253583908081055
(4719116288, 23710007296)
Train Epoch: 16 [32000/33236 (96%)], loss_enc: 31.481307983398438, loss 2.2894580364227295, loss_emb: 7.412087440490723
(4719116288, 23710007296)
Train Epoch: 16 [32500/33236 (98%)], loss_enc: 43.68659973144531, loss 3.0506348609924316, loss_emb: 9.154784202575684
(4719116288, 23710007296)
Train Epoch: 16 [33000/33236 (99%)], loss_enc: 36.52655029296875, loss 2.55904221534729, loss_emb: 8.669878959655762
----------------------------------------Epoch: 17----------------------------------------
(4719116288, 23710007296)
Train Epoch: 17 [0/33236 (0%)], loss_enc: 33.680198669433594, loss 2.1320974826812744, loss_emb: 6.405353546142578
(4719116288, 23710007296)
Train Epoch: 17 [500/33236 (2%)], loss_enc: 36.76167678833008, loss 2.4598991870880127, loss_emb: 9.614787101745605
(4719116288, 23710007296)
Train Epoch: 17 [1000/33236 (3%)], loss_enc: 36.56904983520508, loss 2.4193100929260254, loss_emb: 8.668498039245605
(4719116288, 23710007296)
Train Epoch: 17 [1500/33236 (5%)], loss_enc: 39.07548522949219, loss 2.4470200538635254, loss_emb: 11.25529956817627
(4719116288, 23710007296)
Train Epoch: 17 [2000/33236 (6%)], loss_enc: 41.86659240722656, loss 2.7162294387817383, loss_emb: 10.213050842285156
(4719116288, 23710007296)
Train Epoch: 17 [2500/33236 (8%)], loss_enc: 37.84053039550781, loss 2.479362726211548, loss_emb: 9.743522644042969
(4719116288, 23710007296)
Train Epoch: 17 [3000/33236 (9%)], loss_enc: 46.67254638671875, loss 2.830914258956909, loss_emb: 12.330668449401855
(4719116288, 23710007296)
Train Epoch: 17 [3500/33236 (11%)], loss_enc: 42.550811767578125, loss 2.5362348556518555, loss_emb: 11.384407043457031
(4719116288, 23710007296)
Train Epoch: 17 [4000/33236 (12%)], loss_enc: 30.730863571166992, loss 2.321596622467041, loss_emb: 7.912402629852295
(4719116288, 23710007296)
Train Epoch: 17 [4500/33236 (14%)], loss_enc: 38.064353942871094, loss 2.982786178588867, loss_emb: 8.22132396697998
(4719116288, 23710007296)
Train Epoch: 17 [5000/33236 (15%)], loss_enc: 40.987003326416016, loss 2.9509687423706055, loss_emb: 9.427445411682129
(4719116288, 23710007296)
Train Epoch: 17 [5500/33236 (17%)], loss_enc: 45.83036422729492, loss 2.993919610977173, loss_emb: 14.025317192077637
(4719116288, 23710007296)
Train Epoch: 17 [6000/33236 (18%)], loss_enc: 40.17789840698242, loss 2.7155001163482666, loss_emb: 10.032841682434082
(4719116288, 23710007296)
Train Epoch: 17 [6500/33236 (20%)], loss_enc: 26.89112663269043, loss 2.048064947128296, loss_emb: 3.7610185146331787
(4719116288, 23710007296)
Train Epoch: 17 [7000/33236 (21%)], loss_enc: 39.41725540161133, loss 2.643698215484619, loss_emb: 9.042197227478027
(4719116288, 23710007296)
Train Epoch: 17 [7500/33236 (23%)], loss_enc: 43.903907775878906, loss 2.776461601257324, loss_emb: 11.26568603515625
(4719116288, 23710007296)
Train Epoch: 17 [8000/33236 (24%)], loss_enc: 46.588539123535156, loss 2.8669543266296387, loss_emb: 13.718978881835938
(4719116288, 23710007296)
Train Epoch: 17 [8500/33236 (26%)], loss_enc: 39.170204162597656, loss 2.4478347301483154, loss_emb: 9.805636405944824
(4719116288, 23710007296)
Train Epoch: 17 [9000/33236 (27%)], loss_enc: 40.40915298461914, loss 2.830845594406128, loss_emb: 9.413596153259277
(4719116288, 23710007296)
Train Epoch: 17 [9500/33236 (29%)], loss_enc: 36.071895599365234, loss 2.6067399978637695, loss_emb: 8.572840690612793
(4719116288, 23710007296)
Train Epoch: 17 [10000/33236 (30%)], loss_enc: 36.576416015625, loss 2.3469197750091553, loss_emb: 8.349298477172852
(4719116288, 23710007296)
Train Epoch: 17 [10500/33236 (32%)], loss_enc: 30.97247886657715, loss 2.0239856243133545, loss_emb: 6.132297039031982
(4719116288, 23710007296)
Train Epoch: 17 [11000/33236 (33%)], loss_enc: 39.20539474487305, loss 2.3550307750701904, loss_emb: 10.157910346984863
(4719116288, 23710007296)
Train Epoch: 17 [11500/33236 (35%)], loss_enc: 42.97734832763672, loss 2.813967227935791, loss_emb: 10.225000381469727
(4719116288, 23710007296)
Train Epoch: 17 [12000/33236 (36%)], loss_enc: 44.72175216674805, loss 2.6996982097625732, loss_emb: 16.280309677124023
(4719116288, 23710007296)
Train Epoch: 17 [12500/33236 (38%)], loss_enc: 28.365293502807617, loss 2.168652296066284, loss_emb: 6.717566967010498
(4719116288, 23710007296)
Train Epoch: 17 [13000/33236 (39%)], loss_enc: 38.637481689453125, loss 2.433748722076416, loss_emb: 9.834035873413086
(4719116288, 23710007296)
Train Epoch: 17 [13500/33236 (41%)], loss_enc: 36.998802185058594, loss 2.257441282272339, loss_emb: 9.397026062011719
(4719116288, 23710007296)
Train Epoch: 17 [14000/33236 (42%)], loss_enc: 34.14765548706055, loss 2.3333802223205566, loss_emb: 7.664645671844482
(4719116288, 23710007296)
Train Epoch: 17 [14500/33236 (44%)], loss_enc: 46.37213897705078, loss 3.1212711334228516, loss_emb: 13.714090347290039
(4719116288, 23710007296)
Train Epoch: 17 [15000/33236 (45%)], loss_enc: 35.52726745605469, loss 2.781087875366211, loss_emb: 9.129218101501465
(4719116288, 23710007296)
Train Epoch: 17 [15500/33236 (47%)], loss_enc: 48.35257339477539, loss 2.7179465293884277, loss_emb: 16.36410903930664
(4719116288, 23710007296)
Train Epoch: 17 [16000/33236 (48%)], loss_enc: 33.079437255859375, loss 2.214168071746826, loss_emb: 7.729827880859375
(4719116288, 23710007296)
Train Epoch: 17 [16500/33236 (50%)], loss_enc: 35.496665954589844, loss 2.5066981315612793, loss_emb: 10.339159965515137
(4719116288, 23710007296)
Train Epoch: 17 [17000/33236 (51%)], loss_enc: 32.39130783081055, loss 2.3676068782806396, loss_emb: 5.264071941375732
(4719116288, 23710007296)
Train Epoch: 17 [17500/33236 (53%)], loss_enc: 52.1229248046875, loss 2.9580495357513428, loss_emb: 16.15753746032715
(4719116288, 23710007296)
Train Epoch: 17 [18000/33236 (54%)], loss_enc: 38.07632827758789, loss 2.6097092628479004, loss_emb: 7.8099870681762695
(4719116288, 23710007296)
Train Epoch: 17 [18500/33236 (56%)], loss_enc: 43.51085662841797, loss 2.8252594470977783, loss_emb: 10.449601173400879
(4719116288, 23710007296)
Train Epoch: 17 [19000/33236 (57%)], loss_enc: 35.288307189941406, loss 2.6178953647613525, loss_emb: 8.008196830749512
(4719116288, 23710007296)
Train Epoch: 17 [19500/33236 (59%)], loss_enc: 44.684852600097656, loss 2.9690914154052734, loss_emb: 12.09644889831543
(4719116288, 23710007296)
Train Epoch: 17 [20000/33236 (60%)], loss_enc: 40.24358367919922, loss 2.516362428665161, loss_emb: 8.982861518859863
(4719116288, 23710007296)
Train Epoch: 17 [20500/33236 (62%)], loss_enc: 41.65322494506836, loss 2.288072347640991, loss_emb: 12.332890510559082
(4719116288, 23710007296)
Train Epoch: 17 [21000/33236 (63%)], loss_enc: 32.10597610473633, loss 2.373617649078369, loss_emb: 7.257862091064453
(4719116288, 23710007296)
Train Epoch: 17 [21500/33236 (65%)], loss_enc: 39.12348175048828, loss 3.040532350540161, loss_emb: 8.046553611755371
(4719116288, 23710007296)
Train Epoch: 17 [22000/33236 (66%)], loss_enc: 28.069046020507812, loss 2.003446340560913, loss_emb: 5.491011142730713
(4719116288, 23710007296)
Train Epoch: 17 [22500/33236 (68%)], loss_enc: 37.002845764160156, loss 2.322904109954834, loss_emb: 7.249580383300781
(4719116288, 23710007296)
Train Epoch: 17 [23000/33236 (69%)], loss_enc: 43.64976119995117, loss 2.8454370498657227, loss_emb: 11.841009140014648
(4719116288, 23710007296)
Train Epoch: 17 [23500/33236 (71%)], loss_enc: 30.85165023803711, loss 2.2841315269470215, loss_emb: 6.802402496337891
(4719116288, 23710007296)
Train Epoch: 17 [24000/33236 (72%)], loss_enc: 41.27210998535156, loss 2.551950693130493, loss_emb: 9.65765380859375
(4719116288, 23710007296)
Train Epoch: 17 [24500/33236 (74%)], loss_enc: 40.2910270690918, loss 2.394470453262329, loss_emb: 10.883234977722168
(4719116288, 23710007296)
Train Epoch: 17 [25000/33236 (75%)], loss_enc: 36.46019744873047, loss 2.4142136573791504, loss_emb: 9.039595603942871
(4719116288, 23710007296)
Train Epoch: 17 [25500/33236 (77%)], loss_enc: 37.07691955566406, loss 2.423903465270996, loss_emb: 8.363646507263184
(4719116288, 23710007296)
Train Epoch: 17 [26000/33236 (78%)], loss_enc: 28.495073318481445, loss 1.8908541202545166, loss_emb: 5.721336364746094
(4719116288, 23710007296)
Train Epoch: 17 [26500/33236 (80%)], loss_enc: 41.563350677490234, loss 2.8608546257019043, loss_emb: 10.848418235778809
(4719116288, 23710007296)
Train Epoch: 17 [27000/33236 (81%)], loss_enc: 41.988868713378906, loss 2.49775767326355, loss_emb: 11.314285278320312
(4719116288, 23710007296)
Train Epoch: 17 [27500/33236 (83%)], loss_enc: 35.88883972167969, loss 2.405064821243286, loss_emb: 6.798145294189453
(4719116288, 23710007296)
Train Epoch: 17 [28000/33236 (84%)], loss_enc: 36.25433349609375, loss 2.5541930198669434, loss_emb: 8.5467529296875
(4719116288, 23710007296)
Train Epoch: 17 [28500/33236 (86%)], loss_enc: 42.75328063964844, loss 2.7486724853515625, loss_emb: 12.020256042480469
(4719116288, 23710007296)
Train Epoch: 17 [29000/33236 (87%)], loss_enc: 43.0762825012207, loss 2.762346029281616, loss_emb: 11.130932807922363
(4719116288, 23710007296)
Train Epoch: 17 [29500/33236 (89%)], loss_enc: 34.70394515991211, loss 2.6458935737609863, loss_emb: 6.123920440673828
(4719116288, 23710007296)
Train Epoch: 17 [30000/33236 (90%)], loss_enc: 34.058837890625, loss 2.053537130355835, loss_emb: 8.219128608703613
(4719116288, 23710007296)
Train Epoch: 17 [30500/33236 (92%)], loss_enc: 32.01783752441406, loss 2.2489981651306152, loss_emb: 7.6894378662109375
(4719116288, 23710007296)
Train Epoch: 17 [31000/33236 (93%)], loss_enc: 32.21098709106445, loss 2.4362614154815674, loss_emb: 4.363897323608398
(4719116288, 23710007296)
Train Epoch: 17 [31500/33236 (95%)], loss_enc: 37.563087463378906, loss 2.406761646270752, loss_emb: 10.8782958984375
(4719116288, 23710007296)
Train Epoch: 17 [32000/33236 (96%)], loss_enc: 41.901214599609375, loss 2.3392014503479004, loss_emb: 11.220640182495117
(4719116288, 23710007296)
Train Epoch: 17 [32500/33236 (98%)], loss_enc: 32.78026580810547, loss 2.032785654067993, loss_emb: 7.2542619705200195
(4719116288, 23710007296)
Train Epoch: 17 [33000/33236 (99%)], loss_enc: 39.77294158935547, loss 2.505239486694336, loss_emb: 10.161613464355469
----------------------------------------Epoch: 18----------------------------------------
(4719116288, 23710007296)
Train Epoch: 18 [0/33236 (0%)], loss_enc: 44.455440521240234, loss 3.1391756534576416, loss_emb: 13.72053050994873
(4719116288, 23710007296)
Train Epoch: 18 [500/33236 (2%)], loss_enc: 38.862548828125, loss 2.9275736808776855, loss_emb: 7.3405585289001465
(4719116288, 23710007296)
Train Epoch: 18 [1000/33236 (3%)], loss_enc: 40.922210693359375, loss 2.7479240894317627, loss_emb: 9.831657409667969
(4719116288, 23710007296)
Train Epoch: 18 [1500/33236 (5%)], loss_enc: 33.780513763427734, loss 2.449625015258789, loss_emb: 8.502829551696777
(4719116288, 23710007296)
Train Epoch: 18 [2000/33236 (6%)], loss_enc: 39.541831970214844, loss 2.8625943660736084, loss_emb: 9.410987854003906
(4719116288, 23710007296)
Train Epoch: 18 [2500/33236 (8%)], loss_enc: 29.09996223449707, loss 1.7301372289657593, loss_emb: 7.762269496917725
(4719116288, 23710007296)
Train Epoch: 18 [3000/33236 (9%)], loss_enc: 34.86578369140625, loss 2.2546818256378174, loss_emb: 8.67431640625
(4719116288, 23710007296)
Train Epoch: 18 [3500/33236 (11%)], loss_enc: 43.25164031982422, loss 2.3775479793548584, loss_emb: 10.84181022644043
(4719116288, 23710007296)
Train Epoch: 18 [4000/33236 (12%)], loss_enc: 39.85234069824219, loss 2.5152156352996826, loss_emb: 11.712554931640625
(4719116288, 23710007296)
Train Epoch: 18 [4500/33236 (14%)], loss_enc: 42.20606994628906, loss 2.5450594425201416, loss_emb: 11.448407173156738
(4719116288, 23710007296)
Train Epoch: 18 [5000/33236 (15%)], loss_enc: 48.249839782714844, loss 2.914754629135132, loss_emb: 15.246057510375977
(4719116288, 23710007296)
Train Epoch: 18 [5500/33236 (17%)], loss_enc: 44.40367889404297, loss 3.053276300430298, loss_emb: 11.75974178314209
(4719116288, 23710007296)
Train Epoch: 18 [6000/33236 (18%)], loss_enc: 36.523895263671875, loss 2.4732840061187744, loss_emb: 9.512483596801758
(4719116288, 23710007296)
Train Epoch: 18 [6500/33236 (20%)], loss_enc: 22.7324161529541, loss 1.7622039318084717, loss_emb: 1.999406099319458
(4719116288, 23710007296)
Train Epoch: 18 [7000/33236 (21%)], loss_enc: 45.9940185546875, loss 2.680994987487793, loss_emb: 13.861742973327637
(4719116288, 23710007296)
Train Epoch: 18 [7500/33236 (23%)], loss_enc: 37.30305480957031, loss 2.7224063873291016, loss_emb: 7.746287822723389
(4719116288, 23710007296)
Train Epoch: 18 [8000/33236 (24%)], loss_enc: 48.95630645751953, loss 2.8235135078430176, loss_emb: 14.782370567321777
(4719116288, 23710007296)
Train Epoch: 18 [8500/33236 (26%)], loss_enc: 25.555328369140625, loss 2.1452088356018066, loss_emb: 3.861929416656494
(4719116288, 23710007296)
Train Epoch: 18 [9000/33236 (27%)], loss_enc: 36.78814697265625, loss 2.4734647274017334, loss_emb: 8.157676696777344
(4719116288, 23710007296)
Train Epoch: 18 [9500/33236 (29%)], loss_enc: 37.249534606933594, loss 2.683643341064453, loss_emb: 8.981758117675781
(4719116288, 23710007296)
Train Epoch: 18 [10000/33236 (30%)], loss_enc: 43.90681076049805, loss 2.7755210399627686, loss_emb: 11.733840942382812
(4719116288, 23710007296)
Train Epoch: 18 [10500/33236 (32%)], loss_enc: 38.1821403503418, loss 2.6947455406188965, loss_emb: 8.534704208374023
(4719116288, 23710007296)
Train Epoch: 18 [11000/33236 (33%)], loss_enc: 27.261655807495117, loss 2.349637269973755, loss_emb: 3.7018425464630127
(4719116288, 23710007296)
Train Epoch: 18 [11500/33236 (35%)], loss_enc: 42.48906707763672, loss 2.5092570781707764, loss_emb: 12.029871940612793
(4719116288, 23710007296)
Train Epoch: 18 [12000/33236 (36%)], loss_enc: 40.20539855957031, loss 2.590843677520752, loss_emb: 10.208017349243164
(4719116288, 23710007296)
Train Epoch: 18 [12500/33236 (38%)], loss_enc: 30.498571395874023, loss 2.2050302028656006, loss_emb: 5.162660121917725
(4719116288, 23710007296)
Train Epoch: 18 [13000/33236 (39%)], loss_enc: 37.09114074707031, loss 2.6356449127197266, loss_emb: 8.965978622436523
(4719116288, 23710007296)
Train Epoch: 18 [13500/33236 (41%)], loss_enc: 43.97264862060547, loss 2.785559892654419, loss_emb: 13.710894584655762
(4719116288, 23710007296)
Train Epoch: 18 [14000/33236 (42%)], loss_enc: 38.7147102355957, loss 2.7612483501434326, loss_emb: 7.1550612449646
(4719116288, 23710007296)
Train Epoch: 18 [14500/33236 (44%)], loss_enc: 35.633331298828125, loss 2.536571979522705, loss_emb: 7.2440643310546875
(4719116288, 23710007296)
Train Epoch: 18 [15000/33236 (45%)], loss_enc: 37.918434143066406, loss 2.7521004676818848, loss_emb: 7.641607761383057
(4719116288, 23710007296)
Train Epoch: 18 [15500/33236 (47%)], loss_enc: 39.41376876831055, loss 2.9135818481445312, loss_emb: 8.550030708312988
(4719116288, 23710007296)
Train Epoch: 18 [16000/33236 (48%)], loss_enc: 36.876190185546875, loss 2.7888360023498535, loss_emb: 8.250835418701172
(4719116288, 23710007296)
Train Epoch: 18 [16500/33236 (50%)], loss_enc: 47.405765533447266, loss 2.9560463428497314, loss_emb: 12.881400108337402
(4719116288, 23710007296)
Train Epoch: 18 [17000/33236 (51%)], loss_enc: 41.36690902709961, loss 2.5020675659179688, loss_emb: 10.698138236999512
(4719116288, 23710007296)
Train Epoch: 18 [17500/33236 (53%)], loss_enc: 34.44225311279297, loss 2.8501524925231934, loss_emb: 6.605949401855469
(4719116288, 23710007296)
Train Epoch: 18 [18000/33236 (54%)], loss_enc: 39.80359649658203, loss 2.6537559032440186, loss_emb: 11.368651390075684
(4719116288, 23710007296)
Train Epoch: 18 [18500/33236 (56%)], loss_enc: 35.36577224731445, loss 2.826892375946045, loss_emb: 5.912690162658691
(4719116288, 23710007296)
Train Epoch: 18 [19000/33236 (57%)], loss_enc: 45.20026397705078, loss 2.639780044555664, loss_emb: 14.129196166992188
(4719116288, 23710007296)
Train Epoch: 18 [19500/33236 (59%)], loss_enc: 42.33681869506836, loss 2.7436165809631348, loss_emb: 11.399850845336914
(4719116288, 23710007296)
Train Epoch: 18 [20000/33236 (60%)], loss_enc: 42.23560333251953, loss 2.797569751739502, loss_emb: 10.973043441772461
(4719116288, 23710007296)
Train Epoch: 18 [20500/33236 (62%)], loss_enc: 32.80276107788086, loss 2.641723871231079, loss_emb: 7.855742931365967
(4719116288, 23710007296)
Train Epoch: 18 [21000/33236 (63%)], loss_enc: 38.578582763671875, loss 2.097602367401123, loss_emb: 10.948683738708496
(4719116288, 23710007296)
Train Epoch: 18 [21500/33236 (65%)], loss_enc: 48.37830352783203, loss 2.8790175914764404, loss_emb: 14.474420547485352
(4719116288, 23710007296)
Train Epoch: 18 [22000/33236 (66%)], loss_enc: 22.80753517150879, loss 1.7678399085998535, loss_emb: 4.988954067230225
(4719116288, 23710007296)
Train Epoch: 18 [22500/33236 (68%)], loss_enc: 40.59804153442383, loss 2.508910894393921, loss_emb: 9.16921329498291
(4719116288, 23710007296)
Train Epoch: 18 [23000/33236 (69%)], loss_enc: 42.77114486694336, loss 2.408682107925415, loss_emb: 10.287970542907715
(4719116288, 23710007296)
Train Epoch: 18 [23500/33236 (71%)], loss_enc: 31.48204803466797, loss 2.4687488079071045, loss_emb: 5.468348979949951
(4719116288, 23710007296)
Train Epoch: 18 [24000/33236 (72%)], loss_enc: 39.37355422973633, loss 2.591341257095337, loss_emb: 8.728286743164062
(4719116288, 23710007296)
Train Epoch: 18 [24500/33236 (74%)], loss_enc: 43.315711975097656, loss 2.632201910018921, loss_emb: 12.422174453735352
(4719116288, 23710007296)
Train Epoch: 18 [25000/33236 (75%)], loss_enc: 41.11614227294922, loss 2.511234998703003, loss_emb: 10.880014419555664
(4719116288, 23710007296)
Train Epoch: 18 [25500/33236 (77%)], loss_enc: 45.61069107055664, loss 2.9037907123565674, loss_emb: 13.850062370300293
(4719116288, 23710007296)
Train Epoch: 18 [26000/33236 (78%)], loss_enc: 37.6947135925293, loss 2.632554054260254, loss_emb: 10.132710456848145
(4719116288, 23710007296)
Train Epoch: 18 [26500/33236 (80%)], loss_enc: 36.43017578125, loss 2.5886926651000977, loss_emb: 8.946104049682617
(4719116288, 23710007296)
Train Epoch: 18 [27000/33236 (81%)], loss_enc: 43.58721923828125, loss 2.916497230529785, loss_emb: 10.761634826660156
(4719116288, 23710007296)
Train Epoch: 18 [27500/33236 (83%)], loss_enc: 33.06356430053711, loss 2.4277899265289307, loss_emb: 6.075836181640625
(4719116288, 23710007296)
Train Epoch: 18 [28000/33236 (84%)], loss_enc: 41.50047302246094, loss 2.493360996246338, loss_emb: 10.163930892944336
(4719116288, 23710007296)
Train Epoch: 18 [28500/33236 (86%)], loss_enc: 41.578006744384766, loss 2.834378957748413, loss_emb: 9.719970703125
(4719116288, 23710007296)
Train Epoch: 18 [29000/33236 (87%)], loss_enc: 42.92477798461914, loss 2.752206802368164, loss_emb: 10.49765682220459
(4719116288, 23710007296)
Train Epoch: 18 [29500/33236 (89%)], loss_enc: 42.40345001220703, loss 2.7448348999023438, loss_emb: 10.64617919921875
(4719116288, 23710007296)
Train Epoch: 18 [30000/33236 (90%)], loss_enc: 27.716482162475586, loss 2.4119012355804443, loss_emb: 4.495824337005615
(4719116288, 23710007296)
Train Epoch: 18 [30500/33236 (92%)], loss_enc: 45.220890045166016, loss 2.6543266773223877, loss_emb: 12.11669635772705
(4719116288, 23710007296)
Train Epoch: 18 [31000/33236 (93%)], loss_enc: 32.552833557128906, loss 2.365567207336426, loss_emb: 6.273204326629639
(4719116288, 23710007296)
Train Epoch: 18 [31500/33236 (95%)], loss_enc: 38.88814163208008, loss 2.4197683334350586, loss_emb: 10.174519538879395
(4719116288, 23710007296)
Train Epoch: 18 [32000/33236 (96%)], loss_enc: 44.91557693481445, loss 2.8436217308044434, loss_emb: 12.688789367675781
(4719116288, 23710007296)
Train Epoch: 18 [32500/33236 (98%)], loss_enc: 41.70506286621094, loss 2.5496275424957275, loss_emb: 10.123905181884766
(4719116288, 23710007296)
Train Epoch: 18 [33000/33236 (99%)], loss_enc: 40.11024856567383, loss 2.4746077060699463, loss_emb: 10.589922904968262
----------------------------------------Epoch: 19----------------------------------------
(4719116288, 23710007296)
Train Epoch: 19 [0/33236 (0%)], loss_enc: 36.23516082763672, loss 2.1088502407073975, loss_emb: 9.052932739257812
(4719116288, 23710007296)
Train Epoch: 19 [500/33236 (2%)], loss_enc: 32.63318634033203, loss 2.1304643154144287, loss_emb: 8.186375617980957
(4719116288, 23710007296)
Train Epoch: 19 [1000/33236 (3%)], loss_enc: 39.0600471496582, loss 2.14567232131958, loss_emb: 9.005895614624023
(4719116288, 23710007296)
Train Epoch: 19 [1500/33236 (5%)], loss_enc: 32.11460494995117, loss 2.3710622787475586, loss_emb: 6.3359880447387695
(4719116288, 23710007296)
Train Epoch: 19 [2000/33236 (6%)], loss_enc: 34.04035949707031, loss 2.201159954071045, loss_emb: 7.740942478179932
(4719116288, 23710007296)
Train Epoch: 19 [2500/33236 (8%)], loss_enc: 23.723522186279297, loss 1.9518882036209106, loss_emb: 4.19041109085083
(4719116288, 23710007296)
Train Epoch: 19 [3000/33236 (9%)], loss_enc: 40.321319580078125, loss 2.6270530223846436, loss_emb: 6.7668304443359375
(4719116288, 23710007296)
Train Epoch: 19 [3500/33236 (11%)], loss_enc: 34.80387878417969, loss 2.299488067626953, loss_emb: 9.143087387084961
(4719116288, 23710007296)
Train Epoch: 19 [4000/33236 (12%)], loss_enc: 29.29373550415039, loss 1.901793122291565, loss_emb: 7.023797035217285
(4719116288, 23710007296)
Train Epoch: 19 [4500/33236 (14%)], loss_enc: 35.50294494628906, loss 2.3532776832580566, loss_emb: 8.550058364868164
(4719116288, 23710007296)
Train Epoch: 19 [5000/33236 (15%)], loss_enc: 36.85079574584961, loss 2.203998565673828, loss_emb: 8.922942161560059
(4719116288, 23710007296)
Train Epoch: 19 [5500/33236 (17%)], loss_enc: 45.1284294128418, loss 3.040609121322632, loss_emb: 12.742973327636719
(4719116288, 23710007296)
Train Epoch: 19 [6000/33236 (18%)], loss_enc: 43.78785705566406, loss 2.471174716949463, loss_emb: 11.368781089782715
(4719116288, 23710007296)
Train Epoch: 19 [6500/33236 (20%)], loss_enc: 32.109622955322266, loss 2.6549012660980225, loss_emb: 6.7511420249938965
(4719116288, 23710007296)
Train Epoch: 19 [7000/33236 (21%)], loss_enc: 43.405845642089844, loss 2.8564977645874023, loss_emb: 12.040359497070312
(4719116288, 23710007296)
Train Epoch: 19 [7500/33236 (23%)], loss_enc: 36.293067932128906, loss 2.239851951599121, loss_emb: 8.535893440246582
(4719116288, 23710007296)
Train Epoch: 19 [8000/33236 (24%)], loss_enc: 41.10422897338867, loss 2.7767069339752197, loss_emb: 9.452092170715332
(4719116288, 23710007296)
Train Epoch: 19 [8500/33236 (26%)], loss_enc: 38.873565673828125, loss 2.7251358032226562, loss_emb: 10.387770652770996
(4719116288, 23710007296)
Train Epoch: 19 [9000/33236 (27%)], loss_enc: 37.93544006347656, loss 2.611542224884033, loss_emb: 8.80610179901123
(4719116288, 23710007296)
Train Epoch: 19 [9500/33236 (29%)], loss_enc: 32.07657241821289, loss 2.4722228050231934, loss_emb: 5.949187278747559
(4719116288, 23710007296)
Train Epoch: 19 [10000/33236 (30%)], loss_enc: 23.74151611328125, loss 1.6051359176635742, loss_emb: 4.291336536407471
(4719116288, 23710007296)
Train Epoch: 19 [10500/33236 (32%)], loss_enc: 39.192501068115234, loss 2.5564751625061035, loss_emb: 8.950156211853027
(4719116288, 23710007296)
Train Epoch: 19 [11000/33236 (33%)], loss_enc: 46.400230407714844, loss 2.9618897438049316, loss_emb: 13.442239761352539
(4719116288, 23710007296)
Train Epoch: 19 [11500/33236 (35%)], loss_enc: 33.90086364746094, loss 2.400190591812134, loss_emb: 8.03227424621582
(4719116288, 23710007296)
Train Epoch: 19 [12000/33236 (36%)], loss_enc: 40.5095329284668, loss 2.5526363849639893, loss_emb: 10.694416046142578
(4719116288, 23710007296)
Train Epoch: 19 [12500/33236 (38%)], loss_enc: 34.94005584716797, loss 2.608086347579956, loss_emb: 9.42824935913086
(4719116288, 23710007296)
Train Epoch: 19 [13000/33236 (39%)], loss_enc: 35.87837219238281, loss 2.1137192249298096, loss_emb: 9.42648696899414
(4719116288, 23710007296)
Train Epoch: 19 [13500/33236 (41%)], loss_enc: 37.63088607788086, loss 2.5016093254089355, loss_emb: 8.944843292236328
(4719116288, 23710007296)
Train Epoch: 19 [14000/33236 (42%)], loss_enc: 44.21989059448242, loss 2.791595935821533, loss_emb: 12.084956169128418
(4719116288, 23710007296)
Train Epoch: 19 [14500/33236 (44%)], loss_enc: 42.640342712402344, loss 2.659296989440918, loss_emb: 11.368197441101074
(4719116288, 23710007296)
Train Epoch: 19 [15000/33236 (45%)], loss_enc: 38.525238037109375, loss 2.6782922744750977, loss_emb: 9.180817604064941
(4719116288, 23710007296)
Train Epoch: 19 [15500/33236 (47%)], loss_enc: 39.14662170410156, loss 2.5200915336608887, loss_emb: 6.141790390014648
(4719116288, 23710007296)
Train Epoch: 19 [16000/33236 (48%)], loss_enc: 40.03278732299805, loss 2.634376287460327, loss_emb: 8.382290840148926
(4719116288, 23710007296)
Train Epoch: 19 [16500/33236 (50%)], loss_enc: 44.673641204833984, loss 3.1481494903564453, loss_emb: 12.54220962524414
(4719116288, 23710007296)
Train Epoch: 19 [17000/33236 (51%)], loss_enc: 36.1489143371582, loss 2.4103105068206787, loss_emb: 7.345160007476807
(4719116288, 23710007296)
Train Epoch: 19 [17500/33236 (53%)], loss_enc: 38.673213958740234, loss 2.603389263153076, loss_emb: 7.028787136077881
(4719116288, 23710007296)
Train Epoch: 19 [18000/33236 (54%)], loss_enc: 45.551475524902344, loss 3.0959177017211914, loss_emb: 12.66910457611084
(4719116288, 23710007296)
Train Epoch: 19 [18500/33236 (56%)], loss_enc: 38.182167053222656, loss 2.686093330383301, loss_emb: 8.237945556640625
(4719116288, 23710007296)
Train Epoch: 19 [19000/33236 (57%)], loss_enc: 31.071250915527344, loss 2.0160913467407227, loss_emb: 8.403976440429688
(4719116288, 23710007296)
Train Epoch: 19 [19500/33236 (59%)], loss_enc: 39.80504608154297, loss 2.9024953842163086, loss_emb: 13.113349914550781
(4719116288, 23710007296)
Train Epoch: 19 [20000/33236 (60%)], loss_enc: 35.974266052246094, loss 2.5145649909973145, loss_emb: 8.539656639099121
(4719116288, 23710007296)
Train Epoch: 19 [20500/33236 (62%)], loss_enc: 48.47242736816406, loss 2.516225814819336, loss_emb: 16.583980560302734
(4719116288, 23710007296)
Train Epoch: 19 [21000/33236 (63%)], loss_enc: 28.100324630737305, loss 2.13820219039917, loss_emb: 5.291053771972656
(4719116288, 23710007296)
Train Epoch: 19 [21500/33236 (65%)], loss_enc: 40.951332092285156, loss 2.2633371353149414, loss_emb: 10.383028030395508
(4719116288, 23710007296)
Train Epoch: 19 [22000/33236 (66%)], loss_enc: 43.359107971191406, loss 2.848875045776367, loss_emb: 10.471511840820312
(4719116288, 23710007296)
Train Epoch: 19 [22500/33236 (68%)], loss_enc: 37.21371078491211, loss 3.2251663208007812, loss_emb: 6.8670334815979
(4719116288, 23710007296)
Train Epoch: 19 [23000/33236 (69%)], loss_enc: 34.6895866394043, loss 2.546281337738037, loss_emb: 4.792774200439453
(4719116288, 23710007296)
Train Epoch: 19 [23500/33236 (71%)], loss_enc: 44.6931037902832, loss 3.0923917293548584, loss_emb: 12.333918571472168
(4717019136, 23710007296)
Train Epoch: 19 [24000/33236 (72%)], loss_enc: 37.73529815673828, loss 2.7849979400634766, loss_emb: 10.85385799407959
(4717019136, 23710007296)
Train Epoch: 19 [24500/33236 (74%)], loss_enc: 44.409061431884766, loss 2.896822690963745, loss_emb: 12.738433837890625
(4717019136, 23710007296)
Train Epoch: 19 [25000/33236 (75%)], loss_enc: 38.11748123168945, loss 2.152092933654785, loss_emb: 11.852834701538086
(4717019136, 23710007296)
Train Epoch: 19 [25500/33236 (77%)], loss_enc: 35.810630798339844, loss 2.6169440746307373, loss_emb: 8.742863655090332
(4717019136, 23710007296)
Train Epoch: 19 [26000/33236 (78%)], loss_enc: 44.41783142089844, loss 3.093695878982544, loss_emb: 13.712813377380371
(4717019136, 23710007296)
Train Epoch: 19 [26500/33236 (80%)], loss_enc: 40.53351593017578, loss 2.394619941711426, loss_emb: 11.857102394104004
(4717019136, 23710007296)
Train Epoch: 19 [27000/33236 (81%)], loss_enc: 41.08969497680664, loss 2.668607473373413, loss_emb: 10.885440826416016
(4717019136, 23710007296)
Train Epoch: 19 [27500/33236 (83%)], loss_enc: 42.696189880371094, loss 2.667131185531616, loss_emb: 12.869444847106934
(4717019136, 23710007296)
Train Epoch: 19 [28000/33236 (84%)], loss_enc: 46.09612274169922, loss 2.7425649166107178, loss_emb: 11.583391189575195
(4717019136, 23710007296)
Train Epoch: 19 [28500/33236 (86%)], loss_enc: 27.365982055664062, loss 1.8904995918273926, loss_emb: 5.470577239990234
(4717019136, 23710007296)
Train Epoch: 19 [29000/33236 (87%)], loss_enc: 32.41008758544922, loss 2.2405080795288086, loss_emb: 7.3603434562683105
(4717019136, 23710007296)
Train Epoch: 19 [29500/33236 (89%)], loss_enc: 51.48650360107422, loss 3.303571939468384, loss_emb: 15.6683988571167
(4717019136, 23710007296)
Train Epoch: 19 [30000/33236 (90%)], loss_enc: 41.47722625732422, loss 2.7562174797058105, loss_emb: 9.761107444763184
(4717019136, 23710007296)
Train Epoch: 19 [30500/33236 (92%)], loss_enc: 39.660648345947266, loss 2.4027750492095947, loss_emb: 9.866439819335938
(4717019136, 23710007296)
Train Epoch: 19 [31000/33236 (93%)], loss_enc: 38.85275650024414, loss 2.799433708190918, loss_emb: 8.31414794921875
(4717019136, 23710007296)
Train Epoch: 19 [31500/33236 (95%)], loss_enc: 42.15199279785156, loss 2.8186793327331543, loss_emb: 9.78394603729248
(4717019136, 23710007296)
Train Epoch: 19 [32000/33236 (96%)], loss_enc: 40.261077880859375, loss 2.597080707550049, loss_emb: 10.314347267150879
(4717019136, 23710007296)
Train Epoch: 19 [32500/33236 (98%)], loss_enc: 38.46841812133789, loss 2.686837673187256, loss_emb: 8.192728996276855
(4717019136, 23710007296)
Train Epoch: 19 [33000/33236 (99%)], loss_enc: 30.549789428710938, loss 2.6326043605804443, loss_emb: 8.58704662322998
----------------------------------------Epoch: 20----------------------------------------
(4717019136, 23710007296)
Train Epoch: 20 [0/33236 (0%)], loss_enc: 46.766685485839844, loss 2.7124788761138916, loss_emb: 14.184000015258789
(4717019136, 23710007296)
Train Epoch: 20 [500/33236 (2%)], loss_enc: 28.43941879272461, loss 2.353837728500366, loss_emb: 7.259166240692139
(4717019136, 23710007296)
Train Epoch: 20 [1000/33236 (3%)], loss_enc: 43.748512268066406, loss 2.8412575721740723, loss_emb: 10.193204879760742
(4717019136, 23710007296)
Train Epoch: 20 [1500/33236 (5%)], loss_enc: 32.820770263671875, loss 2.3412928581237793, loss_emb: 6.252026557922363
(4717019136, 23710007296)
Train Epoch: 20 [2000/33236 (6%)], loss_enc: 41.67573547363281, loss 3.149628162384033, loss_emb: 10.070274353027344
(4717019136, 23710007296)
Train Epoch: 20 [2500/33236 (8%)], loss_enc: 38.61888122558594, loss 2.5294127464294434, loss_emb: 8.269207000732422
(4717019136, 23710007296)
Train Epoch: 20 [3000/33236 (9%)], loss_enc: 40.804840087890625, loss 2.850104331970215, loss_emb: 9.539085388183594
(4717019136, 23710007296)
Train Epoch: 20 [3500/33236 (11%)], loss_enc: 37.507469177246094, loss 2.4181792736053467, loss_emb: 8.599822998046875
(4717019136, 23710007296)
Train Epoch: 20 [4000/33236 (12%)], loss_enc: 42.77900314331055, loss 2.617044448852539, loss_emb: 13.156784057617188
(4717019136, 23710007296)
Train Epoch: 20 [4500/33236 (14%)], loss_enc: 23.907752990722656, loss 2.1101036071777344, loss_emb: 4.423949241638184
(4717019136, 23710007296)
Train Epoch: 20 [5000/33236 (15%)], loss_enc: 46.48951721191406, loss 3.1432900428771973, loss_emb: 12.920473098754883
(4717019136, 23710007296)
Train Epoch: 20 [5500/33236 (17%)], loss_enc: 29.073257446289062, loss 2.54270076751709, loss_emb: 4.976413726806641
(4717019136, 23710007296)
Train Epoch: 20 [6000/33236 (18%)], loss_enc: 43.06826400756836, loss 2.579096794128418, loss_emb: 12.452277183532715
(4717019136, 23710007296)
Train Epoch: 20 [6500/33236 (20%)], loss_enc: 39.540382385253906, loss 2.3296289443969727, loss_emb: 10.042837142944336
(4717019136, 23710007296)
Train Epoch: 20 [7000/33236 (21%)], loss_enc: 38.147010803222656, loss 2.7090792655944824, loss_emb: 9.969245910644531
(4717019136, 23710007296)
Train Epoch: 20 [7500/33236 (23%)], loss_enc: 34.76544189453125, loss 2.679866075515747, loss_emb: 5.927545547485352
(4717019136, 23710007296)
Train Epoch: 20 [8000/33236 (24%)], loss_enc: 40.77226638793945, loss 2.3348867893218994, loss_emb: 9.891940116882324
(4717019136, 23710007296)
Train Epoch: 20 [8500/33236 (26%)], loss_enc: 42.723228454589844, loss 2.450237989425659, loss_emb: 10.896819114685059
(4717019136, 23710007296)
Train Epoch: 20 [9000/33236 (27%)], loss_enc: 41.780364990234375, loss 2.9287774562835693, loss_emb: 10.473980903625488
(4717019136, 23710007296)
Train Epoch: 20 [9500/33236 (29%)], loss_enc: 45.721221923828125, loss 2.8004980087280273, loss_emb: 12.488754272460938
(4717019136, 23710007296)
Train Epoch: 20 [10000/33236 (30%)], loss_enc: 37.817691802978516, loss 2.460658311843872, loss_emb: 8.477925300598145
(4717019136, 23710007296)
Train Epoch: 20 [10500/33236 (32%)], loss_enc: 35.02275848388672, loss 2.287604331970215, loss_emb: 8.422621726989746
(4717019136, 23710007296)
Train Epoch: 20 [11000/33236 (33%)], loss_enc: 40.338294982910156, loss 2.6176469326019287, loss_emb: 10.638338088989258
(4717019136, 23710007296)
Train Epoch: 20 [11500/33236 (35%)], loss_enc: 42.70351028442383, loss 2.495992422103882, loss_emb: 11.904167175292969
(4717019136, 23710007296)
Train Epoch: 20 [12000/33236 (36%)], loss_enc: 35.15798568725586, loss 2.605487585067749, loss_emb: 8.706849098205566
(4717019136, 23710007296)
Train Epoch: 20 [12500/33236 (38%)], loss_enc: 39.39087677001953, loss 2.4978368282318115, loss_emb: 11.186712265014648
(4717019136, 23710007296)
Train Epoch: 20 [13000/33236 (39%)], loss_enc: 37.255924224853516, loss 2.522639274597168, loss_emb: 10.520156860351562
(4717019136, 23710007296)
Train Epoch: 20 [13500/33236 (41%)], loss_enc: 37.25602340698242, loss 2.56040620803833, loss_emb: 7.665750980377197
(4717019136, 23710007296)
Train Epoch: 20 [14000/33236 (42%)], loss_enc: 38.761898040771484, loss 2.4808244705200195, loss_emb: 9.733570098876953
(4717019136, 23710007296)
Train Epoch: 20 [14500/33236 (44%)], loss_enc: 29.90146827697754, loss 2.181467294692993, loss_emb: 5.261022090911865
(4717019136, 23710007296)
Train Epoch: 20 [15000/33236 (45%)], loss_enc: 41.62648010253906, loss 2.516683578491211, loss_emb: 10.875030517578125
(4717019136, 23710007296)
Train Epoch: 20 [15500/33236 (47%)], loss_enc: 35.28407669067383, loss 2.4651122093200684, loss_emb: 6.618114471435547
(4717019136, 23710007296)
Train Epoch: 20 [16000/33236 (48%)], loss_enc: 46.567142486572266, loss 2.8356246948242188, loss_emb: 12.547530174255371
(4717019136, 23710007296)
Train Epoch: 20 [16500/33236 (50%)], loss_enc: 33.79254913330078, loss 2.33416748046875, loss_emb: 8.106669425964355
(4717019136, 23710007296)
Train Epoch: 20 [17000/33236 (51%)], loss_enc: 45.56499481201172, loss 3.1164965629577637, loss_emb: 14.183318138122559
(4717019136, 23710007296)
Train Epoch: 20 [17500/33236 (53%)], loss_enc: 37.53167724609375, loss 2.6474831104278564, loss_emb: 8.389613151550293
(4717019136, 23710007296)
Train Epoch: 20 [18000/33236 (54%)], loss_enc: 33.15045166015625, loss 2.210696220397949, loss_emb: 7.449098110198975
(4717019136, 23710007296)
Train Epoch: 20 [18500/33236 (56%)], loss_enc: 34.974246978759766, loss 2.443552255630493, loss_emb: 7.131370544433594
(4717019136, 23710007296)
Train Epoch: 20 [19000/33236 (57%)], loss_enc: 34.43467712402344, loss 2.1923656463623047, loss_emb: 7.818631172180176
(4717019136, 23710007296)
Train Epoch: 20 [19500/33236 (59%)], loss_enc: 41.55352020263672, loss 2.8644886016845703, loss_emb: 8.589044570922852
(4717019136, 23710007296)
Train Epoch: 20 [20000/33236 (60%)], loss_enc: 41.79603576660156, loss 2.6809427738189697, loss_emb: 10.497962951660156
(4717019136, 23710007296)
Train Epoch: 20 [20500/33236 (62%)], loss_enc: 43.14094161987305, loss 2.307304620742798, loss_emb: 12.045125007629395
(4717019136, 23710007296)
Train Epoch: 20 [21000/33236 (63%)], loss_enc: 46.561851501464844, loss 3.1352081298828125, loss_emb: 12.943814277648926
(4717019136, 23710007296)
Train Epoch: 20 [21500/33236 (65%)], loss_enc: 39.691986083984375, loss 2.8911099433898926, loss_emb: 8.01353931427002
(4717019136, 23710007296)
Train Epoch: 20 [22000/33236 (66%)], loss_enc: 39.41130447387695, loss 2.634350299835205, loss_emb: 11.552919387817383
(4717019136, 23710007296)
Train Epoch: 20 [22500/33236 (68%)], loss_enc: 44.67060470581055, loss 2.3559176921844482, loss_emb: 12.945917129516602
(4717019136, 23710007296)
Train Epoch: 20 [23000/33236 (69%)], loss_enc: 38.859535217285156, loss 2.878781318664551, loss_emb: 10.727356910705566
(4717019136, 23710007296)
Train Epoch: 20 [23500/33236 (71%)], loss_enc: 39.057655334472656, loss 2.8343069553375244, loss_emb: 8.220909118652344
(4717019136, 23710007296)
Train Epoch: 20 [24000/33236 (72%)], loss_enc: 43.911468505859375, loss 2.6033174991607666, loss_emb: 14.131339073181152
(4717019136, 23710007296)
Train Epoch: 20 [24500/33236 (74%)], loss_enc: 39.40884780883789, loss 3.094337224960327, loss_emb: 9.809468269348145
(4717019136, 23710007296)
Train Epoch: 20 [25000/33236 (75%)], loss_enc: 37.93636703491211, loss 2.40861177444458, loss_emb: 10.444197654724121
(4717019136, 23710007296)
Train Epoch: 20 [25500/33236 (77%)], loss_enc: 25.091073989868164, loss 2.1214747428894043, loss_emb: 5.373982906341553
(4717019136, 23710007296)
Train Epoch: 20 [26000/33236 (78%)], loss_enc: 49.189598083496094, loss 3.24593186378479, loss_emb: 15.684722900390625
(4717019136, 23710007296)
Train Epoch: 20 [26500/33236 (80%)], loss_enc: 46.17566680908203, loss 2.7410120964050293, loss_emb: 14.876193046569824
(4717019136, 23710007296)
Train Epoch: 20 [27000/33236 (81%)], loss_enc: 41.2485237121582, loss 2.7514185905456543, loss_emb: 9.885956764221191
(4717019136, 23710007296)
Train Epoch: 20 [27500/33236 (83%)], loss_enc: 37.0959358215332, loss 2.7512598037719727, loss_emb: 7.407414436340332
(4717019136, 23710007296)
Train Epoch: 20 [28000/33236 (84%)], loss_enc: 32.21113586425781, loss 2.2755558490753174, loss_emb: 8.405348777770996
(4717019136, 23710007296)
Train Epoch: 20 [28500/33236 (86%)], loss_enc: 37.857505798339844, loss 2.44340443611145, loss_emb: 9.76937198638916
(4717019136, 23710007296)
Train Epoch: 20 [29000/33236 (87%)], loss_enc: 43.59402847290039, loss 2.5706655979156494, loss_emb: 12.692702293395996
(4717019136, 23710007296)
Train Epoch: 20 [29500/33236 (89%)], loss_enc: 45.57327651977539, loss 3.1938071250915527, loss_emb: 14.044455528259277
(4717019136, 23710007296)
Train Epoch: 20 [30000/33236 (90%)], loss_enc: 38.261016845703125, loss 2.336801767349243, loss_emb: 8.008562088012695
(4717019136, 23710007296)
Train Epoch: 20 [30500/33236 (92%)], loss_enc: 44.79512405395508, loss 2.7950708866119385, loss_emb: 15.544215202331543
(4717019136, 23710007296)
Train Epoch: 20 [31000/33236 (93%)], loss_enc: 37.45967102050781, loss 2.5828909873962402, loss_emb: 7.825927734375
(4717019136, 23710007296)
Train Epoch: 20 [31500/33236 (95%)], loss_enc: 33.60718536376953, loss 2.2859487533569336, loss_emb: 6.871356964111328
(4717019136, 23710007296)
Train Epoch: 20 [32000/33236 (96%)], loss_enc: 28.591304779052734, loss 2.1357054710388184, loss_emb: 5.249385833740234
(4717019136, 23710007296)
Train Epoch: 20 [32500/33236 (98%)], loss_enc: 35.67109298706055, loss 2.4968433380126953, loss_emb: 7.645906925201416
(4717019136, 23710007296)
Train Epoch: 20 [33000/33236 (99%)], loss_enc: 40.41657257080078, loss 2.6683225631713867, loss_emb: 10.647177696228027
----------------------------------------Epoch: 21----------------------------------------
(4717019136, 23710007296)
Train Epoch: 21 [0/33236 (0%)], loss_enc: 42.950767517089844, loss 2.778547525405884, loss_emb: 10.563214302062988
(4717019136, 23710007296)
Train Epoch: 21 [500/33236 (2%)], loss_enc: 39.393768310546875, loss 3.073653221130371, loss_emb: 8.098472595214844
(4717019136, 23710007296)
Train Epoch: 21 [1000/33236 (3%)], loss_enc: 39.18714904785156, loss 2.388345241546631, loss_emb: 8.336443901062012
(4717019136, 23710007296)
Train Epoch: 21 [1500/33236 (5%)], loss_enc: 46.723026275634766, loss 3.0581154823303223, loss_emb: 14.651379585266113
(4717019136, 23710007296)
Train Epoch: 21 [2000/33236 (6%)], loss_enc: 39.34294509887695, loss 2.628152847290039, loss_emb: 8.79672908782959
(4717019136, 23710007296)
Train Epoch: 21 [2500/33236 (8%)], loss_enc: 34.16102600097656, loss 2.405219078063965, loss_emb: 6.499782085418701
(4717019136, 23710007296)
Train Epoch: 21 [3000/33236 (9%)], loss_enc: 35.01085662841797, loss 2.3974387645721436, loss_emb: 7.776782512664795
(4717019136, 23710007296)
Train Epoch: 21 [3500/33236 (11%)], loss_enc: 43.60517120361328, loss 2.991670608520508, loss_emb: 9.60938835144043
(4717019136, 23710007296)
Train Epoch: 21 [4000/33236 (12%)], loss_enc: 38.49993896484375, loss 2.615035057067871, loss_emb: 7.669345855712891
(4717019136, 23710007296)
Train Epoch: 21 [4500/33236 (14%)], loss_enc: 38.785606384277344, loss 2.425994396209717, loss_emb: 9.995330810546875
(4717019136, 23710007296)
Train Epoch: 21 [5000/33236 (15%)], loss_enc: 40.76620101928711, loss 2.3151094913482666, loss_emb: 12.552750587463379
(4717019136, 23710007296)
Train Epoch: 21 [5500/33236 (17%)], loss_enc: 36.2972526550293, loss 2.2735159397125244, loss_emb: 9.400540351867676
(4717019136, 23710007296)
Train Epoch: 21 [6000/33236 (18%)], loss_enc: 26.933256149291992, loss 1.681868076324463, loss_emb: 6.011013507843018
(4717019136, 23710007296)
Train Epoch: 21 [6500/33236 (20%)], loss_enc: 34.815731048583984, loss 2.482356548309326, loss_emb: 5.646899223327637
(4717019136, 23710007296)
Train Epoch: 21 [7000/33236 (21%)], loss_enc: 43.560420989990234, loss 2.8461170196533203, loss_emb: 11.907648086547852
(4717019136, 23710007296)
Train Epoch: 21 [7500/33236 (23%)], loss_enc: 39.83810043334961, loss 2.719773292541504, loss_emb: 11.850773811340332
(4717019136, 23710007296)
Train Epoch: 21 [8000/33236 (24%)], loss_enc: 35.0184440612793, loss 2.195347547531128, loss_emb: 9.118758201599121
(4717019136, 23710007296)
Train Epoch: 21 [8500/33236 (26%)], loss_enc: 42.45970916748047, loss 2.6027143001556396, loss_emb: 13.0352201461792
(4717019136, 23710007296)
Train Epoch: 21 [9000/33236 (27%)], loss_enc: 40.303504943847656, loss 2.4539711475372314, loss_emb: 9.063029289245605
(4717019136, 23710007296)
Train Epoch: 21 [9500/33236 (29%)], loss_enc: 40.04005432128906, loss 2.5036821365356445, loss_emb: 12.067904472351074
(4717019136, 23710007296)
Train Epoch: 21 [10000/33236 (30%)], loss_enc: 29.356407165527344, loss 2.396369695663452, loss_emb: 4.401926517486572
(4717019136, 23710007296)
Train Epoch: 21 [10500/33236 (32%)], loss_enc: 49.71034622192383, loss 2.8562254905700684, loss_emb: 17.432453155517578
(4717019136, 23710007296)
Train Epoch: 21 [11000/33236 (33%)], loss_enc: 41.37428283691406, loss 2.577998638153076, loss_emb: 10.700410842895508
(4717019136, 23710007296)
Train Epoch: 21 [11500/33236 (35%)], loss_enc: 29.71428680419922, loss 2.613797664642334, loss_emb: 4.793613433837891
(4717019136, 23710007296)
Train Epoch: 21 [12000/33236 (36%)], loss_enc: 36.74037551879883, loss 2.5886263847351074, loss_emb: 7.2585129737854
(4717019136, 23710007296)
Train Epoch: 21 [12500/33236 (38%)], loss_enc: 26.46395492553711, loss 1.7847951650619507, loss_emb: 5.338399410247803
(4717019136, 23710007296)
Train Epoch: 21 [13000/33236 (39%)], loss_enc: 36.792945861816406, loss 2.249030590057373, loss_emb: 8.917695999145508
(4717019136, 23710007296)
Train Epoch: 21 [13500/33236 (41%)], loss_enc: 40.607452392578125, loss 2.538224697113037, loss_emb: 9.825634956359863
(4717019136, 23710007296)
Train Epoch: 21 [14000/33236 (42%)], loss_enc: 40.62113952636719, loss 2.5288283824920654, loss_emb: 12.055696487426758
(4717019136, 23710007296)
Train Epoch: 21 [14500/33236 (44%)], loss_enc: 32.30413818359375, loss 2.169720411300659, loss_emb: 5.889222145080566
(4717019136, 23710007296)
Train Epoch: 21 [15000/33236 (45%)], loss_enc: 50.607337951660156, loss 3.370293617248535, loss_emb: 15.00414752960205
(4717019136, 23710007296)
Train Epoch: 21 [15500/33236 (47%)], loss_enc: 46.3453254699707, loss 2.596858024597168, loss_emb: 12.8934326171875
(4717019136, 23710007296)
Train Epoch: 21 [16000/33236 (48%)], loss_enc: 37.27241516113281, loss 2.4672141075134277, loss_emb: 9.460789680480957
(4717019136, 23710007296)
Train Epoch: 21 [16500/33236 (50%)], loss_enc: 37.18448257446289, loss 2.6024575233459473, loss_emb: 9.221724510192871
(4717019136, 23710007296)
Train Epoch: 21 [17000/33236 (51%)], loss_enc: 40.908843994140625, loss 2.759178400039673, loss_emb: 10.4666748046875
(4717019136, 23710007296)
Train Epoch: 21 [17500/33236 (53%)], loss_enc: 41.44559860229492, loss 2.97705340385437, loss_emb: 11.121235847473145
(4717019136, 23710007296)
Train Epoch: 21 [18000/33236 (54%)], loss_enc: 39.71031951904297, loss 2.558525800704956, loss_emb: 11.443514823913574
(4717019136, 23710007296)
Train Epoch: 21 [18500/33236 (56%)], loss_enc: 41.492919921875, loss 2.859980344772339, loss_emb: 9.212699890136719
(4717019136, 23710007296)
Train Epoch: 21 [19000/33236 (57%)], loss_enc: 32.82524108886719, loss 2.4976704120635986, loss_emb: 6.488616943359375
(4717019136, 23710007296)
Train Epoch: 21 [19500/33236 (59%)], loss_enc: 45.89938735961914, loss 3.125472068786621, loss_emb: 12.38032054901123
(4717019136, 23710007296)
Train Epoch: 21 [20000/33236 (60%)], loss_enc: 32.700992584228516, loss 2.2383460998535156, loss_emb: 8.567193031311035
(4717019136, 23710007296)
Train Epoch: 21 [20500/33236 (62%)], loss_enc: 31.611051559448242, loss 2.4787795543670654, loss_emb: 7.44710111618042
(4717019136, 23710007296)
Train Epoch: 21 [21000/33236 (63%)], loss_enc: 43.94244384765625, loss 2.6261188983917236, loss_emb: 11.886618614196777
(4717019136, 23710007296)
Train Epoch: 21 [21500/33236 (65%)], loss_enc: 36.72776794433594, loss 2.567910671234131, loss_emb: 7.875524997711182
(4717019136, 23710007296)
Train Epoch: 21 [22000/33236 (66%)], loss_enc: 35.705352783203125, loss 2.3202970027923584, loss_emb: 8.642966270446777
(4717019136, 23710007296)
Train Epoch: 21 [22500/33236 (68%)], loss_enc: 36.448089599609375, loss 2.8086254596710205, loss_emb: 8.37420654296875
(4717019136, 23710007296)
Train Epoch: 21 [23000/33236 (69%)], loss_enc: 33.192626953125, loss 2.4044947624206543, loss_emb: 6.362929821014404
(4717019136, 23710007296)
Train Epoch: 21 [23500/33236 (71%)], loss_enc: 30.56873893737793, loss 2.2435834407806396, loss_emb: 5.9150309562683105
(4717019136, 23710007296)
Train Epoch: 21 [24000/33236 (72%)], loss_enc: 37.09100341796875, loss 2.6057145595550537, loss_emb: 8.585490226745605
(4717019136, 23710007296)
Train Epoch: 21 [24500/33236 (74%)], loss_enc: 32.72236251831055, loss 2.44058895111084, loss_emb: 8.359903335571289
(4717019136, 23710007296)
Train Epoch: 21 [25000/33236 (75%)], loss_enc: 41.848934173583984, loss 3.0533056259155273, loss_emb: 10.442017555236816
(4717019136, 23710007296)
Train Epoch: 21 [25500/33236 (77%)], loss_enc: 31.42622947692871, loss 2.822688579559326, loss_emb: 7.921535015106201
(4717019136, 23710007296)
Train Epoch: 21 [26000/33236 (78%)], loss_enc: 47.562904357910156, loss 2.8443899154663086, loss_emb: 13.134353637695312
(4717019136, 23710007296)
Train Epoch: 21 [26500/33236 (80%)], loss_enc: 37.14715576171875, loss 2.6485657691955566, loss_emb: 9.241607666015625
(4717019136, 23710007296)
Train Epoch: 21 [27000/33236 (81%)], loss_enc: 38.39226150512695, loss 2.5132200717926025, loss_emb: 7.222233772277832
(4717019136, 23710007296)
Train Epoch: 21 [27500/33236 (83%)], loss_enc: 49.16653823852539, loss 3.3005714416503906, loss_emb: 15.123809814453125
(4717019136, 23710007296)
Train Epoch: 21 [28000/33236 (84%)], loss_enc: 38.0760612487793, loss 2.3097128868103027, loss_emb: 8.366534233093262
(4717019136, 23710007296)
Train Epoch: 21 [28500/33236 (86%)], loss_enc: 32.404571533203125, loss 2.3511857986450195, loss_emb: 6.673266887664795
(4717019136, 23710007296)
Train Epoch: 21 [29000/33236 (87%)], loss_enc: 39.526485443115234, loss 2.6083967685699463, loss_emb: 9.029303550720215
(4717019136, 23710007296)
Train Epoch: 21 [29500/33236 (89%)], loss_enc: 41.13377380371094, loss 2.793137311935425, loss_emb: 11.13012981414795
(4717019136, 23710007296)
Train Epoch: 21 [30000/33236 (90%)], loss_enc: 30.35858154296875, loss 2.159635066986084, loss_emb: 6.497317790985107
(4717019136, 23710007296)
Train Epoch: 21 [30500/33236 (92%)], loss_enc: 36.79147720336914, loss 2.266967535018921, loss_emb: 7.082511901855469
(4717019136, 23710007296)
Train Epoch: 21 [31000/33236 (93%)], loss_enc: 33.326942443847656, loss 2.538928747177124, loss_emb: 8.246439933776855
(4717019136, 23710007296)
Train Epoch: 21 [31500/33236 (95%)], loss_enc: 42.78727340698242, loss 2.5708529949188232, loss_emb: 10.57985782623291
(4717019136, 23710007296)
Train Epoch: 21 [32000/33236 (96%)], loss_enc: 43.26383590698242, loss 2.818471908569336, loss_emb: 11.085524559020996
(4717019136, 23710007296)
Train Epoch: 21 [32500/33236 (98%)], loss_enc: 43.238826751708984, loss 2.6302754878997803, loss_emb: 12.136614799499512
(4717019136, 23710007296)
Train Epoch: 21 [33000/33236 (99%)], loss_enc: 33.795753479003906, loss 2.3474578857421875, loss_emb: 5.681785583496094
----------------------------------------Epoch: 22----------------------------------------
(4717019136, 23710007296)
Train Epoch: 22 [0/33236 (0%)], loss_enc: 38.894126892089844, loss 2.7107603549957275, loss_emb: 9.42868423461914
(4717019136, 23710007296)
Train Epoch: 22 [500/33236 (2%)], loss_enc: 38.07339096069336, loss 2.720538377761841, loss_emb: 10.173012733459473
(4717019136, 23710007296)
Train Epoch: 22 [1000/33236 (3%)], loss_enc: 39.510623931884766, loss 2.4531304836273193, loss_emb: 8.670698165893555
(4717019136, 23710007296)
Train Epoch: 22 [1500/33236 (5%)], loss_enc: 36.84027099609375, loss 2.3406975269317627, loss_emb: 10.85617733001709
(4717019136, 23710007296)
Train Epoch: 22 [2000/33236 (6%)], loss_enc: 39.047122955322266, loss 2.2983345985412598, loss_emb: 10.405674934387207
(4717019136, 23710007296)
Train Epoch: 22 [2500/33236 (8%)], loss_enc: 51.34211730957031, loss 2.7787880897521973, loss_emb: 14.942438125610352
(4717019136, 23710007296)
Train Epoch: 22 [3000/33236 (9%)], loss_enc: 38.430076599121094, loss 2.624526023864746, loss_emb: 9.283514976501465
(4717019136, 23710007296)
Train Epoch: 22 [3500/33236 (11%)], loss_enc: 37.15220642089844, loss 2.7160284519195557, loss_emb: 7.492208003997803
(4717019136, 23710007296)
Train Epoch: 22 [4000/33236 (12%)], loss_enc: 30.410152435302734, loss 2.388383388519287, loss_emb: 8.560393333435059
(4717019136, 23710007296)
Train Epoch: 22 [4500/33236 (14%)], loss_enc: 50.5478630065918, loss 2.811277151107788, loss_emb: 15.941052436828613
(4717019136, 23710007296)
Train Epoch: 22 [5000/33236 (15%)], loss_enc: 33.3192138671875, loss 2.393275499343872, loss_emb: 6.890968322753906
(4717019136, 23710007296)
Train Epoch: 22 [5500/33236 (17%)], loss_enc: 41.79005813598633, loss 2.597280740737915, loss_emb: 10.469832420349121
(4717019136, 23710007296)
Train Epoch: 22 [6000/33236 (18%)], loss_enc: 37.18703842163086, loss 2.3140194416046143, loss_emb: 8.748751640319824
(4717019136, 23710007296)
Train Epoch: 22 [6500/33236 (20%)], loss_enc: 40.6600456237793, loss 2.57661509513855, loss_emb: 10.25436782836914
(4717019136, 23710007296)
Train Epoch: 22 [7000/33236 (21%)], loss_enc: 37.71482849121094, loss 2.603334426879883, loss_emb: 9.24271297454834
(4717019136, 23710007296)
Train Epoch: 22 [7500/33236 (23%)], loss_enc: 45.35620880126953, loss 2.842149257659912, loss_emb: 12.63253116607666
(4717019136, 23710007296)
Train Epoch: 22 [8000/33236 (24%)], loss_enc: 33.71751022338867, loss 2.215224266052246, loss_emb: 6.236431121826172
(4717019136, 23710007296)
Train Epoch: 22 [8500/33236 (26%)], loss_enc: 35.558685302734375, loss 2.483065605163574, loss_emb: 6.155868053436279
(4717019136, 23710007296)
Train Epoch: 22 [9000/33236 (27%)], loss_enc: 43.57328796386719, loss 2.9462459087371826, loss_emb: 9.478754997253418
(4717019136, 23710007296)
Train Epoch: 22 [9500/33236 (29%)], loss_enc: 23.92783546447754, loss 1.7531932592391968, loss_emb: 4.343458652496338
(4717019136, 23710007296)
Train Epoch: 22 [10000/33236 (30%)], loss_enc: 36.81273651123047, loss 3.0035858154296875, loss_emb: 9.016493797302246
(4717019136, 23710007296)
Train Epoch: 22 [10500/33236 (32%)], loss_enc: 35.831661224365234, loss 2.805060863494873, loss_emb: 6.956065654754639
(4717019136, 23710007296)
Train Epoch: 22 [11000/33236 (33%)], loss_enc: 41.55245590209961, loss 2.569178342819214, loss_emb: 9.960692405700684
(4717019136, 23710007296)
Train Epoch: 22 [11500/33236 (35%)], loss_enc: 37.77192306518555, loss 2.8585500717163086, loss_emb: 7.847970485687256
(4717019136, 23710007296)
Train Epoch: 22 [12000/33236 (36%)], loss_enc: 42.538673400878906, loss 3.0795481204986572, loss_emb: 10.598185539245605
(4717019136, 23710007296)
Train Epoch: 22 [12500/33236 (38%)], loss_enc: 36.675968170166016, loss 2.6450858116149902, loss_emb: 7.103025913238525
(4717019136, 23710007296)
Train Epoch: 22 [13000/33236 (39%)], loss_enc: 40.191673278808594, loss 2.4203410148620605, loss_emb: 11.598388671875
(4717019136, 23710007296)
Train Epoch: 22 [13500/33236 (41%)], loss_enc: 38.77420425415039, loss 2.6101083755493164, loss_emb: 9.346368789672852
(4717019136, 23710007296)
Train Epoch: 22 [14000/33236 (42%)], loss_enc: 41.804420471191406, loss 2.80267596244812, loss_emb: 9.371909141540527
(4717019136, 23710007296)
Train Epoch: 22 [14500/33236 (44%)], loss_enc: 34.13544464111328, loss 2.4306044578552246, loss_emb: 8.504352569580078
(4717019136, 23710007296)
Train Epoch: 22 [15000/33236 (45%)], loss_enc: 36.59135437011719, loss 2.6842095851898193, loss_emb: 7.924035549163818
(4717019136, 23710007296)
Train Epoch: 22 [15500/33236 (47%)], loss_enc: 37.678279876708984, loss 2.8008358478546143, loss_emb: 8.553780555725098
(4717019136, 23710007296)
Train Epoch: 22 [16000/33236 (48%)], loss_enc: 35.53847885131836, loss 2.6288392543792725, loss_emb: 7.699634075164795
(4717019136, 23710007296)
Train Epoch: 22 [16500/33236 (50%)], loss_enc: 42.86781692504883, loss 3.1364998817443848, loss_emb: 11.400385856628418
(4717019136, 23710007296)
Train Epoch: 22 [17000/33236 (51%)], loss_enc: 45.69841003417969, loss 2.801553249359131, loss_emb: 13.755950927734375
(4717019136, 23710007296)
Train Epoch: 22 [17500/33236 (53%)], loss_enc: 35.435646057128906, loss 2.197658061981201, loss_emb: 9.72563362121582
(4717019136, 23710007296)
Train Epoch: 22 [18000/33236 (54%)], loss_enc: 43.04126739501953, loss 2.478090763092041, loss_emb: 11.01439094543457
(4717019136, 23710007296)
Train Epoch: 22 [18500/33236 (56%)], loss_enc: 40.83711242675781, loss 2.4973554611206055, loss_emb: 10.378933906555176
(4717019136, 23710007296)
Train Epoch: 22 [19000/33236 (57%)], loss_enc: 46.37900924682617, loss 2.5517466068267822, loss_emb: 14.490988731384277
(4717019136, 23710007296)
Train Epoch: 22 [19500/33236 (59%)], loss_enc: 45.070945739746094, loss 2.5270798206329346, loss_emb: 12.167670249938965
(4717019136, 23710007296)
Train Epoch: 22 [20000/33236 (60%)], loss_enc: 37.784507751464844, loss 2.564138650894165, loss_emb: 11.608745574951172
(4717019136, 23710007296)
Train Epoch: 22 [20500/33236 (62%)], loss_enc: 36.24582290649414, loss 2.400190830230713, loss_emb: 9.722335815429688
(4717019136, 23710007296)
Train Epoch: 22 [21000/33236 (63%)], loss_enc: 40.06493377685547, loss 2.5609748363494873, loss_emb: 9.80701732635498
(4717019136, 23710007296)
Train Epoch: 22 [21500/33236 (65%)], loss_enc: 35.663726806640625, loss 2.4322938919067383, loss_emb: 8.185709953308105
(4717019136, 23710007296)
Train Epoch: 22 [22000/33236 (66%)], loss_enc: 31.253986358642578, loss 2.351691246032715, loss_emb: 5.8674139976501465
(4717019136, 23710007296)
Train Epoch: 22 [22500/33236 (68%)], loss_enc: 40.47247314453125, loss 2.6763691902160645, loss_emb: 10.04668140411377
(4717019136, 23710007296)
Train Epoch: 22 [23000/33236 (69%)], loss_enc: 42.44435119628906, loss 2.6191813945770264, loss_emb: 10.447311401367188
(4717019136, 23710007296)
Train Epoch: 22 [23500/33236 (71%)], loss_enc: 39.77436828613281, loss 2.6736245155334473, loss_emb: 9.007967948913574
(4717019136, 23710007296)
Train Epoch: 22 [24000/33236 (72%)], loss_enc: 42.53045654296875, loss 2.8514132499694824, loss_emb: 12.000332832336426
(4717019136, 23710007296)
Train Epoch: 22 [24500/33236 (74%)], loss_enc: 35.358734130859375, loss 2.51401686668396, loss_emb: 9.494597434997559
(4717019136, 23710007296)
Train Epoch: 22 [25000/33236 (75%)], loss_enc: 42.28499984741211, loss 2.469900608062744, loss_emb: 10.818770408630371
(4717019136, 23710007296)
Train Epoch: 22 [25500/33236 (77%)], loss_enc: 35.78662872314453, loss 2.333895206451416, loss_emb: 9.166592597961426
(4717019136, 23710007296)
Train Epoch: 22 [26000/33236 (78%)], loss_enc: 37.128665924072266, loss 2.876605987548828, loss_emb: 5.843088150024414
(4717019136, 23710007296)
Train Epoch: 22 [26500/33236 (80%)], loss_enc: 37.15451431274414, loss 2.3925862312316895, loss_emb: 8.571101188659668
(4717019136, 23710007296)
Train Epoch: 22 [27000/33236 (81%)], loss_enc: 37.58212661743164, loss 2.335747003555298, loss_emb: 7.816758155822754
(4717019136, 23710007296)
Train Epoch: 22 [27500/33236 (83%)], loss_enc: 31.97124671936035, loss 2.2832438945770264, loss_emb: 4.302517414093018
(4717019136, 23710007296)
Train Epoch: 22 [28000/33236 (84%)], loss_enc: 45.06780242919922, loss 2.7499277591705322, loss_emb: 12.131645202636719
(4717019136, 23710007296)
Train Epoch: 22 [28500/33236 (86%)], loss_enc: 37.65784454345703, loss 2.5797791481018066, loss_emb: 7.710193634033203
(4717019136, 23710007296)
Train Epoch: 22 [29000/33236 (87%)], loss_enc: 34.82854080200195, loss 2.573427200317383, loss_emb: 6.89211893081665
(4717019136, 23710007296)
Train Epoch: 22 [29500/33236 (89%)], loss_enc: 42.87240982055664, loss 2.773637056350708, loss_emb: 8.893864631652832
(4717019136, 23710007296)
Train Epoch: 22 [30000/33236 (90%)], loss_enc: 33.70233154296875, loss 2.514981269836426, loss_emb: 5.805741310119629
(4717019136, 23710007296)
Train Epoch: 22 [30500/33236 (92%)], loss_enc: 44.656593322753906, loss 3.2107672691345215, loss_emb: 12.060927391052246
(4717019136, 23710007296)
Train Epoch: 22 [31000/33236 (93%)], loss_enc: 38.236907958984375, loss 2.749868392944336, loss_emb: 8.122201919555664
(4717019136, 23710007296)
Train Epoch: 22 [31500/33236 (95%)], loss_enc: 41.3130989074707, loss 2.712563991546631, loss_emb: 10.718594551086426
(4717019136, 23710007296)
Train Epoch: 22 [32000/33236 (96%)], loss_enc: 42.39968490600586, loss 2.383364677429199, loss_emb: 11.338360786437988
(4717019136, 23710007296)
Train Epoch: 22 [32500/33236 (98%)], loss_enc: 42.582679748535156, loss 2.664034843444824, loss_emb: 11.37972640991211
(4717019136, 23710007296)
Train Epoch: 22 [33000/33236 (99%)], loss_enc: 40.97538757324219, loss 2.50870418548584, loss_emb: 10.65813159942627
----------------------------------------Epoch: 23----------------------------------------
(4717019136, 23710007296)
Train Epoch: 23 [0/33236 (0%)], loss_enc: 40.70924758911133, loss 3.0898828506469727, loss_emb: 9.561078071594238
(4717019136, 23710007296)
Train Epoch: 23 [500/33236 (2%)], loss_enc: 40.140769958496094, loss 2.8166799545288086, loss_emb: 8.922930717468262
(4717019136, 23710007296)
Train Epoch: 23 [1000/33236 (3%)], loss_enc: 33.42333984375, loss 2.379756450653076, loss_emb: 6.839058876037598
(4717019136, 23710007296)
Train Epoch: 23 [1500/33236 (5%)], loss_enc: 41.08290481567383, loss 2.6168465614318848, loss_emb: 7.88586950302124
(4717019136, 23710007296)
Train Epoch: 23 [2000/33236 (6%)], loss_enc: 46.1085205078125, loss 2.5553245544433594, loss_emb: 13.2544584274292
(4717019136, 23710007296)
Train Epoch: 23 [2500/33236 (8%)], loss_enc: 41.83977508544922, loss 2.6629421710968018, loss_emb: 9.980454444885254
(4717019136, 23710007296)
Train Epoch: 23 [3000/33236 (9%)], loss_enc: 35.30381393432617, loss 2.3201205730438232, loss_emb: 9.646252632141113
(4717019136, 23710007296)
Train Epoch: 23 [3500/33236 (11%)], loss_enc: 33.02349090576172, loss 2.3138504028320312, loss_emb: 7.100975036621094
(4717019136, 23710007296)
Train Epoch: 23 [4000/33236 (12%)], loss_enc: 45.54541015625, loss 2.6880195140838623, loss_emb: 13.154495239257812
(4717019136, 23710007296)
Train Epoch: 23 [4500/33236 (14%)], loss_enc: 39.8459587097168, loss 2.585446357727051, loss_emb: 10.718735694885254
(4717019136, 23710007296)
Train Epoch: 23 [5000/33236 (15%)], loss_enc: 32.235626220703125, loss 2.422589063644409, loss_emb: 5.554664611816406
(4717019136, 23710007296)
Train Epoch: 23 [5500/33236 (17%)], loss_enc: 45.04938507080078, loss 2.9358646869659424, loss_emb: 10.997514724731445
(4717019136, 23710007296)
Train Epoch: 23 [6000/33236 (18%)], loss_enc: 47.670284271240234, loss 3.259817361831665, loss_emb: 14.330639839172363
(4717019136, 23710007296)
Train Epoch: 23 [6500/33236 (20%)], loss_enc: 38.57809066772461, loss 2.399339437484741, loss_emb: 9.752528190612793
(4717019136, 23710007296)
Train Epoch: 23 [7000/33236 (21%)], loss_enc: 40.319122314453125, loss 2.676983118057251, loss_emb: 9.851112365722656
(4717019136, 23710007296)
Train Epoch: 23 [7500/33236 (23%)], loss_enc: 30.481307983398438, loss 2.299008369445801, loss_emb: 6.506405830383301
(4717019136, 23710007296)
Train Epoch: 23 [8000/33236 (24%)], loss_enc: 38.11037063598633, loss 2.2294082641601562, loss_emb: 8.34643268585205
(4717019136, 23710007296)
Train Epoch: 23 [8500/33236 (26%)], loss_enc: 41.16511154174805, loss 2.560988426208496, loss_emb: 10.092432022094727
(4717019136, 23710007296)
Train Epoch: 23 [9000/33236 (27%)], loss_enc: 44.57174301147461, loss 2.911787271499634, loss_emb: 13.504910469055176
(4717019136, 23710007296)
Train Epoch: 23 [9500/33236 (29%)], loss_enc: 36.25311279296875, loss 2.727813482284546, loss_emb: 9.991348266601562
(4717019136, 23710007296)
Train Epoch: 23 [10000/33236 (30%)], loss_enc: 42.29186248779297, loss 3.128286600112915, loss_emb: 12.13465404510498
(4717019136, 23710007296)
Train Epoch: 23 [10500/33236 (32%)], loss_enc: 38.99441909790039, loss 2.7699997425079346, loss_emb: 9.298163414001465
(4717019136, 23710007296)
Train Epoch: 23 [11000/33236 (33%)], loss_enc: 44.417816162109375, loss 2.7775955200195312, loss_emb: 12.130858421325684
(4717019136, 23710007296)
Train Epoch: 23 [11500/33236 (35%)], loss_enc: 37.70807647705078, loss 2.6320643424987793, loss_emb: 9.161219596862793
(4717019136, 23710007296)
Train Epoch: 23 [12000/33236 (36%)], loss_enc: 39.19807815551758, loss 2.850955009460449, loss_emb: 9.28937816619873
(4717019136, 23710007296)
Train Epoch: 23 [12500/33236 (38%)], loss_enc: 42.43900680541992, loss 2.7371115684509277, loss_emb: 11.928874969482422
(4717019136, 23710007296)
Train Epoch: 23 [13000/33236 (39%)], loss_enc: 43.192588806152344, loss 2.8722569942474365, loss_emb: 12.475764274597168
(4717019136, 23710007296)
Train Epoch: 23 [13500/33236 (41%)], loss_enc: 35.642704010009766, loss 2.7330992221832275, loss_emb: 6.933692932128906
(4717019136, 23710007296)
Train Epoch: 23 [14000/33236 (42%)], loss_enc: 43.89595413208008, loss 2.7534196376800537, loss_emb: 7.466673374176025
(4717019136, 23710007296)
Train Epoch: 23 [14500/33236 (44%)], loss_enc: 44.6723747253418, loss 2.425283670425415, loss_emb: 12.644640922546387
(4717019136, 23710007296)
Train Epoch: 23 [15000/33236 (45%)], loss_enc: 41.789093017578125, loss 2.352118730545044, loss_emb: 11.572349548339844
(4717019136, 23710007296)
Train Epoch: 23 [15500/33236 (47%)], loss_enc: 31.29205322265625, loss 2.3614048957824707, loss_emb: 6.131414890289307
(4717019136, 23710007296)
Train Epoch: 23 [16000/33236 (48%)], loss_enc: 27.18370246887207, loss 1.8805631399154663, loss_emb: 6.353200435638428
(4717019136, 23710007296)
Train Epoch: 23 [16500/33236 (50%)], loss_enc: 37.55928039550781, loss 2.4141712188720703, loss_emb: 9.688570976257324
(4717019136, 23710007296)
Train Epoch: 23 [17000/33236 (51%)], loss_enc: 38.03572082519531, loss 2.381305456161499, loss_emb: 11.081561088562012
(4717019136, 23710007296)
Train Epoch: 23 [17500/33236 (53%)], loss_enc: 33.60197448730469, loss 2.5533924102783203, loss_emb: 7.784671306610107
(4717019136, 23710007296)
Train Epoch: 23 [18000/33236 (54%)], loss_enc: 40.2955436706543, loss 2.516596555709839, loss_emb: 12.833597183227539
(4717019136, 23710007296)
Train Epoch: 23 [18500/33236 (56%)], loss_enc: 39.39540481567383, loss 2.553553581237793, loss_emb: 9.306498527526855
(4717019136, 23710007296)
Train Epoch: 23 [19000/33236 (57%)], loss_enc: 45.236480712890625, loss 2.9420742988586426, loss_emb: 12.840738296508789
(4717019136, 23710007296)
Train Epoch: 23 [19500/33236 (59%)], loss_enc: 45.513084411621094, loss 2.6361770629882812, loss_emb: 14.809183120727539
(4717019136, 23710007296)
Train Epoch: 23 [20000/33236 (60%)], loss_enc: 40.70637130737305, loss 2.8426034450531006, loss_emb: 9.479266166687012
(4717019136, 23710007296)
Train Epoch: 23 [20500/33236 (62%)], loss_enc: 39.34446716308594, loss 2.1918632984161377, loss_emb: 12.71440601348877
(4717019136, 23710007296)
Train Epoch: 23 [21000/33236 (63%)], loss_enc: 40.18701934814453, loss 2.454655885696411, loss_emb: 9.811294555664062
(4717019136, 23710007296)
Train Epoch: 23 [21500/33236 (65%)], loss_enc: 32.855770111083984, loss 2.341073989868164, loss_emb: 4.481123924255371
(4717019136, 23710007296)
Train Epoch: 23 [22000/33236 (66%)], loss_enc: 36.686790466308594, loss 2.4435620307922363, loss_emb: 11.148994445800781
(4717019136, 23710007296)
Train Epoch: 23 [22500/33236 (68%)], loss_enc: 29.927261352539062, loss 1.9610346555709839, loss_emb: 5.747025489807129
(4717019136, 23710007296)
Train Epoch: 23 [23000/33236 (69%)], loss_enc: 33.59376525878906, loss 2.179605007171631, loss_emb: 8.896020889282227
(4717019136, 23710007296)
Train Epoch: 23 [23500/33236 (71%)], loss_enc: 43.34273910522461, loss 2.869539260864258, loss_emb: 10.874907493591309
(4717019136, 23710007296)
Train Epoch: 23 [24000/33236 (72%)], loss_enc: 38.85666275024414, loss 2.319803476333618, loss_emb: 9.800612449645996
(4717019136, 23710007296)
Train Epoch: 23 [24500/33236 (74%)], loss_enc: 42.23323059082031, loss 2.5151374340057373, loss_emb: 12.726816177368164
(4717019136, 23710007296)
Train Epoch: 23 [25000/33236 (75%)], loss_enc: 36.26620864868164, loss 2.7101502418518066, loss_emb: 8.300888061523438
(4717019136, 23710007296)
Train Epoch: 23 [25500/33236 (77%)], loss_enc: 36.7416877746582, loss 2.264150619506836, loss_emb: 8.352721214294434
(4717019136, 23710007296)
Train Epoch: 23 [26000/33236 (78%)], loss_enc: 41.68480682373047, loss 2.7154388427734375, loss_emb: 10.704380989074707
(4717019136, 23710007296)
Train Epoch: 23 [26500/33236 (80%)], loss_enc: 50.196327209472656, loss 2.7531142234802246, loss_emb: 16.070119857788086
(4717019136, 23710007296)
Train Epoch: 23 [27000/33236 (81%)], loss_enc: 36.35185241699219, loss 2.788301706314087, loss_emb: 11.759135246276855
(4717019136, 23710007296)
Train Epoch: 23 [27500/33236 (83%)], loss_enc: 41.28527069091797, loss 2.5816402435302734, loss_emb: 11.957572937011719
(4717019136, 23710007296)
Train Epoch: 23 [28000/33236 (84%)], loss_enc: 43.50328063964844, loss 3.3737223148345947, loss_emb: 12.589998245239258
(4717019136, 23710007296)
Train Epoch: 23 [28500/33236 (86%)], loss_enc: 28.29643440246582, loss 1.981005072593689, loss_emb: 5.350701808929443
(4717019136, 23710007296)
Train Epoch: 23 [29000/33236 (87%)], loss_enc: 39.243133544921875, loss 2.666449546813965, loss_emb: 9.527274131774902
(4717019136, 23710007296)
Train Epoch: 23 [29500/33236 (89%)], loss_enc: 41.904151916503906, loss 2.5292551517486572, loss_emb: 11.285914421081543
(4717019136, 23710007296)
Train Epoch: 23 [30000/33236 (90%)], loss_enc: 42.19646453857422, loss 2.73776912689209, loss_emb: 11.429339408874512
(4717019136, 23710007296)
Train Epoch: 23 [30500/33236 (92%)], loss_enc: 43.83319854736328, loss 2.7005927562713623, loss_emb: 12.041333198547363
(4717019136, 23710007296)
Train Epoch: 23 [31000/33236 (93%)], loss_enc: 40.70241165161133, loss 2.5816762447357178, loss_emb: 9.503582954406738
(4717019136, 23710007296)
Train Epoch: 23 [31500/33236 (95%)], loss_enc: 42.05310821533203, loss 2.5925910472869873, loss_emb: 11.650946617126465
(4717019136, 23710007296)
Train Epoch: 23 [32000/33236 (96%)], loss_enc: 38.123321533203125, loss 2.6156373023986816, loss_emb: 8.138373374938965
(4717019136, 23710007296)
Train Epoch: 23 [32500/33236 (98%)], loss_enc: 40.85859680175781, loss 2.66235089302063, loss_emb: 10.192340850830078
(4717019136, 23710007296)
Train Epoch: 23 [33000/33236 (99%)], loss_enc: 50.93128204345703, loss 2.901732921600342, loss_emb: 18.5331974029541
----------------------------------------Epoch: 24----------------------------------------
(4717019136, 23710007296)
Train Epoch: 24 [0/33236 (0%)], loss_enc: 43.58064270019531, loss 2.7245304584503174, loss_emb: 12.178176879882812
(4717019136, 23710007296)
Train Epoch: 24 [500/33236 (2%)], loss_enc: 39.75891876220703, loss 2.7011682987213135, loss_emb: 8.905509948730469
(4717019136, 23710007296)
Train Epoch: 24 [1000/33236 (3%)], loss_enc: 36.897804260253906, loss 2.91813588142395, loss_emb: 8.175880432128906
(4717019136, 23710007296)
Train Epoch: 24 [1500/33236 (5%)], loss_enc: 30.224245071411133, loss 2.514910936355591, loss_emb: 5.163032054901123
(4717019136, 23710007296)
Train Epoch: 24 [2000/33236 (6%)], loss_enc: 33.85175704956055, loss 2.1132309436798096, loss_emb: 9.251218795776367
(4717019136, 23710007296)
Train Epoch: 24 [2500/33236 (8%)], loss_enc: 44.19463348388672, loss 3.1518349647521973, loss_emb: 9.96287727355957
(4717019136, 23710007296)
Train Epoch: 24 [3000/33236 (9%)], loss_enc: 45.65509033203125, loss 2.5475428104400635, loss_emb: 14.52038860321045
(4717019136, 23710007296)
Train Epoch: 24 [3500/33236 (11%)], loss_enc: 37.144004821777344, loss 2.5373430252075195, loss_emb: 8.68675708770752
(4717019136, 23710007296)
Train Epoch: 24 [4000/33236 (12%)], loss_enc: 39.57466125488281, loss 2.3759071826934814, loss_emb: 10.805525779724121
(4717019136, 23710007296)
Train Epoch: 24 [4500/33236 (14%)], loss_enc: 38.2545166015625, loss 2.3705239295959473, loss_emb: 9.93342399597168
(4717019136, 23710007296)
Train Epoch: 24 [5000/33236 (15%)], loss_enc: 33.1220703125, loss 2.532430648803711, loss_emb: 6.905531406402588
(4717019136, 23710007296)
Train Epoch: 24 [5500/33236 (17%)], loss_enc: 39.56268310546875, loss 2.708106756210327, loss_emb: 8.650535583496094
(4717019136, 23710007296)
Train Epoch: 24 [6000/33236 (18%)], loss_enc: 44.68946838378906, loss 2.8726282119750977, loss_emb: 14.027094841003418
(4717019136, 23710007296)
Train Epoch: 24 [6500/33236 (20%)], loss_enc: 34.088417053222656, loss 2.1431314945220947, loss_emb: 8.102605819702148
(4717019136, 23710007296)
Train Epoch: 24 [7000/33236 (21%)], loss_enc: 38.3342399597168, loss 3.0135321617126465, loss_emb: 8.450032234191895
(4717019136, 23710007296)
Train Epoch: 24 [7500/33236 (23%)], loss_enc: 26.483795166015625, loss 1.9498519897460938, loss_emb: 4.14645528793335
(4717019136, 23710007296)
Train Epoch: 24 [8000/33236 (24%)], loss_enc: 38.294246673583984, loss 2.4305899143218994, loss_emb: 9.454327583312988
(4717019136, 23710007296)
Train Epoch: 24 [8500/33236 (26%)], loss_enc: 35.732662200927734, loss 2.4154458045959473, loss_emb: 9.140620231628418
(4717019136, 23710007296)
Train Epoch: 24 [9000/33236 (27%)], loss_enc: 32.9036750793457, loss 2.5960888862609863, loss_emb: 5.428211212158203
(4717019136, 23710007296)
Train Epoch: 24 [9500/33236 (29%)], loss_enc: 35.99956512451172, loss 2.3312411308288574, loss_emb: 9.336992263793945
(4717019136, 23710007296)
Train Epoch: 24 [10000/33236 (30%)], loss_enc: 48.331878662109375, loss 2.6790332794189453, loss_emb: 15.074012756347656
(4717019136, 23710007296)
Train Epoch: 24 [10500/33236 (32%)], loss_enc: 35.4860954284668, loss 2.7173545360565186, loss_emb: 7.855775356292725
(4717019136, 23710007296)
Train Epoch: 24 [11000/33236 (33%)], loss_enc: 42.897125244140625, loss 2.5128109455108643, loss_emb: 12.802154541015625
(4717019136, 23710007296)
Train Epoch: 24 [11500/33236 (35%)], loss_enc: 34.32275390625, loss 2.104218006134033, loss_emb: 8.202568054199219
(4717019136, 23710007296)
Train Epoch: 24 [12000/33236 (36%)], loss_enc: 45.18735885620117, loss 2.871737241744995, loss_emb: 15.105147361755371
(4717019136, 23710007296)
Train Epoch: 24 [12500/33236 (38%)], loss_enc: 43.27501678466797, loss 2.6577820777893066, loss_emb: 12.363076210021973
(4717019136, 23710007296)
Train Epoch: 24 [13000/33236 (39%)], loss_enc: 43.00312805175781, loss 2.7488527297973633, loss_emb: 12.19247055053711
(4717019136, 23710007296)
Train Epoch: 24 [13500/33236 (41%)], loss_enc: 34.498409271240234, loss 2.4093377590179443, loss_emb: 7.338597297668457
(4717019136, 23710007296)
Train Epoch: 24 [14000/33236 (42%)], loss_enc: 35.672298431396484, loss 2.4258978366851807, loss_emb: 9.38843822479248
(4717019136, 23710007296)
Train Epoch: 24 [14500/33236 (44%)], loss_enc: 34.55498123168945, loss 2.3295295238494873, loss_emb: 5.856057167053223
(4717019136, 23710007296)
Train Epoch: 24 [15000/33236 (45%)], loss_enc: 43.64027404785156, loss 2.893064260482788, loss_emb: 11.191736221313477
(4717019136, 23710007296)
Train Epoch: 24 [15500/33236 (47%)], loss_enc: 34.237667083740234, loss 2.7496249675750732, loss_emb: 6.728688716888428
(4717019136, 23710007296)
Train Epoch: 24 [16000/33236 (48%)], loss_enc: 48.05043029785156, loss 2.934673547744751, loss_emb: 14.531854629516602
(4717019136, 23710007296)
Train Epoch: 24 [16500/33236 (50%)], loss_enc: 44.794410705566406, loss 2.6996028423309326, loss_emb: 13.2494535446167
(4717019136, 23710007296)
Train Epoch: 24 [17000/33236 (51%)], loss_enc: 39.01730728149414, loss 2.4850454330444336, loss_emb: 10.784796714782715
(4717019136, 23710007296)
Train Epoch: 24 [17500/33236 (53%)], loss_enc: 38.45222091674805, loss 2.6339077949523926, loss_emb: 9.359602928161621
(4717019136, 23710007296)
Train Epoch: 24 [18000/33236 (54%)], loss_enc: 39.63227462768555, loss 2.43998122215271, loss_emb: 11.683370590209961
(4717019136, 23710007296)
Train Epoch: 24 [18500/33236 (56%)], loss_enc: 28.644763946533203, loss 2.2451677322387695, loss_emb: 2.956641912460327
(4717019136, 23710007296)
Train Epoch: 24 [19000/33236 (57%)], loss_enc: 38.412811279296875, loss 2.511469841003418, loss_emb: 9.787117004394531
(4717019136, 23710007296)
Train Epoch: 24 [19500/33236 (59%)], loss_enc: 44.544227600097656, loss 2.687457799911499, loss_emb: 13.741427421569824
(4717019136, 23710007296)
Train Epoch: 24 [20000/33236 (60%)], loss_enc: 29.2414608001709, loss 2.1720521450042725, loss_emb: 4.986026287078857
(4717019136, 23710007296)
Train Epoch: 24 [20500/33236 (62%)], loss_enc: 29.349748611450195, loss 1.9478815793991089, loss_emb: 5.222700119018555
(4717019136, 23710007296)
Train Epoch: 24 [21000/33236 (63%)], loss_enc: 45.49726486206055, loss 2.8462822437286377, loss_emb: 12.78711986541748
(4717019136, 23710007296)
Train Epoch: 24 [21500/33236 (65%)], loss_enc: 28.467269897460938, loss 2.186652898788452, loss_emb: 5.0012640953063965
(4717019136, 23710007296)
Train Epoch: 24 [22000/33236 (66%)], loss_enc: 33.874305725097656, loss 2.0964672565460205, loss_emb: 7.7090044021606445
(4717019136, 23710007296)
Train Epoch: 24 [22500/33236 (68%)], loss_enc: 31.59703826904297, loss 2.2642500400543213, loss_emb: 5.7908854484558105
(4717019136, 23710007296)
Train Epoch: 24 [23000/33236 (69%)], loss_enc: 38.32083511352539, loss 2.5075113773345947, loss_emb: 9.882680892944336
(4717019136, 23710007296)
Train Epoch: 24 [23500/33236 (71%)], loss_enc: 38.505916595458984, loss 2.914177179336548, loss_emb: 7.409040927886963
(4717019136, 23710007296)
Train Epoch: 24 [24000/33236 (72%)], loss_enc: 33.85585403442383, loss 2.378922462463379, loss_emb: 6.1938676834106445
(4717019136, 23710007296)
Train Epoch: 24 [24500/33236 (74%)], loss_enc: 39.292236328125, loss 2.7885875701904297, loss_emb: 9.049354553222656
(4717019136, 23710007296)
Train Epoch: 24 [25000/33236 (75%)], loss_enc: 37.40606689453125, loss 2.605224370956421, loss_emb: 8.235740661621094
(4717019136, 23710007296)
Train Epoch: 24 [25500/33236 (77%)], loss_enc: 37.654422760009766, loss 2.6906208992004395, loss_emb: 8.339966773986816
(4717019136, 23710007296)
Train Epoch: 24 [26000/33236 (78%)], loss_enc: 42.494789123535156, loss 2.770646095275879, loss_emb: 9.659978866577148
(4717019136, 23710007296)
Train Epoch: 24 [26500/33236 (80%)], loss_enc: 41.95873260498047, loss 2.564121961593628, loss_emb: 12.389877319335938
(4717019136, 23710007296)
Train Epoch: 24 [27000/33236 (81%)], loss_enc: 40.651580810546875, loss 2.9633915424346924, loss_emb: 11.535326957702637
(4717019136, 23710007296)
Train Epoch: 24 [27500/33236 (83%)], loss_enc: 38.421409606933594, loss 2.520894765853882, loss_emb: 7.4127326011657715
(4717019136, 23710007296)
Train Epoch: 24 [28000/33236 (84%)], loss_enc: 41.61375427246094, loss 2.5517423152923584, loss_emb: 11.030960083007812
(4717019136, 23710007296)
Train Epoch: 24 [28500/33236 (86%)], loss_enc: 46.185577392578125, loss 2.893610715866089, loss_emb: 14.12968635559082
(4717019136, 23710007296)
Train Epoch: 24 [29000/33236 (87%)], loss_enc: 37.18781661987305, loss 2.717648983001709, loss_emb: 8.84907054901123
(4717019136, 23710007296)
Train Epoch: 24 [29500/33236 (89%)], loss_enc: 37.321895599365234, loss 3.108506441116333, loss_emb: 7.067086696624756
(4717019136, 23710007296)
Train Epoch: 24 [30000/33236 (90%)], loss_enc: 37.512264251708984, loss 2.2585198879241943, loss_emb: 11.0960054397583
(4717019136, 23710007296)
Train Epoch: 24 [30500/33236 (92%)], loss_enc: 39.23801040649414, loss 2.571383237838745, loss_emb: 8.718469619750977
(4717019136, 23710007296)
Train Epoch: 24 [31000/33236 (93%)], loss_enc: 34.7640380859375, loss 2.636763095855713, loss_emb: 5.311587810516357
(4717019136, 23710007296)
Train Epoch: 24 [31500/33236 (95%)], loss_enc: 37.44109344482422, loss 2.642871141433716, loss_emb: 8.43942642211914
(4717019136, 23710007296)
Train Epoch: 24 [32000/33236 (96%)], loss_enc: 46.387779235839844, loss 2.68896222114563, loss_emb: 13.278512954711914
(4717019136, 23710007296)
Train Epoch: 24 [32500/33236 (98%)], loss_enc: 31.93303108215332, loss 2.201155662536621, loss_emb: 5.04469633102417
(4717019136, 23710007296)
Train Epoch: 24 [33000/33236 (99%)], loss_enc: 45.82903289794922, loss 2.7710800170898438, loss_emb: 12.711140632629395
----------------------------------------Epoch: 25----------------------------------------
(4717019136, 23710007296)
Train Epoch: 25 [0/33236 (0%)], loss_enc: 34.0447998046875, loss 2.498481035232544, loss_emb: 7.476834297180176
(4717019136, 23710007296)
Train Epoch: 25 [500/33236 (2%)], loss_enc: 34.53548049926758, loss 2.1264421939849854, loss_emb: 7.39136266708374
(4717019136, 23710007296)
Train Epoch: 25 [1000/33236 (3%)], loss_enc: 34.10748291015625, loss 2.511953115463257, loss_emb: 5.637462615966797
(4717019136, 23710007296)
Train Epoch: 25 [1500/33236 (5%)], loss_enc: 41.45207977294922, loss 2.9768645763397217, loss_emb: 11.501154899597168
(4717019136, 23710007296)
Train Epoch: 25 [2000/33236 (6%)], loss_enc: 40.20515060424805, loss 2.740527868270874, loss_emb: 10.755924224853516
(4717019136, 23710007296)
Train Epoch: 25 [2500/33236 (8%)], loss_enc: 36.284996032714844, loss 2.26849102973938, loss_emb: 8.981589317321777
(4717019136, 23710007296)
Train Epoch: 25 [3000/33236 (9%)], loss_enc: 34.92985534667969, loss 2.2393853664398193, loss_emb: 8.869531631469727
(4717019136, 23710007296)
Train Epoch: 25 [3500/33236 (11%)], loss_enc: 25.351062774658203, loss 1.8652687072753906, loss_emb: 4.927648067474365
(4717019136, 23710007296)
Train Epoch: 25 [4000/33236 (12%)], loss_enc: 44.64525604248047, loss 2.7466654777526855, loss_emb: 14.600131034851074
(4717019136, 23710007296)
Train Epoch: 25 [4500/33236 (14%)], loss_enc: 42.73824691772461, loss 2.4799277782440186, loss_emb: 11.816883087158203
(4717019136, 23710007296)
Train Epoch: 25 [5000/33236 (15%)], loss_enc: 35.247039794921875, loss 2.489307403564453, loss_emb: 9.408113479614258
(4717019136, 23710007296)
Train Epoch: 25 [5500/33236 (17%)], loss_enc: 40.6269645690918, loss 2.512483596801758, loss_emb: 10.755703926086426
(4717019136, 23710007296)
Train Epoch: 25 [6000/33236 (18%)], loss_enc: 44.900333404541016, loss 3.1315321922302246, loss_emb: 13.888522148132324
(4717019136, 23710007296)
Train Epoch: 25 [6500/33236 (20%)], loss_enc: 44.160186767578125, loss 2.7102153301239014, loss_emb: 11.169824600219727
(4717019136, 23710007296)
Train Epoch: 25 [7000/33236 (21%)], loss_enc: 29.10489273071289, loss 2.2291975021362305, loss_emb: 4.962268352508545
(4717019136, 23710007296)
Train Epoch: 25 [7500/33236 (23%)], loss_enc: 41.092201232910156, loss 2.8888182640075684, loss_emb: 9.291971206665039
(4717019136, 23710007296)
Train Epoch: 25 [8000/33236 (24%)], loss_enc: 32.877830505371094, loss 2.0325822830200195, loss_emb: 7.232088565826416
(4717019136, 23710007296)
Train Epoch: 25 [8500/33236 (26%)], loss_enc: 35.12620162963867, loss 2.3766889572143555, loss_emb: 6.983758449554443
(4717019136, 23710007296)
Train Epoch: 25 [9000/33236 (27%)], loss_enc: 38.973838806152344, loss 2.345306634902954, loss_emb: 9.87439250946045
(4717019136, 23710007296)
Train Epoch: 25 [9500/33236 (29%)], loss_enc: 42.271759033203125, loss 2.654770612716675, loss_emb: 11.566306114196777
(4717019136, 23710007296)
Train Epoch: 25 [10000/33236 (30%)], loss_enc: 35.69996643066406, loss 2.3763256072998047, loss_emb: 9.536319732666016
(4717019136, 23710007296)
Train Epoch: 25 [10500/33236 (32%)], loss_enc: 41.34864807128906, loss 2.5578854084014893, loss_emb: 10.475869178771973
(4717019136, 23710007296)
Train Epoch: 25 [11000/33236 (33%)], loss_enc: 38.68693542480469, loss 2.500934600830078, loss_emb: 11.10289192199707
(4717019136, 23710007296)
Train Epoch: 25 [11500/33236 (35%)], loss_enc: 37.137451171875, loss 2.3893983364105225, loss_emb: 7.747348785400391
(4717019136, 23710007296)
Train Epoch: 25 [12000/33236 (36%)], loss_enc: 40.638694763183594, loss 2.6170008182525635, loss_emb: 10.088576316833496
(4717019136, 23710007296)
Train Epoch: 25 [12500/33236 (38%)], loss_enc: 36.631996154785156, loss 2.7250726222991943, loss_emb: 8.768356323242188
(4717019136, 23710007296)
Train Epoch: 25 [13000/33236 (39%)], loss_enc: 44.2910041809082, loss 2.897026538848877, loss_emb: 13.401094436645508
(4717019136, 23710007296)
Train Epoch: 25 [13500/33236 (41%)], loss_enc: 42.2507209777832, loss 2.494887590408325, loss_emb: 13.10071849822998
(4717019136, 23710007296)
Train Epoch: 25 [14000/33236 (42%)], loss_enc: 35.970951080322266, loss 2.656282424926758, loss_emb: 7.494687080383301
(4717019136, 23710007296)
Train Epoch: 25 [14500/33236 (44%)], loss_enc: 40.84840774536133, loss 2.488065242767334, loss_emb: 9.445047378540039
(4717019136, 23710007296)
Train Epoch: 25 [15000/33236 (45%)], loss_enc: 38.568912506103516, loss 3.134218692779541, loss_emb: 8.193964004516602
(4717019136, 23710007296)
Train Epoch: 25 [15500/33236 (47%)], loss_enc: 28.159751892089844, loss 2.3136343955993652, loss_emb: 3.6551289558410645
(4717019136, 23710007296)
Train Epoch: 25 [16000/33236 (48%)], loss_enc: 38.171085357666016, loss 2.3228089809417725, loss_emb: 10.359065055847168
(4717019136, 23710007296)
Train Epoch: 25 [16500/33236 (50%)], loss_enc: 45.866241455078125, loss 2.580423593521118, loss_emb: 12.713125228881836
(4717019136, 23710007296)
Train Epoch: 25 [17000/33236 (51%)], loss_enc: 44.42926025390625, loss 3.085059642791748, loss_emb: 13.54235553741455
(4717019136, 23710007296)
Train Epoch: 25 [17500/33236 (53%)], loss_enc: 32.5689811706543, loss 2.588740110397339, loss_emb: 5.8918843269348145
(4717019136, 23710007296)
Train Epoch: 25 [18000/33236 (54%)], loss_enc: 38.658756256103516, loss 2.73565411567688, loss_emb: 9.10156536102295
(4717019136, 23710007296)
Train Epoch: 25 [18500/33236 (56%)], loss_enc: 33.31912612915039, loss 2.1026275157928467, loss_emb: 8.08081340789795
(4717019136, 23710007296)
Train Epoch: 25 [19000/33236 (57%)], loss_enc: 41.268218994140625, loss 2.8450894355773926, loss_emb: 11.267066955566406
(4717019136, 23710007296)
Train Epoch: 25 [19500/33236 (59%)], loss_enc: 40.936519622802734, loss 2.5319013595581055, loss_emb: 8.747478485107422
(4717019136, 23710007296)
Train Epoch: 25 [20000/33236 (60%)], loss_enc: 36.90691375732422, loss 2.5831921100616455, loss_emb: 9.436007499694824
(4717019136, 23710007296)
Train Epoch: 25 [20500/33236 (62%)], loss_enc: 40.31930923461914, loss 2.347167491912842, loss_emb: 10.242541313171387
(4717019136, 23710007296)
Train Epoch: 25 [21000/33236 (63%)], loss_enc: 37.52705383300781, loss 2.7971293926239014, loss_emb: 6.282037258148193
(4717019136, 23710007296)
Train Epoch: 25 [21500/33236 (65%)], loss_enc: 29.622554779052734, loss 2.2242517471313477, loss_emb: 6.555108547210693
(4717019136, 23710007296)
Train Epoch: 25 [22000/33236 (66%)], loss_enc: 27.382164001464844, loss 2.0386300086975098, loss_emb: 5.413864612579346
(4717019136, 23710007296)
Train Epoch: 25 [22500/33236 (68%)], loss_enc: 30.273662567138672, loss 2.317272424697876, loss_emb: 6.173084735870361
(4717019136, 23710007296)
Train Epoch: 25 [23000/33236 (69%)], loss_enc: 39.61183166503906, loss 2.643261432647705, loss_emb: 9.35324764251709
(4717019136, 23710007296)
Train Epoch: 25 [23500/33236 (71%)], loss_enc: 43.360618591308594, loss 2.9583964347839355, loss_emb: 11.860190391540527
(4717019136, 23710007296)
Train Epoch: 25 [24000/33236 (72%)], loss_enc: 34.18427276611328, loss 2.0408408641815186, loss_emb: 7.838000774383545
(4717019136, 23710007296)
Train Epoch: 25 [24500/33236 (74%)], loss_enc: 37.89297103881836, loss 2.550069808959961, loss_emb: 8.017570495605469
(4717019136, 23710007296)
Train Epoch: 25 [25000/33236 (75%)], loss_enc: 43.05641174316406, loss 2.57820987701416, loss_emb: 14.182222366333008
(4717019136, 23710007296)
Train Epoch: 25 [25500/33236 (77%)], loss_enc: 31.463478088378906, loss 2.129432439804077, loss_emb: 7.010903835296631
(4717019136, 23710007296)
Train Epoch: 25 [26000/33236 (78%)], loss_enc: 48.904537200927734, loss 2.69100022315979, loss_emb: 13.815414428710938
(4717019136, 23710007296)
Train Epoch: 25 [26500/33236 (80%)], loss_enc: 26.023090362548828, loss 1.9761836528778076, loss_emb: 6.008304119110107
(4717019136, 23710007296)
Train Epoch: 25 [27000/33236 (81%)], loss_enc: 38.23251724243164, loss 2.6016831398010254, loss_emb: 8.893692016601562
(4717019136, 23710007296)
Train Epoch: 25 [27500/33236 (83%)], loss_enc: 39.722801208496094, loss 2.5411856174468994, loss_emb: 11.039820671081543
(4717019136, 23710007296)
Train Epoch: 25 [28000/33236 (84%)], loss_enc: 37.76109313964844, loss 2.1891982555389404, loss_emb: 8.618867874145508
(4717019136, 23710007296)
Train Epoch: 25 [28500/33236 (86%)], loss_enc: 39.07361602783203, loss 2.7003602981567383, loss_emb: 10.000384330749512
(4717019136, 23710007296)
Train Epoch: 25 [29000/33236 (87%)], loss_enc: 43.700355529785156, loss 2.680461883544922, loss_emb: 8.375383377075195
(4717019136, 23710007296)
Train Epoch: 25 [29500/33236 (89%)], loss_enc: 25.913448333740234, loss 2.005523681640625, loss_emb: 3.149137496948242
(4717019136, 23710007296)
Train Epoch: 25 [30000/33236 (90%)], loss_enc: 39.621116638183594, loss 2.84161639213562, loss_emb: 10.199042320251465
(4717019136, 23710007296)
Train Epoch: 25 [30500/33236 (92%)], loss_enc: 37.90157699584961, loss 2.7686901092529297, loss_emb: 8.082228660583496
(4717019136, 23710007296)
Train Epoch: 25 [31000/33236 (93%)], loss_enc: 44.51026153564453, loss 2.95023512840271, loss_emb: 12.147920608520508
(4717019136, 23710007296)
Train Epoch: 25 [31500/33236 (95%)], loss_enc: 38.357181549072266, loss 2.7247958183288574, loss_emb: 8.282035827636719
(4717019136, 23710007296)
Train Epoch: 25 [32000/33236 (96%)], loss_enc: 31.149211883544922, loss 2.2131223678588867, loss_emb: 7.49513578414917
(4717019136, 23710007296)
Train Epoch: 25 [32500/33236 (98%)], loss_enc: 40.19707489013672, loss 3.043513298034668, loss_emb: 8.919286727905273
(4717019136, 23710007296)
Train Epoch: 25 [33000/33236 (99%)], loss_enc: 36.61574935913086, loss 2.407660722732544, loss_emb: 7.418301582336426
----------------------------------------Epoch: 26----------------------------------------
(4717019136, 23710007296)
Train Epoch: 26 [0/33236 (0%)], loss_enc: 43.14630126953125, loss 2.8569564819335938, loss_emb: 11.544676780700684
(4717019136, 23710007296)
Train Epoch: 26 [500/33236 (2%)], loss_enc: 39.32665252685547, loss 2.5831727981567383, loss_emb: 9.272735595703125
(4717019136, 23710007296)
Train Epoch: 26 [1000/33236 (3%)], loss_enc: 47.72747802734375, loss 2.5598549842834473, loss_emb: 14.026663780212402
(4717019136, 23710007296)
Train Epoch: 26 [1500/33236 (5%)], loss_enc: 39.794677734375, loss 2.6127588748931885, loss_emb: 9.569635391235352
(4717019136, 23710007296)
Train Epoch: 26 [2000/33236 (6%)], loss_enc: 39.358909606933594, loss 2.5841867923736572, loss_emb: 9.304962158203125
(4717019136, 23710007296)
Train Epoch: 26 [2500/33236 (8%)], loss_enc: 46.97479248046875, loss 2.729635715484619, loss_emb: 16.299421310424805
(4717019136, 23710007296)
Train Epoch: 26 [3000/33236 (9%)], loss_enc: 38.597103118896484, loss 2.6333255767822266, loss_emb: 8.808058738708496
(4717019136, 23710007296)
Train Epoch: 26 [3500/33236 (11%)], loss_enc: 39.887027740478516, loss 2.5244314670562744, loss_emb: 9.13992977142334
(4717019136, 23710007296)
Train Epoch: 26 [4000/33236 (12%)], loss_enc: 34.487430572509766, loss 2.753089189529419, loss_emb: 6.561526775360107
(4717019136, 23710007296)
Train Epoch: 26 [4500/33236 (14%)], loss_enc: 30.779489517211914, loss 2.1328694820404053, loss_emb: 6.401101589202881
(4717019136, 23710007296)
Train Epoch: 26 [5000/33236 (15%)], loss_enc: 25.464365005493164, loss 1.5882614850997925, loss_emb: 5.78671407699585
(4717019136, 23710007296)
Train Epoch: 26 [5500/33236 (17%)], loss_enc: 37.93737030029297, loss 2.3822696208953857, loss_emb: 9.164619445800781
(4717019136, 23710007296)
Train Epoch: 26 [6000/33236 (18%)], loss_enc: 35.12457275390625, loss 2.1693689823150635, loss_emb: 9.86758804321289
(4717019136, 23710007296)
Train Epoch: 26 [6500/33236 (20%)], loss_enc: 42.69359588623047, loss 2.7227354049682617, loss_emb: 12.022346496582031
(4717019136, 23710007296)
Train Epoch: 26 [7000/33236 (21%)], loss_enc: 34.17101287841797, loss 3.1313977241516113, loss_emb: 6.643918514251709
(4717019136, 23710007296)
Train Epoch: 26 [7500/33236 (23%)], loss_enc: 36.011199951171875, loss 3.067598342895508, loss_emb: 6.784732341766357
(4717019136, 23710007296)
Train Epoch: 26 [8000/33236 (24%)], loss_enc: 37.86206817626953, loss 2.330789566040039, loss_emb: 10.386175155639648
(4717019136, 23710007296)
Train Epoch: 26 [8500/33236 (26%)], loss_enc: 31.939189910888672, loss 2.559347629547119, loss_emb: 4.877013206481934
(4717019136, 23710007296)
Train Epoch: 26 [9000/33236 (27%)], loss_enc: 40.981170654296875, loss 2.9873409271240234, loss_emb: 9.415511131286621
(4717019136, 23710007296)
Train Epoch: 26 [9500/33236 (29%)], loss_enc: 41.414344787597656, loss 2.3136985301971436, loss_emb: 9.457927703857422
(4717019136, 23710007296)
Train Epoch: 26 [10000/33236 (30%)], loss_enc: 35.971702575683594, loss 2.282059907913208, loss_emb: 8.016547203063965
(4717019136, 23710007296)
Train Epoch: 26 [10500/33236 (32%)], loss_enc: 33.32920837402344, loss 2.755746603012085, loss_emb: 6.363483428955078
(4717019136, 23710007296)
Train Epoch: 26 [11000/33236 (33%)], loss_enc: 43.68415069580078, loss 2.6529319286346436, loss_emb: 11.696760177612305
(4717019136, 23710007296)
Train Epoch: 26 [11500/33236 (35%)], loss_enc: 28.837055206298828, loss 2.104273557662964, loss_emb: 4.10036563873291
(4717019136, 23710007296)
Train Epoch: 26 [12000/33236 (36%)], loss_enc: 43.18104934692383, loss 2.7281341552734375, loss_emb: 12.877182006835938
(4717019136, 23710007296)
Train Epoch: 26 [12500/33236 (38%)], loss_enc: 32.927574157714844, loss 2.321324348449707, loss_emb: 7.137010097503662
(4717019136, 23710007296)
Train Epoch: 26 [13000/33236 (39%)], loss_enc: 43.70735168457031, loss 2.537137031555176, loss_emb: 13.857123374938965
(4717019136, 23710007296)
Train Epoch: 26 [13500/33236 (41%)], loss_enc: 46.015602111816406, loss 2.8454182147979736, loss_emb: 14.314149856567383
(4717019136, 23710007296)
Train Epoch: 26 [14000/33236 (42%)], loss_enc: 44.74089813232422, loss 2.620810031890869, loss_emb: 10.338319778442383
(4717019136, 23710007296)
Train Epoch: 26 [14500/33236 (44%)], loss_enc: 42.969940185546875, loss 2.825801134109497, loss_emb: 11.318699836730957
(4717019136, 23710007296)
Train Epoch: 26 [15000/33236 (45%)], loss_enc: 29.781431198120117, loss 2.3860058784484863, loss_emb: 5.245298862457275
(4717019136, 23710007296)
Train Epoch: 26 [15500/33236 (47%)], loss_enc: 35.630367279052734, loss 2.499028205871582, loss_emb: 7.724158763885498
(4717019136, 23710007296)
Train Epoch: 26 [16000/33236 (48%)], loss_enc: 42.71999740600586, loss 2.8832530975341797, loss_emb: 9.417778015136719
(4717019136, 23710007296)
Train Epoch: 26 [16500/33236 (50%)], loss_enc: 28.52948760986328, loss 1.9311270713806152, loss_emb: 3.9038124084472656
(4717019136, 23710007296)
Train Epoch: 26 [17000/33236 (51%)], loss_enc: 37.62324905395508, loss 2.2462503910064697, loss_emb: 10.230628967285156
(4717019136, 23710007296)
Train Epoch: 26 [17500/33236 (53%)], loss_enc: 42.77805709838867, loss 2.8869733810424805, loss_emb: 10.15795612335205
(4717019136, 23710007296)
Train Epoch: 26 [18000/33236 (54%)], loss_enc: 37.475921630859375, loss 2.6140711307525635, loss_emb: 8.001601219177246
(4717019136, 23710007296)
Train Epoch: 26 [18500/33236 (56%)], loss_enc: 34.273948669433594, loss 2.341472864151001, loss_emb: 8.634627342224121
(4717019136, 23710007296)
Train Epoch: 26 [19000/33236 (57%)], loss_enc: 36.144248962402344, loss 2.5889265537261963, loss_emb: 7.781081676483154
(4717019136, 23710007296)
Train Epoch: 26 [19500/33236 (59%)], loss_enc: 29.412206649780273, loss 2.214069128036499, loss_emb: 6.142385482788086
(4717019136, 23710007296)
Train Epoch: 26 [20000/33236 (60%)], loss_enc: 36.68699645996094, loss 2.5440618991851807, loss_emb: 7.211814880371094
(4717019136, 23710007296)
Train Epoch: 26 [20500/33236 (62%)], loss_enc: 38.82835388183594, loss 2.4467568397521973, loss_emb: 11.887596130371094
(4717019136, 23710007296)
Train Epoch: 26 [21000/33236 (63%)], loss_enc: 37.634979248046875, loss 2.4661741256713867, loss_emb: 8.5142183303833
(4717019136, 23710007296)
Train Epoch: 26 [21500/33236 (65%)], loss_enc: 36.380943298339844, loss 2.1459572315216064, loss_emb: 10.0681734085083
(4717019136, 23710007296)
Train Epoch: 26 [22000/33236 (66%)], loss_enc: 39.24680709838867, loss 2.757126569747925, loss_emb: 8.631094932556152
(4717019136, 23710007296)
Train Epoch: 26 [22500/33236 (68%)], loss_enc: 32.533485412597656, loss 2.1274914741516113, loss_emb: 7.656974792480469
(4717019136, 23710007296)
Train Epoch: 26 [23000/33236 (69%)], loss_enc: 34.0286865234375, loss 2.5749053955078125, loss_emb: 6.153844356536865
(4717019136, 23710007296)
Train Epoch: 26 [23500/33236 (71%)], loss_enc: 40.41606903076172, loss 2.2711009979248047, loss_emb: 11.302495002746582
(4717019136, 23710007296)
Train Epoch: 26 [24000/33236 (72%)], loss_enc: 34.65693664550781, loss 2.62207293510437, loss_emb: 6.629677772521973
(4717019136, 23710007296)
Train Epoch: 26 [24500/33236 (74%)], loss_enc: 30.759794235229492, loss 2.5253713130950928, loss_emb: 6.105721950531006
(4717019136, 23710007296)
Train Epoch: 26 [25000/33236 (75%)], loss_enc: 43.50708770751953, loss 2.792886972427368, loss_emb: 12.29247760772705
(4717019136, 23710007296)
Train Epoch: 26 [25500/33236 (77%)], loss_enc: 40.7845458984375, loss 2.5261034965515137, loss_emb: 9.882766723632812
(4717019136, 23710007296)
Train Epoch: 26 [26000/33236 (78%)], loss_enc: 43.936771392822266, loss 3.1151833534240723, loss_emb: 10.449822425842285
(4717019136, 23710007296)
Train Epoch: 26 [26500/33236 (80%)], loss_enc: 42.869178771972656, loss 2.4167678356170654, loss_emb: 12.945297241210938
(4717019136, 23710007296)
Train Epoch: 26 [27000/33236 (81%)], loss_enc: 48.73058319091797, loss 3.6162586212158203, loss_emb: 13.163897514343262
(4717019136, 23710007296)
Train Epoch: 26 [27500/33236 (83%)], loss_enc: 40.0716667175293, loss 2.7924532890319824, loss_emb: 10.040140151977539
(4717019136, 23710007296)
Train Epoch: 26 [28000/33236 (84%)], loss_enc: 41.63256072998047, loss 2.896819591522217, loss_emb: 9.903410911560059
(4717019136, 23710007296)
Train Epoch: 26 [28500/33236 (86%)], loss_enc: 30.36318016052246, loss 2.462568998336792, loss_emb: 6.410887241363525
(4717019136, 23710007296)
Train Epoch: 26 [29000/33236 (87%)], loss_enc: 27.38332748413086, loss 2.3814988136291504, loss_emb: 4.116565227508545
(4717019136, 23710007296)
Train Epoch: 26 [29500/33236 (89%)], loss_enc: 43.16503143310547, loss 2.867525577545166, loss_emb: 11.807461738586426
(4717019136, 23710007296)
Train Epoch: 26 [30000/33236 (90%)], loss_enc: 30.253501892089844, loss 2.207412004470825, loss_emb: 5.631237983703613
(4717019136, 23710007296)
Train Epoch: 26 [30500/33236 (92%)], loss_enc: 38.78860855102539, loss 2.3813669681549072, loss_emb: 8.991816520690918
(4717019136, 23710007296)
Train Epoch: 26 [31000/33236 (93%)], loss_enc: 37.11961364746094, loss 2.543410062789917, loss_emb: 7.330166816711426
(4717019136, 23710007296)
Train Epoch: 26 [31500/33236 (95%)], loss_enc: 37.405818939208984, loss 2.166487455368042, loss_emb: 12.528233528137207
(4717019136, 23710007296)
Train Epoch: 26 [32000/33236 (96%)], loss_enc: 51.30978775024414, loss 2.99672532081604, loss_emb: 15.1178617477417
(4717019136, 23710007296)
Train Epoch: 26 [32500/33236 (98%)], loss_enc: 39.128089904785156, loss 2.623905897140503, loss_emb: 9.519244194030762
(4717019136, 23710007296)
Train Epoch: 26 [33000/33236 (99%)], loss_enc: 41.97376251220703, loss 2.882072687149048, loss_emb: 10.577967643737793
----------------------------------------Epoch: 27----------------------------------------
(4717019136, 23710007296)
Train Epoch: 27 [0/33236 (0%)], loss_enc: 38.426429748535156, loss 2.262002944946289, loss_emb: 10.489587783813477
(4717019136, 23710007296)
Train Epoch: 27 [500/33236 (2%)], loss_enc: 29.352073669433594, loss 1.9383623600006104, loss_emb: 7.383931636810303
(4717019136, 23710007296)
Train Epoch: 27 [1000/33236 (3%)], loss_enc: 43.735984802246094, loss 3.183371067047119, loss_emb: 11.492167472839355
(4717019136, 23710007296)
Train Epoch: 27 [1500/33236 (5%)], loss_enc: 48.293087005615234, loss 2.9388537406921387, loss_emb: 13.6395263671875
(4717019136, 23710007296)
Train Epoch: 27 [2000/33236 (6%)], loss_enc: 36.11985397338867, loss 2.7729763984680176, loss_emb: 8.068036079406738
(4717019136, 23710007296)
Train Epoch: 27 [2500/33236 (8%)], loss_enc: 37.312583923339844, loss 2.5892977714538574, loss_emb: 7.694263458251953
(4717019136, 23710007296)
Train Epoch: 27 [3000/33236 (9%)], loss_enc: 42.520042419433594, loss 2.6223766803741455, loss_emb: 9.628719329833984
(4717019136, 23710007296)
Train Epoch: 27 [3500/33236 (11%)], loss_enc: 42.09335708618164, loss 2.655489206314087, loss_emb: 10.606167793273926
(4717019136, 23710007296)
Train Epoch: 27 [4000/33236 (12%)], loss_enc: 34.71044921875, loss 2.9265217781066895, loss_emb: 8.71161937713623
(4717019136, 23710007296)
Train Epoch: 27 [4500/33236 (14%)], loss_enc: 34.28369140625, loss 2.9575977325439453, loss_emb: 8.492281913757324
(4717019136, 23710007296)
Train Epoch: 27 [5000/33236 (15%)], loss_enc: 29.569881439208984, loss 2.2452261447906494, loss_emb: 5.884224891662598
(4302700544, 23710007296)
Train Epoch: 27 [5500/33236 (17%)], loss_enc: 42.59134292602539, loss 2.7891368865966797, loss_emb: 12.044961929321289
(4302700544, 23710007296)
Train Epoch: 27 [6000/33236 (18%)], loss_enc: 37.335235595703125, loss 2.167919874191284, loss_emb: 9.965556144714355
(4302700544, 23710007296)
Train Epoch: 27 [6500/33236 (20%)], loss_enc: 53.52324676513672, loss 3.3593835830688477, loss_emb: 17.92704200744629
(4302700544, 23710007296)
Train Epoch: 27 [7000/33236 (21%)], loss_enc: 39.70681381225586, loss 2.3870866298675537, loss_emb: 10.772730827331543
(4302700544, 23710007296)
Train Epoch: 27 [7500/33236 (23%)], loss_enc: 30.17548942565918, loss 1.955967664718628, loss_emb: 7.049331188201904
(4302700544, 23710007296)
Train Epoch: 27 [8000/33236 (24%)], loss_enc: 42.77924346923828, loss 2.8324320316314697, loss_emb: 11.849690437316895
(4302700544, 23710007296)
Train Epoch: 27 [8500/33236 (26%)], loss_enc: 47.12564468383789, loss 2.489039182662964, loss_emb: 15.549158096313477
(4302700544, 23710007296)
Train Epoch: 27 [9000/33236 (27%)], loss_enc: 39.876956939697266, loss 2.3698410987854004, loss_emb: 10.223502159118652
(4302700544, 23710007296)
Train Epoch: 27 [9500/33236 (29%)], loss_enc: 45.75367736816406, loss 2.5434682369232178, loss_emb: 15.588025093078613
(4302700544, 23710007296)
Train Epoch: 27 [10000/33236 (30%)], loss_enc: 40.29031753540039, loss 2.5518808364868164, loss_emb: 10.481501579284668
(4302700544, 23710007296)
Train Epoch: 27 [10500/33236 (32%)], loss_enc: 36.10576629638672, loss 2.5830953121185303, loss_emb: 8.70179557800293
(4302700544, 23710007296)
Train Epoch: 27 [11000/33236 (33%)], loss_enc: 38.9307975769043, loss 2.7836201190948486, loss_emb: 7.778148651123047
(4302700544, 23710007296)
Train Epoch: 27 [11500/33236 (35%)], loss_enc: 30.571800231933594, loss 2.267896890640259, loss_emb: 6.9459547996521
(4302700544, 23710007296)
Train Epoch: 27 [12000/33236 (36%)], loss_enc: 34.579105377197266, loss 2.4322831630706787, loss_emb: 8.047429084777832
(4302700544, 23710007296)
Train Epoch: 27 [12500/33236 (38%)], loss_enc: 40.582523345947266, loss 2.699899673461914, loss_emb: 9.895312309265137
(4717019136, 23710007296)
Train Epoch: 27 [13000/33236 (39%)], loss_enc: 35.521934509277344, loss 2.3284459114074707, loss_emb: 8.200129508972168
(4717019136, 23710007296)
Train Epoch: 27 [13500/33236 (41%)], loss_enc: 26.4995059967041, loss 2.259188175201416, loss_emb: 2.9717371463775635
(4717019136, 23710007296)
Train Epoch: 27 [14000/33236 (42%)], loss_enc: 39.23414611816406, loss 2.478403091430664, loss_emb: 8.750999450683594
(4717019136, 23710007296)
Train Epoch: 27 [14500/33236 (44%)], loss_enc: 38.795562744140625, loss 2.5554039478302, loss_emb: 10.858214378356934
(4717019136, 23710007296)
Train Epoch: 27 [15000/33236 (45%)], loss_enc: 41.995269775390625, loss 2.4699268341064453, loss_emb: 12.316807746887207
(4717019136, 23710007296)
Train Epoch: 27 [15500/33236 (47%)], loss_enc: 26.771846771240234, loss 1.9864953756332397, loss_emb: 4.9648542404174805
(4717019136, 23710007296)
Train Epoch: 27 [16000/33236 (48%)], loss_enc: 34.34785079956055, loss 2.515004873275757, loss_emb: 7.533929347991943
(4717019136, 23710007296)
Train Epoch: 27 [16500/33236 (50%)], loss_enc: 44.545066833496094, loss 2.8156399726867676, loss_emb: 11.086030960083008
(4717019136, 23710007296)
Train Epoch: 27 [17000/33236 (51%)], loss_enc: 38.524200439453125, loss 2.4047563076019287, loss_emb: 10.173083305358887
(4717019136, 23710007296)
Train Epoch: 27 [17500/33236 (53%)], loss_enc: 42.902767181396484, loss 2.8622078895568848, loss_emb: 12.813799858093262
(4717019136, 23710007296)
Train Epoch: 27 [18000/33236 (54%)], loss_enc: 44.03778839111328, loss 2.54068922996521, loss_emb: 11.366660118103027
(4717019136, 23710007296)
Train Epoch: 27 [18500/33236 (56%)], loss_enc: 45.87860107421875, loss 2.8696391582489014, loss_emb: 9.918147087097168
(4717019136, 23710007296)
Train Epoch: 27 [19000/33236 (57%)], loss_enc: 42.64231872558594, loss 2.2481465339660645, loss_emb: 12.63226318359375
(4717019136, 23710007296)
Train Epoch: 27 [19500/33236 (59%)], loss_enc: 37.22920227050781, loss 2.7801637649536133, loss_emb: 7.600175380706787
(4717019136, 23710007296)
Train Epoch: 27 [20000/33236 (60%)], loss_enc: 42.60612106323242, loss 2.600971221923828, loss_emb: 9.395955085754395
(4717019136, 23710007296)
Train Epoch: 27 [20500/33236 (62%)], loss_enc: 35.875972747802734, loss 2.8962650299072266, loss_emb: 7.999019145965576
(4717019136, 23710007296)
Train Epoch: 27 [21000/33236 (63%)], loss_enc: 41.239906311035156, loss 2.876087188720703, loss_emb: 9.418784141540527
(4717019136, 23710007296)
Train Epoch: 27 [21500/33236 (65%)], loss_enc: 41.212188720703125, loss 3.0666604042053223, loss_emb: 10.267900466918945
(4717019136, 23710007296)
Train Epoch: 27 [22000/33236 (66%)], loss_enc: 38.64116287231445, loss 3.266458511352539, loss_emb: 7.555715084075928
(4717019136, 23710007296)
Train Epoch: 27 [22500/33236 (68%)], loss_enc: 32.65211868286133, loss 2.2030532360076904, loss_emb: 7.167623996734619
(4717019136, 23710007296)
Train Epoch: 27 [23000/33236 (69%)], loss_enc: 25.82805633544922, loss 1.8702136278152466, loss_emb: 3.911499500274658
(4717019136, 23710007296)
Train Epoch: 27 [23500/33236 (71%)], loss_enc: 38.12234878540039, loss 2.8416588306427, loss_emb: 10.076447486877441
(4717019136, 23710007296)
Train Epoch: 27 [24000/33236 (72%)], loss_enc: 36.827972412109375, loss 2.4570794105529785, loss_emb: 8.276320457458496
(4717019136, 23710007296)
Train Epoch: 27 [24500/33236 (74%)], loss_enc: 43.744178771972656, loss 2.8170413970947266, loss_emb: 12.101495742797852
(4717019136, 23710007296)
Train Epoch: 27 [25000/33236 (75%)], loss_enc: 27.993053436279297, loss 2.4287755489349365, loss_emb: 4.600022315979004
(4717019136, 23710007296)
Train Epoch: 27 [25500/33236 (77%)], loss_enc: 41.5306396484375, loss 2.6018948554992676, loss_emb: 11.004495620727539
(4717019136, 23710007296)
Train Epoch: 27 [26000/33236 (78%)], loss_enc: 40.44929885864258, loss 2.6406872272491455, loss_emb: 12.686119079589844
(4717019136, 23710007296)
Train Epoch: 27 [26500/33236 (80%)], loss_enc: 38.927833557128906, loss 2.616443634033203, loss_emb: 9.415736198425293
(4717019136, 23710007296)
Train Epoch: 27 [27000/33236 (81%)], loss_enc: 38.763912200927734, loss 2.6509504318237305, loss_emb: 9.047357559204102
(4717019136, 23710007296)
Train Epoch: 27 [27500/33236 (83%)], loss_enc: 35.11170196533203, loss 2.3477346897125244, loss_emb: 10.949835777282715
(4717019136, 23710007296)
Train Epoch: 27 [28000/33236 (84%)], loss_enc: 43.40719985961914, loss 2.7627837657928467, loss_emb: 13.8592529296875
(4717019136, 23710007296)
Train Epoch: 27 [28500/33236 (86%)], loss_enc: 44.80339050292969, loss 2.744795799255371, loss_emb: 12.500746726989746
(4717019136, 23710007296)
Train Epoch: 27 [29000/33236 (87%)], loss_enc: 33.12227249145508, loss 2.1102051734924316, loss_emb: 5.443406105041504
(4717019136, 23710007296)
Train Epoch: 27 [29500/33236 (89%)], loss_enc: 35.528175354003906, loss 2.4570140838623047, loss_emb: 6.781507968902588
(4717019136, 23710007296)
Train Epoch: 27 [30000/33236 (90%)], loss_enc: 39.47011184692383, loss 2.4108190536499023, loss_emb: 9.5983247756958
(4717019136, 23710007296)
Train Epoch: 27 [30500/33236 (92%)], loss_enc: 40.67374038696289, loss 2.8031716346740723, loss_emb: 9.378886222839355
(4717019136, 23710007296)
Train Epoch: 27 [31000/33236 (93%)], loss_enc: 35.522300720214844, loss 2.50044584274292, loss_emb: 8.204338073730469
(4717019136, 23710007296)
Train Epoch: 27 [31500/33236 (95%)], loss_enc: 41.301734924316406, loss 2.8420464992523193, loss_emb: 9.510688781738281
(4717019136, 23710007296)
Train Epoch: 27 [32000/33236 (96%)], loss_enc: 36.41529083251953, loss 2.4409902095794678, loss_emb: 8.83480167388916
(4717019136, 23710007296)
Train Epoch: 27 [32500/33236 (98%)], loss_enc: 36.865150451660156, loss 2.350839614868164, loss_emb: 8.495848655700684
(4717019136, 23710007296)
Train Epoch: 27 [33000/33236 (99%)], loss_enc: 35.803565979003906, loss 2.545421838760376, loss_emb: 8.058756828308105
----------------------------------------Epoch: 28----------------------------------------
(4717019136, 23710007296)
Train Epoch: 28 [0/33236 (0%)], loss_enc: 37.22828674316406, loss 2.6806013584136963, loss_emb: 7.583489894866943
(4717019136, 23710007296)
Train Epoch: 28 [500/33236 (2%)], loss_enc: 31.67597770690918, loss 2.304314613342285, loss_emb: 7.042236328125
(4717019136, 23710007296)
Train Epoch: 28 [1000/33236 (3%)], loss_enc: 39.709320068359375, loss 2.372227430343628, loss_emb: 10.774914741516113
(4717019136, 23710007296)
Train Epoch: 28 [1500/33236 (5%)], loss_enc: 32.61492156982422, loss 2.672201633453369, loss_emb: 6.5560622215271
(4717019136, 23710007296)
Train Epoch: 28 [2000/33236 (6%)], loss_enc: 42.12042236328125, loss 2.824857234954834, loss_emb: 12.86108684539795
(4717019136, 23710007296)
Train Epoch: 28 [2500/33236 (8%)], loss_enc: 41.393577575683594, loss 2.694002628326416, loss_emb: 10.99043083190918
(4717019136, 23710007296)
Train Epoch: 28 [3000/33236 (9%)], loss_enc: 47.764976501464844, loss 3.008223295211792, loss_emb: 13.468231201171875
(4717019136, 23710007296)
Train Epoch: 28 [3500/33236 (11%)], loss_enc: 33.74011993408203, loss 2.211918830871582, loss_emb: 9.449305534362793
(4717019136, 23710007296)
Train Epoch: 28 [4000/33236 (12%)], loss_enc: 46.16648483276367, loss 2.8564651012420654, loss_emb: 14.094693183898926
(4717019136, 23710007296)
Train Epoch: 28 [4500/33236 (14%)], loss_enc: 45.34184265136719, loss 2.2943620681762695, loss_emb: 12.494590759277344
(4717019136, 23710007296)
Train Epoch: 28 [5000/33236 (15%)], loss_enc: 28.909238815307617, loss 2.2091171741485596, loss_emb: 6.182687282562256
(4717019136, 23710007296)
Train Epoch: 28 [5500/33236 (17%)], loss_enc: 39.2060432434082, loss 2.853297472000122, loss_emb: 8.786044120788574
(4717019136, 23710007296)
Train Epoch: 28 [6000/33236 (18%)], loss_enc: 26.06308364868164, loss 2.0100133419036865, loss_emb: 4.291995048522949
(4717019136, 23710007296)
Train Epoch: 28 [6500/33236 (20%)], loss_enc: 45.1215934753418, loss 2.6752820014953613, loss_emb: 13.806619644165039
(4717019136, 23710007296)
Train Epoch: 28 [7000/33236 (21%)], loss_enc: 42.60219192504883, loss 2.2341997623443604, loss_emb: 12.523665428161621
(4717019136, 23710007296)
Train Epoch: 28 [7500/33236 (23%)], loss_enc: 32.870296478271484, loss 2.6438148021698, loss_emb: 5.115103244781494
(4717019136, 23710007296)
Train Epoch: 28 [8000/33236 (24%)], loss_enc: 48.898468017578125, loss 2.7554445266723633, loss_emb: 13.927154541015625
(4717019136, 23710007296)
Train Epoch: 28 [8500/33236 (26%)], loss_enc: 39.49394989013672, loss 3.0493712425231934, loss_emb: 10.276541709899902
(4717019136, 23710007296)
Train Epoch: 28 [9000/33236 (27%)], loss_enc: 41.78453063964844, loss 2.589573383331299, loss_emb: 10.9429349899292
(4717019136, 23710007296)
Train Epoch: 28 [9500/33236 (29%)], loss_enc: 38.53941345214844, loss 2.747786045074463, loss_emb: 9.691497802734375
(4717019136, 23710007296)
Train Epoch: 28 [10000/33236 (30%)], loss_enc: 40.999961853027344, loss 2.4952170848846436, loss_emb: 10.862251281738281
(4717019136, 23710007296)
Train Epoch: 28 [10500/33236 (32%)], loss_enc: 34.810420989990234, loss 2.487349510192871, loss_emb: 7.658402919769287
(4717019136, 23710007296)
Train Epoch: 28 [11000/33236 (33%)], loss_enc: 31.176307678222656, loss 1.873294472694397, loss_emb: 9.0458402633667
(4717019136, 23710007296)
Train Epoch: 28 [11500/33236 (35%)], loss_enc: 34.78326416015625, loss 2.6358683109283447, loss_emb: 8.143507957458496
(4717019136, 23710007296)
Train Epoch: 28 [12000/33236 (36%)], loss_enc: 32.74287033081055, loss 2.4891014099121094, loss_emb: 6.099682807922363
(4717019136, 23710007296)
Train Epoch: 28 [12500/33236 (38%)], loss_enc: 40.263641357421875, loss 2.53185772895813, loss_emb: 11.446608543395996
(4717019136, 23710007296)
Train Epoch: 28 [13000/33236 (39%)], loss_enc: 42.521907806396484, loss 2.88537335395813, loss_emb: 10.097430229187012
(4717019136, 23710007296)
Train Epoch: 28 [13500/33236 (41%)], loss_enc: 41.04144287109375, loss 2.991729736328125, loss_emb: 9.317848205566406
(4717019136, 23710007296)
Train Epoch: 28 [14000/33236 (42%)], loss_enc: 38.88811492919922, loss 2.596987247467041, loss_emb: 8.477202415466309
(4717019136, 23710007296)
Train Epoch: 28 [14500/33236 (44%)], loss_enc: 39.91203689575195, loss 2.462712287902832, loss_emb: 11.191882133483887
(4717019136, 23710007296)
Train Epoch: 28 [15000/33236 (45%)], loss_enc: 34.57322311401367, loss 2.565335988998413, loss_emb: 7.34661865234375
(4717019136, 23710007296)
Train Epoch: 28 [15500/33236 (47%)], loss_enc: 37.89493179321289, loss 2.6603143215179443, loss_emb: 7.254478454589844
(4717019136, 23710007296)
Train Epoch: 28 [16000/33236 (48%)], loss_enc: 35.23298263549805, loss 2.485116720199585, loss_emb: 9.006674766540527
(4717019136, 23710007296)
Train Epoch: 28 [16500/33236 (50%)], loss_enc: 48.4746208190918, loss 2.8345227241516113, loss_emb: 14.7540864944458
(4717019136, 23710007296)
Train Epoch: 28 [17000/33236 (51%)], loss_enc: 41.003135681152344, loss 2.3360702991485596, loss_emb: 10.976152420043945
(4717019136, 23710007296)
Train Epoch: 28 [17500/33236 (53%)], loss_enc: 23.582569122314453, loss 1.7804758548736572, loss_emb: 4.344220161437988
(4717019136, 23710007296)
Train Epoch: 28 [18000/33236 (54%)], loss_enc: 31.392972946166992, loss 2.4793171882629395, loss_emb: 5.620786190032959
(4717019136, 23710007296)
Train Epoch: 28 [18500/33236 (56%)], loss_enc: 35.162723541259766, loss 2.6375620365142822, loss_emb: 6.119968891143799
(4717019136, 23710007296)
Train Epoch: 28 [19000/33236 (57%)], loss_enc: 34.92029571533203, loss 2.563640594482422, loss_emb: 7.5711259841918945
(4717019136, 23710007296)
Train Epoch: 28 [19500/33236 (59%)], loss_enc: 37.403079986572266, loss 2.7412281036376953, loss_emb: 7.093987941741943
(4717019136, 23710007296)
Train Epoch: 28 [20000/33236 (60%)], loss_enc: 35.87457275390625, loss 2.8585994243621826, loss_emb: 8.244162559509277
(4717019136, 23710007296)
Train Epoch: 28 [20500/33236 (62%)], loss_enc: 43.59646987915039, loss 3.047468900680542, loss_emb: 11.121504783630371
(4717019136, 23710007296)
Train Epoch: 28 [21000/33236 (63%)], loss_enc: 37.670684814453125, loss 2.4270453453063965, loss_emb: 8.059090614318848
(4717019136, 23710007296)
Train Epoch: 28 [21500/33236 (65%)], loss_enc: 28.74358367919922, loss 2.4594452381134033, loss_emb: 4.777230739593506
(4717019136, 23710007296)
Train Epoch: 28 [22000/33236 (66%)], loss_enc: 39.235015869140625, loss 2.258601427078247, loss_emb: 8.355323791503906
(4717019136, 23710007296)
Train Epoch: 28 [22500/33236 (68%)], loss_enc: 38.68963623046875, loss 2.6342549324035645, loss_emb: 10.480960845947266
(4717019136, 23710007296)
Train Epoch: 28 [23000/33236 (69%)], loss_enc: 39.60152053833008, loss 2.4684410095214844, loss_emb: 10.396491050720215
(4717019136, 23710007296)
Train Epoch: 28 [23500/33236 (71%)], loss_enc: 39.64167022705078, loss 2.591716766357422, loss_emb: 11.40542984008789
(4717019136, 23710007296)
Train Epoch: 28 [24000/33236 (72%)], loss_enc: 44.40705490112305, loss 2.949688673019409, loss_emb: 12.706084251403809
(4717019136, 23710007296)
Train Epoch: 28 [24500/33236 (74%)], loss_enc: 40.272029876708984, loss 2.9067747592926025, loss_emb: 9.858229637145996
(4717019136, 23710007296)
Train Epoch: 28 [25000/33236 (75%)], loss_enc: 32.866180419921875, loss 2.4272913932800293, loss_emb: 7.099165439605713
(4717019136, 23710007296)
Train Epoch: 28 [25500/33236 (77%)], loss_enc: 40.679481506347656, loss 2.863236904144287, loss_emb: 10.019373893737793
(4717019136, 23710007296)
Train Epoch: 28 [26000/33236 (78%)], loss_enc: 34.84791946411133, loss 2.387066602706909, loss_emb: 6.933106422424316
(4717019136, 23710007296)
Train Epoch: 28 [26500/33236 (80%)], loss_enc: 41.189918518066406, loss 2.546678066253662, loss_emb: 11.009161949157715
(4717019136, 23710007296)
Train Epoch: 28 [27000/33236 (81%)], loss_enc: 34.11599349975586, loss 2.5240790843963623, loss_emb: 7.412915229797363
(4717019136, 23710007296)
Train Epoch: 28 [27500/33236 (83%)], loss_enc: 38.57811737060547, loss 2.5865426063537598, loss_emb: 10.86027717590332
(4717019136, 23710007296)
Train Epoch: 28 [28000/33236 (84%)], loss_enc: 38.973968505859375, loss 2.441901683807373, loss_emb: 9.665380477905273
(4717019136, 23710007296)
Train Epoch: 28 [28500/33236 (86%)], loss_enc: 43.97606658935547, loss 2.935493230819702, loss_emb: 11.48516845703125
(4717019136, 23710007296)
Train Epoch: 28 [29000/33236 (87%)], loss_enc: 29.690811157226562, loss 1.9985231161117554, loss_emb: 6.751928806304932
(4717019136, 23710007296)
Train Epoch: 28 [29500/33236 (89%)], loss_enc: 42.89056396484375, loss 2.698923349380493, loss_emb: 13.14343547821045
(4717019136, 23710007296)
Train Epoch: 28 [30000/33236 (90%)], loss_enc: 33.2654914855957, loss 2.2062506675720215, loss_emb: 10.157355308532715
(4717019136, 23710007296)
Train Epoch: 28 [30500/33236 (92%)], loss_enc: 31.191627502441406, loss 2.8651933670043945, loss_emb: 5.468022346496582
(4717019136, 23710007296)
Train Epoch: 28 [31000/33236 (93%)], loss_enc: 40.14332962036133, loss 2.4475157260894775, loss_emb: 9.873778343200684
(4717019136, 23710007296)
Train Epoch: 28 [31500/33236 (95%)], loss_enc: 43.01128387451172, loss 2.6751952171325684, loss_emb: 13.086506843566895
(4717019136, 23710007296)
Train Epoch: 28 [32000/33236 (96%)], loss_enc: 46.664894104003906, loss 2.7842087745666504, loss_emb: 12.232454299926758
(4717019136, 23710007296)
Train Epoch: 28 [32500/33236 (98%)], loss_enc: 43.4053840637207, loss 2.6851999759674072, loss_emb: 10.83634090423584
(4717019136, 23710007296)
Train Epoch: 28 [33000/33236 (99%)], loss_enc: 31.948484420776367, loss 1.9943970441818237, loss_emb: 7.6423821449279785
----------------------------------------Epoch: 29----------------------------------------
(4717019136, 23710007296)
Train Epoch: 29 [0/33236 (0%)], loss_enc: 42.744773864746094, loss 2.8389508724212646, loss_emb: 11.353042602539062
(4717019136, 23710007296)
Train Epoch: 29 [500/33236 (2%)], loss_enc: 39.38232421875, loss 2.7759556770324707, loss_emb: 8.026782989501953
(4717019136, 23710007296)
Train Epoch: 29 [1000/33236 (3%)], loss_enc: 28.32309913635254, loss 2.3832273483276367, loss_emb: 6.082007884979248
(4717019136, 23710007296)
Train Epoch: 29 [1500/33236 (5%)], loss_enc: 35.59344482421875, loss 2.6572043895721436, loss_emb: 6.549314975738525
(4717019136, 23710007296)
Train Epoch: 29 [2000/33236 (6%)], loss_enc: 29.833187103271484, loss 2.9863736629486084, loss_emb: 3.724775791168213
(4717019136, 23710007296)
Train Epoch: 29 [2500/33236 (8%)], loss_enc: 37.65104675292969, loss 2.480924129486084, loss_emb: 11.389338493347168
(4717019136, 23710007296)
Train Epoch: 29 [3000/33236 (9%)], loss_enc: 34.571468353271484, loss 1.8733688592910767, loss_emb: 8.278986930847168
(4717019136, 23710007296)
Train Epoch: 29 [3500/33236 (11%)], loss_enc: 29.31501007080078, loss 2.295044422149658, loss_emb: 5.223964691162109
(4717019136, 23710007296)
Train Epoch: 29 [4000/33236 (12%)], loss_enc: 39.98507308959961, loss 2.7781264781951904, loss_emb: 8.93040943145752
(4717019136, 23710007296)
Train Epoch: 29 [4500/33236 (14%)], loss_enc: 49.103843688964844, loss 2.7550437450408936, loss_emb: 15.462404251098633
(4717019136, 23710007296)
Train Epoch: 29 [5000/33236 (15%)], loss_enc: 37.57003402709961, loss 2.376690149307251, loss_emb: 9.326104164123535
(4717019136, 23710007296)
Train Epoch: 29 [5500/33236 (17%)], loss_enc: 32.92733383178711, loss 2.414457082748413, loss_emb: 8.310805320739746
(4717019136, 23710007296)
Train Epoch: 29 [6000/33236 (18%)], loss_enc: 38.782981872558594, loss 2.4625203609466553, loss_emb: 9.059200286865234
(4717019136, 23710007296)
Train Epoch: 29 [6500/33236 (20%)], loss_enc: 38.94342803955078, loss 2.516698122024536, loss_emb: 7.804853916168213
(4717019136, 23710007296)
Train Epoch: 29 [7000/33236 (21%)], loss_enc: 44.35165023803711, loss 2.7143850326538086, loss_emb: 13.38254451751709
(4717019136, 23710007296)
Train Epoch: 29 [7500/33236 (23%)], loss_enc: 47.30935287475586, loss 2.8418586254119873, loss_emb: 12.228076934814453
(4717019136, 23710007296)
Train Epoch: 29 [8000/33236 (24%)], loss_enc: 36.81848907470703, loss 2.3047003746032715, loss_emb: 8.969280242919922
(4717019136, 23710007296)
Train Epoch: 29 [8500/33236 (26%)], loss_enc: 33.3106689453125, loss 2.2229738235473633, loss_emb: 8.800918579101562
(4717019136, 23710007296)
Train Epoch: 29 [9000/33236 (27%)], loss_enc: 31.521785736083984, loss 2.33255934715271, loss_emb: 8.02063274383545
(4717019136, 23710007296)
Train Epoch: 29 [9500/33236 (29%)], loss_enc: 40.82855224609375, loss 2.7791223526000977, loss_emb: 11.421030044555664
(4717019136, 23710007296)
Train Epoch: 29 [10000/33236 (30%)], loss_enc: 42.509864807128906, loss 2.9185500144958496, loss_emb: 12.246540069580078
(4717019136, 23710007296)
Train Epoch: 29 [10500/33236 (32%)], loss_enc: 38.400970458984375, loss 2.757176637649536, loss_emb: 7.947015285491943
(4717019136, 23710007296)
Train Epoch: 29 [11000/33236 (33%)], loss_enc: 33.074974060058594, loss 2.246049404144287, loss_emb: 8.065802574157715
(4717019136, 23710007296)
Train Epoch: 29 [11500/33236 (35%)], loss_enc: 42.53781509399414, loss 2.5909578800201416, loss_emb: 9.722671508789062
(4717019136, 23710007296)
Train Epoch: 29 [12000/33236 (36%)], loss_enc: 53.456939697265625, loss 2.7216637134552, loss_emb: 18.694440841674805
(4717019136, 23710007296)
Train Epoch: 29 [12500/33236 (38%)], loss_enc: 33.57474136352539, loss 2.3768107891082764, loss_emb: 5.881475448608398
(4717019136, 23710007296)
Train Epoch: 29 [13000/33236 (39%)], loss_enc: 39.72853088378906, loss 2.8939638137817383, loss_emb: 8.511767387390137
(4717019136, 23710007296)
Train Epoch: 29 [13500/33236 (41%)], loss_enc: 42.9027214050293, loss 2.4756336212158203, loss_emb: 14.364890098571777
(4717019136, 23710007296)
Train Epoch: 29 [14000/33236 (42%)], loss_enc: 45.22920227050781, loss 2.8075199127197266, loss_emb: 12.133207321166992
(4717019136, 23710007296)
Train Epoch: 29 [14500/33236 (44%)], loss_enc: 40.12038803100586, loss 2.6976990699768066, loss_emb: 9.995259284973145
(4717019136, 23710007296)
Train Epoch: 29 [15000/33236 (45%)], loss_enc: 37.1583137512207, loss 2.6534788608551025, loss_emb: 9.636900901794434
(4717019136, 23710007296)
Train Epoch: 29 [15500/33236 (47%)], loss_enc: 37.80706024169922, loss 2.237117052078247, loss_emb: 8.185064315795898
(4717019136, 23710007296)
Train Epoch: 29 [16000/33236 (48%)], loss_enc: 31.386430740356445, loss 2.259716272354126, loss_emb: 7.501527309417725
(4717019136, 23710007296)
Train Epoch: 29 [16500/33236 (50%)], loss_enc: 35.99428176879883, loss 2.5276145935058594, loss_emb: 8.018936157226562
(4717019136, 23710007296)
Train Epoch: 29 [17000/33236 (51%)], loss_enc: 32.42811584472656, loss 2.6981723308563232, loss_emb: 4.45588493347168
(4717019136, 23710007296)
Train Epoch: 29 [17500/33236 (53%)], loss_enc: 41.92000961303711, loss 2.761747121810913, loss_emb: 9.499290466308594
(4717019136, 23710007296)
Train Epoch: 29 [18000/33236 (54%)], loss_enc: 40.01838302612305, loss 2.5066444873809814, loss_emb: 10.516385078430176
(4717019136, 23710007296)
Train Epoch: 29 [18500/33236 (56%)], loss_enc: 28.644676208496094, loss 2.0417299270629883, loss_emb: 4.891717433929443
(4717019136, 23710007296)
Train Epoch: 29 [19000/33236 (57%)], loss_enc: 36.37196731567383, loss 2.5195846557617188, loss_emb: 8.803306579589844
(4717019136, 23710007296)
Train Epoch: 29 [19500/33236 (59%)], loss_enc: 30.076656341552734, loss 2.236560821533203, loss_emb: 7.114704132080078
(4717019136, 23710007296)
Train Epoch: 29 [20000/33236 (60%)], loss_enc: 24.211009979248047, loss 1.6112593412399292, loss_emb: 4.3976335525512695
(4717019136, 23710007296)
Train Epoch: 29 [20500/33236 (62%)], loss_enc: 39.34063720703125, loss 2.47900390625, loss_emb: 9.132490158081055
(4717019136, 23710007296)
Train Epoch: 29 [21000/33236 (63%)], loss_enc: 32.978694915771484, loss 2.412168025970459, loss_emb: 5.125396251678467
(4717019136, 23710007296)
Train Epoch: 29 [21500/33236 (65%)], loss_enc: 33.21103286743164, loss 2.353771686553955, loss_emb: 8.044642448425293
(4717019136, 23710007296)
Train Epoch: 29 [22000/33236 (66%)], loss_enc: 40.300994873046875, loss 2.6128242015838623, loss_emb: 9.267966270446777
(4717019136, 23710007296)
Train Epoch: 29 [22500/33236 (68%)], loss_enc: 32.37274932861328, loss 2.2351999282836914, loss_emb: 6.922554016113281
(4717019136, 23710007296)
Train Epoch: 29 [23000/33236 (69%)], loss_enc: 36.471038818359375, loss 2.8571646213531494, loss_emb: 6.763830661773682
(4717019136, 23710007296)
Train Epoch: 29 [23500/33236 (71%)], loss_enc: 33.338279724121094, loss 1.9293092489242554, loss_emb: 8.112005233764648
(4717019136, 23710007296)
Train Epoch: 29 [24000/33236 (72%)], loss_enc: 35.955875396728516, loss 2.4881551265716553, loss_emb: 7.317694187164307
